:020000040800F2
:1000000000400220F14C0108814D01081134010823
:1000100000000000000000000000000000000000E0
:10002000000000000000000000000000778D0108C3
:100030000000000000000000818E0108FD3301086F
:10004000814D0108814D0108814D0108814D010854
:10005000814D0108814D0108814D0108814D010844
:10006000814D0108D9370108F93701084D380108D9
:10007000814D0108814D0108814D0108814D010824
:10008000814D0108814D0108814D0108814D010814
:10009000814D0108814D0108814D0108814D010804
:1000A000814D0108814D0108814D0108C5340108C9
:0C00B000713501081D360108814D010862
:1000C00010B5064C2378002B07D1054B002B02D02E
:1000D000044800E000BF0123237010BD2809002060
:1000E00000000000A4870208044B10B5002B03D0C9
:1000F0000349044800E000BF10BDC04600000000F6
:100100002C090020A487020802780B78002A03D06B
:10011000013001319A42F7D0D01A70470023C25CF7
:100120000133002AFBD1581E7047000002B471460B
:1001300049084900095C49008E4402BC7047C0462A
:1001400003B47146490840004900095A49008E44E9
:1001500003BC7047002243088B4274D303098B42CF
:100160005FD3030A8B4244D3030B8B4228D3030C87
:100170008B420DD3FF22090212BA030C8B4202D329
:100180001212090265D0030B8B4219D300E0090A51
:10019000C30B8B4201D3CB03C01A5241830B8B425A
:1001A00001D38B03C01A5241430B8B4201D34B0343
:1001B000C01A5241030B8B4201D30B03C01A5241A8
:1001C000C30A8B4201D3CB02C01A5241830A8B422D
:1001D00001D38B02C01A5241430A8B4201D34B0216
:1001E000C01A5241030A8B4201D30B02C01A52417A
:1001F000CDD2C3098B4201D3CB01C01A524183092E
:100200008B4201D38B01C01A524143098B4201D367
:100210004B01C01A524103098B4201D30B01C01A92
:100220005241C3088B4201D3CB00C01A524183080C
:100230008B4201D38B00C01A524143088B4201D339
:100240004B00C01A5241411A00D201465241104699
:100250007047FFE701B5002000F0F0F802BDC0468E
:100260000029F7D076E7704703460B437FD400227E
:1002700043088B4274D303098B425FD3030A8B423A
:1002800044D3030B8B4228D3030C8B420DD3FF22A4
:10029000090212BA030C8B4202D31212090265D072
:1002A000030B8B4219D300E0090AC30B8B4201D325
:1002B000CB03C01A5241830B8B4201D38B03C01A6C
:1002C0005241430B8B4201D34B03C01A5241030BE3
:1002D0008B4201D30B03C01A5241C30A8B4201D394
:1002E000CB02C01A5241830A8B4201D38B02C01A3F
:1002F0005241430A8B4201D34B02C01A5241030AB6
:100300008B4201D30B02C01A5241CDD2C3098B429A
:1003100001D3CB01C01A524183098B4201D38B0117
:10032000C01A524143098B4201D34B01C01A5241BA
:1003300003098B4201D30B01C01A5241C3088B42FF
:1003400001D3CB00C01A524183088B4201D38B00EA
:10035000C01A524143088B4201D34B00C01A52418C
:10036000411A00D201465241104670475DE0CA0F63
:1003700000D04942031000D34042534000229C4623
:1003800003098B422DD3030A8B4212D3FC2289012D
:1003900012BA030A8B420CD3890192118B4208D303
:1003A000890192118B4204D389013AD0921100E065
:1003B0008909C3098B4201D3CB01C01A5241830979
:1003C0008B4201D38B01C01A524143098B4201D3A6
:1003D0004B01C01A524103098B4201D30B01C01AD1
:1003E0005241C3088B4201D3CB00C01A524183084B
:1003F0008B4201D38B00C01A5241D9D243088B42A1
:1004000001D34B00C01A5241411A00D20146634643
:1004100052415B10104601D34042002B00D54942A7
:10042000704763465B1000D3404201B5002000F0E6
:1004300005F802BD0029F8D016E770477047C0469E
:100440008446100062468C461900634600E0C046B0
:100450001FB501F03BFE002801D40021C8421FBD9A
:1004600010B501F07BFD4042013010BD10B501F028
:100470002DFE002801DB002010BD012010BDC0466C
:1004800010B501F023FE002801DD002010BD012081
:1004900010BDC04610B501F0A5FD002801DC00200C
:1004A00010BD012010BDC04610B501F09BFD002815
:1004B00001DA002010BD012010BDC04684460800AE
:1004C0006146FFE71FB500F0DDFC002801D40021E4
:1004D000C8421FBD10B500F05DFC4042013010BDA8
:1004E00010B500F0CFFC002801DB002010BD01207A
:1004F00010BDC04610B500F0C5FC002801DD00208D
:1005000010BD012010BDC04610B500F06BFC0028E6
:1005100001DC002010BD012010BDC04610B500F068
:1005200061FC002801DA002010BD012010BDC0468A
:10053000002B11D1002A0FD1002900D1002802D0B0
:100540000021C943080007B4024802A140180290E4
:1005500003BDC046E9FEFFFF03B4684601B502983B
:1005600000F0A2F8019B9E4602B00CBC7047C0464A
:10057000F0B5CE469946030C9C46130447461B0C27
:100580001D000E0061460404240C80B50700100C09
:100590004B436543414360432C0CC01824188C46E0
:1005A000A34203D980235B029846C4444946794359
:1005B0005643230C2D042D0C89196344240460191F
:1005C000C918C0BCB946B046F0BDC04670B50022DF
:1005D0000C4B04000D00FFF767FF002804D120003A
:1005E000290002F06BFC70BD064B002220002900A0
:1005F00002F0A6F802F062FC80231B069C466044D1
:10060000F1E7C0460000E04170B50022002304007D
:100610000D00FFF72BFF002808D12000290000F073
:100620000FF802000B001000190070BD80231B069C
:10063000E918200000F004F8002342428B41F2E761
:1006400070B500220B4B0D00040001F0B1FDFFF767
:10065000BDFF060002F09CFC0022074B01F0A8FD44
:1006600002000B002000290002F06AF8FFF7AEFF3D
:10067000310070BD0000F03D0000F04170B5060093
:10068000080002F057FC0022064B01F091FD0D001E
:100690000400300002F07CFC2B00220000F0E0FDA2
:1006A00070BDC0460000F041F0B557464E46454685
:1006B000DE46E0B504000D009246994683B08B42B9
:1006C00030D82DD04946504602F070FD2900060072
:1006D000200002F06BFD331A9846203B34D49B4631
:1006E00053465A46934042461F00534693401E00CD
:1006F000AF423BD8AF4200D179E05B46A41BBD417D
:10070000002B00DA76E000220023009201930123FF
:100710005A4693400193012342469340009329E0B7
:100720008242CFD900220023009201930C9B002B20
:1007300001D01C605D600098019903B0F0BCBB461D
:10074000B246A946A046F0BD42469B4620239B1ACE
:100750005246DA40414613004A468A401700424654
:100760001F43534693401E00AF42C3D900220023CB
:10077000009201934346002BD8D0FB0772081A431E
:1007800046467B080EE0AB4201D1A2420CD8A41A27
:100790009D41012024196D410021013E24184D4145
:1007A000002E06D0AB42EED9013E24196D41002E39
:1007B000F8D1009801995B4600196941002B24DBB0
:1007C0002B005A464446D3402A00E2401C005B46B8
:1007D0001500002B2ADB26009E40330026004746EA
:1007E000BE403200801A9941009001919EE7A342D9
:1007F000BCD882E74246202300219B1A00220091A8
:1008000001920122DA40019285E7424620239B1A99
:100810002A0046469A402300F340444613432A00E8
:10082000E2401C005B461500002BD4DA42462F0044
:100830002023260097409B1ADE403B003343CDE740
:10084000F8B5CE46474643025A0A4E024500C40F49
:10085000480091462D0E720A000E944680B59B0901
:10086000C90FB6092A1A8C4221D0002A0DDD0028B2
:100870002DD1002E00D18DE0511E012A00D11DE1A5
:10088000FF2A00D1ABE00A0027E0002A4DD0421B2E
:10089000002D00D0CCE0002B00D179E0541E012ABD
:1008A00000D128E1FF2A00D197E02200C5E0002A0C
:1008B00000DC96E000284FD0FF2D00D18FE0802192
:1008C000C9040E431B2A51DD2A00013318E0FF2D15
:1008D00000D184E08021C9040E4301211B2A08DCD9
:1008E00031002020D140821A96403200501E8241B1
:1008F00011435B1A5A0159D407212A00194049D0E3
:100900000F211940042900D00433590142D5501C4D
:10091000FE2A3AD09B01C0B25B0AC0051843E40727
:100920002043C0BCB946B046F8BDFE2080466F1CCF
:1009300038004746074200D08EE0002D00D0B4E0DA
:10094000002B00D1DBE0002E6CD0981B450100D4B9
:10095000F7E00C00F31A3DE0002E1BD0511E012AD7
:1009600000D182E0FF2A3AD00A00ABE73100202014
:10097000D140821A96403200501E82410A439B1891
:100980005A01B9D56A1CFE2D75D1FF200023C4E79A
:100990000C003300DB08FF2A46D1002BF5D0802263
:1009A000D20313435B02FF205B0AB6E79F01BF0936
:1009B000380002F0DDFB05388740854224DC3B002F
:1009C0002021421B0132D3408A1A97407A1E974158
:1009D00000223B43590793D197E70C003300DB0813
:1009E000DBE7002A14D0421B002D4BD1002BD0D0C6
:1009F000511E012A00D19EE0FF2AEFD00A001B2AD7
:100A00005FDD0200731C7BE7504B2A1A3B40E1E795
:100A1000FE216A1C11423BD1002D5DD1002B7FD0FD
:100A2000002E7FD10022DB085B025B0AD0B274E7A4
:100A3000FF28D2D08024E404234301241B2A07DCAE
:100A40001C002025D440AA1A93405A1E93411C43EF
:100A5000331B05000C004DE79F1B7A0122D4002FA9
:100A6000A6D100240020002357E79B19012501325D
:100A7000590100D440E70121354819405B08034083
:100A80000B43A7E7FF28A9D08021C9040B43B6E791
:100A9000FF2A00D179E79B195B08590700D02FE79F
:100AA000DB08C1E70C00F71A82E7002B2CD1002EDF
:100AB00093D180230024FF20DB032EE701259B1B1D
:100AC00018E719002025D140AA1A93405A1E9341D5
:100AD0000B4305009B1953E7002B00D17EE7002E46
:100AE00000D17CE78022D203914502D3944500D205
:100AF0003300DB0853E70C00F31A0135FAE6002E49
:100B0000AFD00C0033008DE7002E00D167E78022C4
:100B1000D2039145EDD39445EBD20C003300E8E7C6
:100B200033007FE79B1900225901B9D5074A1340CA
:100B3000DB08012278E79B190132013559019AD46B
:100B4000DAE6031E8DD0DB086EE7C046FFFFFFFB31
:100B5000FFFFFF7DF0B54F464646D6464402C0B57E
:100B600047000E1C640A3F0EC50F002F3CD0FF2F1C
:100B700042D00023802299469A46E400D2041443CE
:100B80007F3F73025B0A984673001B0EF60F002B23
:100B90001BD0FF2B13D042468021D200C904114341
:100BA000884600207F3B2900FF1A4B467140C9B29E
:100BB0000F2B00D9B5E0744A9B00D3589F4643469B
:100BC000002B3FD1FF3F023303E04346002B2DD1E2
:100BD000012329004A467140C9B21A430E2A38D867
:100BE0006A48920082589746002C13D104239946F4
:100BF000033B00279A46C4E7002C05D108239946F9
:100C0000063BFF279A46BCE70C239946093BFF2782
:100C10009A46B6E7200002F0ABFA7627431F9C40C5
:100C200000237F4299469A463F1AAAE7404602F0BF
:100C30009FFA4246431F9A4076235B421B1A904616
:100C40000020B0E703234A461A4391460320FC33B1
:100C5000A9E70D00FF200022C005ED07104328433F
:100C6000E0BCBA46B146A846F0BD0D000020002207
:100C7000F2E75346022BEDD0032B33D0A046012BD5
:100C800005D100200022E7E7350003287AD03B0099
:100C90007F33002B2DDD4246520707D00F224146FD
:100CA0000A40042A02D004229446E044424612013B
:100CB00005D54246364B1A403B0090468033FE2B0A
:100CC000C8DC42469201520AD8B2C5E7802200250C
:100CD000FF20D203C0E78022D203144202D0434651
:100CE000134249D08022D20322435202FF20520AEB
:100CF000B2E70122D31A1B2BC3DC4246DA4043463B
:100D00009E37BB40591E8B411A43530704D00F2313
:100D10001340042B00D00432530129D501200022B6
:100D20009AE7424663015501AB4215D21B200022CF
:100D3000013F01261C0052005B00002C01DB9D429C
:100D400001D85B1B324301380028F3D1581E834180
:100D5000134398460D009AE71A2001225B1BE8E72F
:100D6000023B5A4253415B4235000022D8B273E73E
:100D700092010020520A6FE71A4352023500FF2009
:100D8000520A69E74446ADE768B80208A8B8020805
:100D9000FFFFFFF770B542004E024C0045026D0A9E
:100DA000120EC30F760A240EC90FFF2A10D0FF2C93
:100DB0000CD00120A2420AD1B54208D18B420FD0FB
:100DC000002A04D12800431E984100E0012070BD94
:100DD0000120FF2CFBD13543F9D14B401800F6E739
:100DE0000020F4E730B5420044024D02C30F480032
:100DF000640A120E6D0A000EC90FFF2A19D0FF28CF
:100E00000BD0002A1ED100280BD1002D27D0002C9A
:100E100034D100292FD0080030BD002D28D1002A60
:100E200001D1002CF5D08B4207D1002B23D0180024
:100E3000F2E7002C1CD1FF2814D0581E02231840C2
:100E40000138E9E70028F8D08B42F6D18242F4DC81
:100E5000EBDBAC42F1D80020AC42DDD2E5E7002C60
:100E6000DAD0EAE7002D03D18B42E6D10020D3E7A8
:100E700002204042D0E701204042CDE78B42E8D03B
:100E8000DBE7C04630B5420044024D02C30F4800C4
:100E9000640A120E6D0A000EC90FFF2A1AD0FF282D
:100EA0000ED0002A1ED100280ED1002D2AD0002CF1
:100EB0000CD08B421DD0581E02231840013810E080
:100EC000002D0DD1002A20D1002C1ED1002923D0C5
:100ED000080006E0002C03D1FF28ECD1002D17D02C
:100EE000022030BD0028E6D08B42E4D18242E2DC11
:100EF00004DBAC42DFD80020AC42F2D2002B0BD096
:100F00001800EEE7002CECD0D5E78B42D3D1F5E703
:100F100000208B42E5D0CEE701204042E1E7C04609
:100F2000F0B54F464646D64643025B0A4500C0B57B
:100F300099460F1C2D0EC60F002D00D188E0FF2D05
:100F400000D18DE08022DB00D2041A4300239146B9
:100F500098469A467F3D7C027B00640A1B0EFF0F79
:100F6000002B68D0FF2B21D08022E400D204144350
:100F700042467F3B5B1900215D1C0A2A2EDC7E4025
:100F80004246022A23DC013A012A00D9BDE00229A7
:100F90006ED001292CD100200022C005F607104395
:100FA0003043E0BCBA46B146A846F0BD2B00FF3343
:100FB000002C65D00322414611433200013588469A
:100FC0007A40FF350A2900DDD8E0160003214046AB
:100FD00001228240A620C000024220D05346022BAC
:100FE00046D0032B00D1BBE051464C460129D2D05C
:100FF0002B007F33002B70DD620704D00F222240CC
:10100000042A00D00434220103D5634B1C402B007A
:101010008033FE2B2CDCA201520AD8B2BDE790200F
:101020008000024227D1B938FF3810426DD03E000F
:10103000A1468A46D2E7002C41D1012342461A43F9
:1010400090462B00424601215D1C0A2A97DDC5E728
:10105000002B26D104239846033B00259A467AE7C5
:10106000002B18D108239846063BFF259A4672E7C5
:10107000FF20002291E780220026FF20D2038CE788
:1010800041460222013511438846FF350A29A5DC75
:1010900002217E4074E70C239846093BFF259A46BF
:1010A00059E7180002F064F84A46431F76259A4033
:1010B00000236D42914698469A462D1A4BE7200030
:1010C00002F056F84246431F9C402B1A763B002103
:1010D0005D1C0A2A00DC52E780E70122D31A1B2B91
:1010E00000DD58E79E352200AC40DA40631E9C418B
:1010F0002243530704D00F231340042B00D00432A3
:10110000530137D50120002247E7210C4A46240429
:10111000240C2700100C1204120C4443574348437C
:1011200051433A0C09195218944203D980214902BB
:101130008C4660443F0411043F0CC9198C01671EA2
:10114000BC41120C890E12180C4392011443120177
:101150000ED5012362081C40144349E73E00A14616
:1011600080224B46D2031A435202FF20520A14E750
:101170001D003DE792010020520A0EE70F29EDD134
:1011800080224B46D2031342EAD01442E8D13E00FB
:10119000FF20224301E7C046FFFFFFF743024A0258
:1011A000400049005B0A520A090E000EFF2806D0D3
:1011B0000020FF2902D1531E9A4110007047FE38CB
:1011C000002BFBD1F4E7C04670B5002813D0C3173D
:1011D000C5185D40C40F280001F0CAFF9E2301001E
:1011E0001B1A962B0FDC082834D008398D406D026D
:1011F0006D0AD8B202E0002400200025C005284373
:10120000E407204370BD992B16DC421F052800D04F
:1012100095402A00114802406E0709D00F2635403C
:10122000042D05D00432550102D59F2302405B1ADC
:101230009201550AD8B2E1E70522121A2800D040DF
:10124000020008001B3085402800451EA8410243CB
:101250001500DEE76D0296206D0ACFE7FFFFFFFB6A
:10126000F0B557464E464546DE46E0B583B00090A1
:1012700001910C034F00CE0F610A009C1D03640F07
:101280000C43009900920193C80059004B0D9946F8
:10129000009A019B6D0AD90F530F2B439A46009B6E
:1012A0007F0DDA0094464A46B046BA1A8E4200D103
:1012B000B0E0002A00DC78E04946002900D1E9E0EE
:1012C000C9498F4200D195E10125382A16DC8021D9
:1012D000534609040B439A461F2A00DDE7E120210B
:1012E00055468B1A61469D40D1400D436146994059
:1012F0004B1E99415346D3400D43E41A451BA84267
:1013000080414042241A230200D40FE16402640A9F
:10131000002C00D139E1200001F02AFF0300083B36
:1013200020212800CA1AD0409C4002009D40224340
:101330009F4200DD73E1D81B0130091A2C008D405B
:10134000C4406B1E9D411300C2408B4025430027C3
:1013500014001D436B0709D00F232B40042B05D02D
:101360002B1DAB42AD416D4264191D00230200D418
:101370002DE19D4A0137974200D1D3E046469B4973
:10138000ED0821404A072A437C054D022D0B640DD0
:1013900024052C43F60734431000210003B0F0BCB1
:1013A000BB46B246A946A046F0BD002A00D184E063
:1013B0004A46D21B002F00D06DE12500054300D125
:1013C00027E1561E012A00D13BE2874DAA4200D1F7
:1013D0006AE20125382E12DC32001F2A00DDF8E116
:1013E00020262500B61A07005346B040D440B54029
:1013F000D740461EB0411B1B9A463D4305436246FB
:10140000551BAC459241534652420E004F4688460A
:101410009C1A78E7002A00DC8EE04946002975D145
:1014200061465346194300D1F6E0511E012A00D10E
:1014300091E16D4DAA4200D1DCE00125382914DC90
:101440000A001F2A00DDA2E120215346891A8B40A1
:101450001D006346D3401D4363468B4019004B1E5D
:1014600099415346D3400D43E4182D1885428041DD
:1014700040422418230259D55B4B01379F4251D07B
:1014800001215A4B6A081C4029400A43E5071543CD
:1014900064085FE761465346194300D1BCE0511E22
:1014A000012A00D164E1504DAA4200D16AE1012530
:1014B000382900DD22E70A000EE74D4A7D1C15425F
:1014C00000D0D0E025006246534605431A43002F62
:1014D00000D037E1002D00D1A8E1002A00D16AE157
:1014E0006346C51A5346E21AA8429B415B42D31A8F
:1014F0001A0200D403E263461D1AAC4592415346DA
:1015000052421C1B0E008846A41A23E736498F421C
:1015100070D00125382AA8DC8021534609040B43EA
:101520009A468EE73C000025002231E707232B4036
:10153000002B00D010E793E0002A74D04A46D21B5B
:10154000002F00D1C7E02849894500D185E1012558
:10155000382A12DC802109040C431F2A00DDABE18C
:1015600020212500891A070088408D40D740411E60
:101570008841D4403D430543A244654465459241BA
:101580005242524414004F4674E7280001F0F0FD27
:10159000030018331F2B00DCC2E62A000838824003
:1015A0009F4200DDA9E0DB1B581C1F2800DCACE1DA
:1015B00015001F3BDD40202805D040231B1A9A4010
:1015C000531E9A411543072300272B40B0E7ED082F
:1015D000054B62072A43E4089F420FD02403250BE2
:1015E0007C05640DD4E6C046FF070000FFFF7FFFC7
:1015F000FE070000C00862070243E408130023430B
:1016000000D186E180252D0325432D03C34C2D0BEE
:10161000BEE6604654460E001700C508D8E7C04C29
:10162000FF1A144096E6BF4A791C11426BD1220082
:101630000243002F00D0DBE0002A00D12DE16246FA
:1016400053461A4300D1B6E06346C518854280412F
:10165000544440422418230202D50F00B04B1C40D2
:101660003A002800D8E76246851AA84292415346BC
:1016700052429146E31A1A004B46D21A1300914681
:101680001A0254D44A464C462A4300D040E600266B
:10169000002400257CE6A14DA94500D190E001255C
:1016A000382A00DDABE680252D042C4395E6110099
:1016B00055462039CD40A946202A06D04021534620
:1016C0008A1A934062461A43944665466B1E9D41B2
:1016D0004B461D4312E62100014300D1C4E0511ED8
:1016E000012A00D1FBE08D4DAA4200D1B5E00125D1
:1016F000382900DD41E70A002FE7894CFF1A144022
:101700006207E4086AE7854A914200D1E3E0634654
:10171000C218824280412300404253441B18DD0717
:101720005C080723520815430F002B4000E763466F
:101730001D1AAC459241534652421C1B0E0088466E
:10174000A41AE5E5002D00D091E0002A38D18024CC
:101750000026240356E76346C51885428041544459
:10176000404224180127230200D4DFE6022787E63F
:101770006346C51AA842804153464042E41A0127F5
:10178000241AC0E56207C0080243E40836E71100E6
:1017900053462039CB409946202A06D04021534653
:1017A0008A1A934062461A43944665466B1E9D41D1
:1017B0004B461D4359E66207C0080243E4080DE7A3
:1017C00053465A076346D80853460E000243DC08C6
:1017D00014E715002600203DEE40202A03D04025C6
:1017E000AA1A94402043421E90410500354306E664
:1017F000002A7CD062465346C0081A4300D1FAE65C
:10180000620710438022E4081203144208D0D9086A
:10181000114205D16346D80853460C005B071843B4
:10182000420FC000C00852070243E7E6002A00D179
:101830002DE76346D80853465A070E000243DC08DA
:10184000CCE663461D1AAC459241534652421C1BDE
:101850000E008846A41A013755E56346D908534659
:101860005A070A43DC08C9E660465446D4E6C00875
:10187000002A00D1BFE6620710438022E408120369
:101880001442CDD0DD081542CAD16346D80853466C
:101890005B070E002C001843C2E76346D908534685
:1018A0005A070A43DC0899E66346D80853465A07A4
:1018B0000E000243DC08A1E6110027002039CF40CA
:1018C000202A03D040218A1A94402043421E90418E
:1018D00005003D4351E60C000025002258E5604418
:1018E00060459241544452420500A4183AE75346D9
:1018F0005A076346D90853460A43DC087EE61A00B5
:101900001C002A4300D0ABE6C1E620210025091ABD
:1019100019E500220025014C3AE5C046FF0700000A
:10192000FFFF7FFFFE070000F0B5DE464546574645
:101930004E46E0B587B0009201930B031B0B9B460C
:10194000CA0F4B00040080465B0D029200D16AE191
:10195000D44A934200D18CE15946420FC9000A4350
:10196000802109041143C2009046CF4A894692461D
:101970009A44002300240393009E019F3B031B0B0A
:101980009B467B0030005B0DFD0F002B00D128E152
:10199000C44A934200D177E15946720FC9000A4305
:1019A0008021090411438B46BF49F2008C46514601
:1019B0006344CB1A9A460023029E6E400F2C27D810
:1019C000BA49A40009598F46CB464246029E039B62
:1019D000022B16D0032B00D1A6E2012B00D0DFE0B2
:1019E00000220023002490461B052343F6073343BF
:1019F0004046190007B0F0BCBB46B246A946A04617
:101A0000F0BD002200249046A64BEDE72E00DFE754
:101A1000CB4500D2D4E100D1CFE101235B429C460B
:101A2000444648460027E2445B46150E1B021D4310
:101A3000190C2B04120200951D0C9146029103957E
:101A4000FEF70EFC02006A430B04210C804619438A
:101A50008A4209D9009D0123AC465B4261449C4601
:101A6000E0448D4200D8FBE1881A0299FEF7F8FBAA
:101A7000039A240442430904240C03000C43A242A9
:101A800006D90099013B8C466444A14200D8E1E1AB
:101A9000A01A424612041A4393464B4659461B0C61
:101AA0001D0004930B0449460904090C0C001B0C8F
:101AB0005C43120C6B43884651436A43250CAC4689
:101AC0005B186344994203D9802149028C466244E1
:101AD000190C24041B04240C8A181C19904202D3EC
:101AE00016D1A74214D25B46009D013B4F4405939B
:101AF0004F459B41AC465B426344C018854200D3CE
:101B0000A1E1824200D9F6E100D1F1E1059B9B46BB
:101B10003C1BA742BF41009D801A7F42C01B8542EB
:101B200000D1D0E10299FEF79BFB039A0B044243DC
:101B3000210C070019438A4200D978E1881A0299DA
:101B4000FEF78EFB039A240442430904240C03008D
:101B50000C43A24200D95DE14146A41A3A041A435B
:101B6000049D13041B0C594347466B439C46100CC1
:101B700047430B0CBC44634468439F4203D9802510
:101B80006D02AC4660441F0C09041B04090C3F188D
:101B90005B18BC4200D202E100D1FDE001231A43F0
:101BA000434B5344002B00DCAEE0510700D098E1DA
:101BB0005946C90106D559463E4B194080238B46EC
:101BC000DB0053443C498B4200DD1AE75946D208FA
:101BD000490711435A465B0554028846240B5B0DA6
:101BE00002E75A46009B1A4300D17EE05B46002B79
:101BF00000D100E1584601F0BBFA020003000B3AA5
:101C00001D27009EBA1A19005846D6400839884048
:101C1000320002439346009A8A40284953448A4638
:101C20009A440023C8E65B460343994656D05B4678
:101C3000002B00D1CDE0584601F09AFA0B235B420D
:101C40009C460200844466461D239B1B260011000F
:101C50005846DE4008398840330003439946230044
:101C60008B409846164B00249B1A9A4600230393F8
:101C700082E65A46024391462AD100229A4602231E
:101C800090460824039377E65A46009B1A430D4B6F
:101C90009C46E244002A17D102231C4300239B46A2
:101CA000023389E6FF07000001FCFFFFE4B80208E9
:101CB000FF030000FFFFFFFEFE070000F30300002C
:101CC0000DFCFFFF01F8FFFF032332001C4373E606
:101CD0009A460323D9460C2403934DE600239846E5
:101CE0009A4601330424039346E601231C43002350
:101CF0009B46013360E60023802498460026924BE1
:101D0000240371E6012252420121C91A382900DD5B
:101D100066E61F2900DCABE01F204042C31A58468C
:101D2000D8400300202904D05846884951448840AF
:101D30000243511E8A411A4307231900002411400F
:101D400013420CD00F231340042B00D1F9E0111DD6
:101D500091429B410A005B4259075B021C0BD2086F
:101D60000A43904600233FE680244B462403234247
:101D700009D05B46234206D11C4324032E00904623
:101D8000714B240B30E680244B4624031C43240370
:101D9000029E6D4B240B27E6002B00D100E7009834
:101DA000511E84466444844200D284E0BC4200D286
:101DB000AEE000D1C1E00A00F0E6424500D92CE6D1
:101DC0004B46DC07580843465B081C434346DF0785
:101DD0002AE601F0CDF915239C46844402006346AF
:101DE00020321C2B00DC2EE7230008388340994664
:101DF0000023984636E701F0BBF9020003001532D4
:101E000020331C2A00DCFBE60099083881400022C0
:101E10008B4602E70099013B8C466444A14200D9FD
:101E20009AE6A24200D897E6831E644494E6AC4644
:101E30006144013F8D4200D980E68A4200D87DE6A8
:101E4000871E61447AE6854200D05FE6B94500D935
:101E50005CE656E6A24200D81AE6831E644417E602
:101E60008A4200D800E6AC46831E98466144FBE5F2
:101E700037481400504482405B4617008340CC40F2
:101E80007A1E974123433B431A005B46CB405107E0
:101E900009D00F211140042905D0111D9142924112
:101EA00052429B180A00190200D455E70022012370
:101EB0000024904698E50A00BC4200D06EE64B45EF
:101EC00000D06BE66CE6234B234A5344924500DA7C
:101ED00018E7012149420A1D8A42894149428B443F
:101EE00066E60F211140042900D161E61100F2E7F6
:101EF000BC4200D80AE602235B429C4600994F444C
:101F00004F459B41E3448C465B426344C018FFE568
:101F10004946009D480048458941AC4649426144D4
:101F20008146023A6418C7E780245B4624031C43B9
:101F300024039046044B240B56E59945E8D30A0048
:101F4000BDE7002308E7C046FF0700003E0400008D
:101F50001E040000FF03000002FCFFFFF0B557461F
:101F6000DE464E464546E0B50D000400E80F8346C8
:101F70000903D80F090B824619488C461F036900D4
:101F80005E00490D3F0B760D814218D086420FD07E
:101F90000120B1420DD1BC450BD1944209D1D345AA
:101FA0001CD0002905D160462043431E984100E023
:101FB0000120F0BCBB46B246A946A046F0BD0120B8
:101FC0008E42F6D1614639430F0017432743F0D1C3
:101FD0005B465246981A431E9841EAE70020E8E71C
:101FE000FF070000F0B557464E464546DE46E0B5D1
:101FF0000D000F03390B83B0040080460191580097
:10200000E90F314F400D8C466E0019038246914610
:10201000760D090BD80FBE421FD0BA450FD0002E47
:102020002FD15546019E3443002D27D10A433AD083
:10203000002C45D100281AD10120404217E011435D
:102040003BD1002E02D1019F2743F3D0844509D113
:102050006346002BF0D0604609E0019F27432CD156
:10206000B24524D063460220013B1840013803B03A
:10207000F0BCBB46B246A946A046F0BD002CD9D064
:10208000E4E75446002CEDD08445EBD15645E9DC1D
:10209000DEDB019B8B42E5D8DAD1C845E2D80020CF
:1020A000C845E4D2D4E70020002CE0D0DAE71143A1
:1020B00003D18445D6D10020D9E702204042D6E79B
:1020C0008445E6D0CEE7C046FF070000F0B557468E
:1020D0004E464546DE46E0B50D000F03040080463F
:1020E000E80F390B844683B05800304F400D019102
:1020F0001E03690082469146490D360BD80FB9423E
:1021000020D0BA450FD000292BD101990C4351465C
:10211000002937D1324338D0002C44D1002819D1BE
:102120000120404216E0164313D1002902D1019F3D
:102130002743F3D0844520D063460220013B18405A
:10214000013807E0019F274303D18A45F4D11643A4
:102150001FD0022003B0F0BCBB46B246A946A04641
:10216000F0BD5446002CE7D08445E5D15145E3DC71
:1021700003DB019BB342DFD80FD06346002BCFD0E7
:102180006046E7E7002CC9D0D4E70020002CE1D05E
:10219000D2E78445D0D10020DCE7C845CCD8002068
:1021A000C845D7D2E9E78445E3D0C5E7FF0700007B
:1021B000F0B55746DE464E464546E0B51F000B03D8
:1021C0001B0B16009A46CA0F4B000400934687B0BB
:1021D0005B0D00D1D5E0BB4A934200D1F8E05146F7
:1021E000420FC9000A43802109041143C2009146ED
:1021F000B54A8A469D180023984602933C037B000B
:10220000FA0F3000240B5B0D009200D196E0AD4A2E
:10221000934231D0720FE4002243802424041443FB
:10222000A94AF000944663445B195A1C0192424645
:1022300000260A2A42DC5A4600994A409346424602
:10224000022A32DC013A012A00D949E1022E00D1EA
:10225000CAE0012E3DD100230024002210005A467E
:102260001B052343D2071343190007B0F0BCBB463C
:10227000B246A946A046F0BD924B2643EB18002E6D
:1022800000D1BBE00322414611435A4688460099DB
:102290004A40802109018C46290061440191414650
:1022A0000A2900DD33E29346032642460127974080
:1022B000A6213A00C9000A400F4231D0029E022EE8
:1022C00000D135E2032E00D1D2E154464846012E1A
:1022D000C1D0019A7D4B94466344002B00DCC0E0E2
:1022E000420709D00F220240042A05D0021D824273
:1022F0008041404224181000E20106D5744B019A37
:102300001C4080239446DB006344724A93426BDC9A
:102310006207C00864025B050243240B5B0D9DE766
:10232000902189000F4263D188223A4200D1D7E040
:10233000009BA2469B4681460296BFE7230033439B
:1023400000D17FE0002C00D1ADE1200000F010FFB3
:10235000020003000B3A1D201900821A30000839D0
:10236000D0408C400443300088405B4AEB1A9446CE
:1023700063445A1C0192424600260A2A00DC5AE7AE
:102380009CE753460343994654D05346002B00D153
:1023900077E1504600F0ECFE0B235B429C460200C6
:1023A000844411005046083988401D238046604609
:1023B0001B1A2000D8400300404603439A462300DE
:1023C0008B4099460023444D9846AD1A029315E779
:1023D00052460243914626D100221D000223924616
:1023E00008329046029309E700240022354B35E776
:1023F000002380249B462403324B2FE702224146D0
:1024000011438022120194462A00624488460192B8
:102410000A2900DD52E75A460020009904004A408C
:10242000934602260BE70C221D00032381469046AB
:102430000293E3E600239A4604339846033B0025C3
:102440000293DBE6424601331A432B0090465A1CA6
:10245000019242460024002001260A2A00DCEAE616
:102460002CE70122D21A382A00DDF4E61F2A00DC0C
:102470002AE11F214942CB1A2100D9400B00202A12
:1024800005D0164A019D94466544AC402043421E47
:1024900090411843072319000024014003420CD047
:1024A0000F230340042B00D140E1031D8342A441CC
:1024B0001800644261076402240BC20800230A4327
:1024C000CCE6C046FF07000001FCFFFFFF03000051
:1024D000FFFFFFFEFE0700000DFCFFFF3E040000B3
:1024E00049464A460904090C0D00160C020C00046A
:1024F000000C4543AC4605007543A84615000F0087
:102500007543009202952A00009D6F4365462D0C8D
:10251000A94647444F44B84505D9150080225202C8
:102520009046454402953D0C039565462D043F04B5
:102530002D0CAC463D0065440495250C2404240C68
:10254000AC4625007543A84665460F0069434144E3
:1025500089466743390C49446E43884503D9802234
:102560005202904646440D0CA84635004544059558
:10257000039D3F04A8463F0C0904C91988444546F9
:10258000039555462E04360C2F0C350045437843F1
:1025900081463800A8462D0CAA46009A5043724343
:1025A0004A445244914503D980256D02A9464844C6
:1025B000150CA94645462D042D0CA84665467D43BD
:1025C000120448449044A9463200654662436E4373
:1025D0007C43170C3619BF19BC4203D9802464020E
:1025E000A446E144029C039EA446059D66448E4297
:1025F0008941AC4612043C04120CA21862444942C0
:1026000054184644A4464645A44182466442A04626
:10261000AA4292418C458941E244D0444942524207
:102620000A43A045A44182458941644249420C4382
:1026300041463F0CD2191219CC0D0499700208437F
:10264000411E884141464A44F60D52023043490238
:1026500014430843D20135D50122430802401343F5
:10266000E0071843640834E6009BA2469B46814677
:102670008024534624031C4324034A462E4B240B38
:10268000ECE500F075FD15239C468444020063468A
:1026900020321C2B00DC84E60023994623000838F6
:1026A00083409A468EE600F063FD02000300153277
:1026B00020331C2A00DC4EE602003400083A0020D9
:1026C000944052E6019304E61C4B21009C46030013
:1026D000019DD3406544A94019430300AB40581EF7
:1026E000834119430800D4404B0709D00F230B4006
:1026F000042B05D00B1D8B4280414042241818004A
:10270000230200D4D6E6012300240022A6E50F29E7
:10271000AAD1802352461B031A42A9D01C42A7D13A
:102720001C43009B02009B46034B97E50024C1E637
:102730000024014B220091E5FF0700001E04000069
:10274000F0B54E464546DE465746E0B585B00090AA
:1027500001910C034F00CE0F610A009CB046640F3C
:102760000C4300997F0DC80011001A001B039C4602
:102770000091019251004B0D9946019B009DD90F8C
:1027800063466A0F5B0A1343EA0094469346C14AC4
:1027900003900293914500D1CDE0012569404D465B
:1027A0007D1BAA468E4200D180E0002D00DC35E37F
:1027B0004946002900D1DFE0974200D194E152461A
:1027C0000125382A19DC8022029B1204134302934C
:1027D00052461F2A00DDE3E1534620226146029D56
:1027E000D21A9540D9400D43614691400A00511ECE
:1027F0008A411543029ADA40A41A451BA842804137
:102800004042241A230200D43DE16402640A002CF1
:1028100000D147E1200000F0ABFC0300083B202181
:102820002800CA1AD0409C4002009D4022439F428B
:1028300000DD77E1D81B0130091A2C008D40C4401F
:102840006B1E9D411300C2408B402543002714009E
:102850001D436B0709D00F232B40042B05D02B1DE4
:10286000AB42AD416D4264191D00230200D440E12A
:10287000884A0137974200D101E101264346864943
:10288000ED0821404A072A437C054D022D0B640DBB
:102890001E4024052C43F60734431000210005B0E8
:1028A000F0BCBB46B246A946A046F0BD002D00DCF8
:1028B000D0E24946002900D0D4E06146029B19438A
:1028C00000D12BE1691E012D00D1D9E1954200D143
:1028D0000AE10125382917DC8A4653461F2B00DD03
:1028E000E7E12022D21A029B614693401D00534625
:1028F000D940634693401A000D43511E8A41534606
:102900001543029ADA40A4182D18854280414042AE
:102910002418230200D4B6E05E4B01379F4200D159
:10292000ADE001215C4B6A081C4029400A43E507E1
:10293000154364088DE7594A029B92466246BA44A1
:102940001A432CD08E422ED05246002A60D0002F3F
:1029500000D1DBE063460E00029CD8086207024308
:10296000E4081300234300D154E280252D032543BE
:102970002D03484C2D0B8CE76146029B194300D177
:10298000CCE029000139012D00D188E1954200D128
:10299000AAE00125382900DD2FE78A4618E7012241
:1029A00051408E42D0D15346002B00D1BEE0002FC3
:1029B00000D038E1CA462200024300D1E2E153468A
:1029C000591E012B00D10DE2324A924500D1D2E1CD
:1029D0000127382913DC1F2900DDEEE12022029BAC
:1029E000521A250007009A46CC4090409540CF40AF
:1029F000A244421E904153462F43074302933D0099
:102A0000654465459241029B52424F46D41880E787
:102A1000234A7D1C154200D0AAE062462500029B95
:102A200005431A43002F00D0F5E0002D00D16BE1E3
:102A3000002A00D152E16346C51A029BE21AA8425D
:102A40009B415B42D31A1A0200D4D5E163461D1A9A
:102A5000AC4592410126029B52421C1B8846A41A97
:102A60000E40F6E697423FD052460125382A00DD57
:102A70004AE78022029B1204134302932DE73C0095
:102A80000025002205E707232B40002B00D0E2E6BB
:102A90006BE0C046FF070000FFFF7FFF01F8FFFF6C
:102AA000FE070000280000F063FB030018331F2B13
:102AB00000DCB4E62A00083882409F4200DDB9E01D
:102AC000DB1B581C1F2800DCA0E115001F3BDD406C
:102AD000202805D040231B1A9A40531E9A411543C3
:102AE000072300272B40D0E7C00862070243E40811
:102AF00037E7EA0863071A43D34BE4089F4200D143
:102B00002FE72403250B7C05640DC2E6CA4622008C
:102B1000024358D163460E00029C0393039B574621
:102B2000DA08E7E7C94CFF1A144092E6C84D7A1C50
:102B30002A4200D084E022000243002F00D0EFE0C0
:102B4000002A00D1E5E0624602990A4300D1C5E0BF
:102B50006346C5188C46854280416444404224182F
:102B6000230202D5B94B01371C40BA460395D5E77D
:102B70006246851AA842924152429146029BE31A4C
:102B80001A004B46D21A130091461A026CD44A46D8
:102B90004C462A4300D03AE600260024002578E679
:102BA000029953460D00203AD540202B06D04022F2
:102BB000D21A0B00934062461A4393465B465A1E54
:102BC00093411D4319E653465A1E012B00D1C6E01E
:102BD0009D4EB24500D1BDE688460E000125382A3B
:102BE00010DC1F2A7FDC20212500891A070088407D
:102BF0008D40D740D440411E8841029B3D431B1B62
:102C0000054302936246551BAC459241029B5242DA
:102C10004F469C1AF6E5002D00D0B7E0002A00D1FF
:102C2000F0E001260E4063460298D90842070A43A5
:102C3000C40896E6854CFF1A14406207E40860E772
:102C400081498A4200D1C9E06346C118814280416E
:102C5000029B4042E3181B18DD075C080723490864
:102C60000D4317002B4010E763461D1AAC459241F7
:102C70000126029B52421C1B8846A41A0E40C6E540
:102C80006346C518029B854280419C46404264448D
:102C900024180127230200D4F5E6022741E6634603
:102CA000C51AA8428041029B4042E41A0127241A17
:102CB000A8E5029D52462B00203AD3401900534606
:102CC000202B06D04022D21A2B00934062461A4392
:102CD00093465D466B1E9D410D4315E66207C00895
:102CE0000243E4080DE7110027002039CF40202AD5
:102CF00005D040218A1A9440250005430395039D81
:102D00006A1E95413D437DE7002A00D144E7012634
:102D10000E406346D908029B5A070A43DC08F0E6D6
:102D2000002A28D06246029FC0083A4300D1DCE660
:102D3000620710438022E4081203144209D0FD0800
:102D4000154206D1634601262C00D8087B0718439C
:102D50000E40420FC000C0085207024301E663461E
:102D60001D1AAC459241029B52421C1B0E00884624
:102D70000127A41A46E56346D908029B5A070A436D
:102D8000DC08EEE56346029C0393C7E6C008002A10
:102D900000D1AAE6620710438022E408120314421D
:102DA000D7D0029FFD081542D3D163460126D8082B
:102DB0007B072C0018430E40CBE70A002700203A7F
:102DC000D740202905D04022521A944025000543BF
:102DD0000395039D6A1E95412F4310E614000025BC
:102DE000002256E5029B60449946604592414C445E
:102DF00052420500A4184CE71A001C002A4300D0D8
:102E0000B3E6C9E6802400262403AEE52021002590
:102E1000091A17E5002200250B4C3AE5002D00D1D8
:102E2000F6E54B46DA1B9246002F00D16FE6382AB2
:102E300005DC80263604344388460E00D1E68846F9
:102E40000E000125DEE6C046FF070000FFFF7FFF02
:102E5000FE070000002D00D168E64B46D91B002F6D
:102E600001D18A46A7E50127382900DDC7E5802280
:102E700012041443AFE5C046F0B5C6461E03360B38
:102E8000B0460D4E0C034D005F0000B5240B6D0DD8
:102E90007F0DB5420BD0084900208F4204D1464631
:102EA00016433000431E984180BCB846F0BD044331
:102EB0000120002CF8D1EEE7FF0700000B00020014
:102EC00070B5164D0C0382B04900002000920193AA
:102ED000240B490DDE0FA94204DD1148814203DDB8
:102EE000104BF01802B070BD8020400320430E4C00
:102EF000641A1F2C08DD0D4B5B1AD84003005842A2
:102F0000002EEFD11800EDE7094B009A9C46030014
:102F100061448B40E2401343F1E7C046FE030000EA
:102F20001D040000FFFFFF7F3304000013040000B6
:102F3000EDFBFFFF70B5002816D0C317C5185D4024
:102F4000C40F280000F014F9104B1B1A5B055B0D31
:102F50000A2814DC02002E00153296400B22121AA9
:102F6000D5402D032D0B03E000240023002500266F
:102F70001B052B43E40723433000190070BD0B38B9
:102F800085402D0300262D0BF2E7C0461E040000ED
:102F900010B5041E10D000F0EBF80E4B1B1A5B05A9
:102FA0005B0D0A280FDC0B222100121AD1401530CC
:102FB0000A038440120B01E0002300221B05134387
:102FC0002000190010BD22000B388240120300249B
:102FD000120BF3E71E04000070B542024300C40F59
:102FE000FE201B0E591C550A08420CD0E021890016
:102FF0008C466D07120B63441B051343E407234300
:103000002800190070BD002B14D1002D1BD0280002
:1030100000F0AEF80A281CDC0B232A001B1ADA4049
:10302000030015339D400E4B12031B1A5B05120B58
:103030005B0DE1E7002D09D0130B802212031A4328
:103040006D07084BD8E700230022D5E70022054B87
:10305000D2E703002A000B3B9A400025E3E7C04675
:1030600089030000FF070000F0B54B000F035B0D64
:103070003B4C450F83B07F0A5E1C2F4300900191AB
:10308000CA0FC50026420BD036495C18FE2C13DD52
:10309000FF200023C0051843D207104303B0F0BD42
:1030A000002B02D100200023F4E73D43F0D0802321
:1030B000DB03FF203B43EDE7002C14DD009BFF000A
:1030C0009B01581E8341690F3B430B43590741D075
:1030D0000F211940042928D00433590125D5013482
:1030E0000023E0B2D6E721001731DBDB80211E2070
:1030F00009043943001B1F281BDD02267642341BBE
:103100000E00E6403400202804D01748844663446B
:1031100099400D432B00591E8B412343590715D06D
:103120000F2100241940042917D19B015B0AE0B24A
:10313000B0E70E4C1C192B00A540C340A140681EEF
:10314000854129430B4300245907C1D19B0100202D
:103150005B0A9FE7DB08E0B29CE70433E5E7C04683
:10316000FE07000080FCFFFFA2FCFFFF82FCFFFFC8
:103170001C2101231B04984201D3000C10391B0AA7
:10318000984201D3000A08391B09984201D300096B
:10319000043902A2105C40187047C04604030202C2
:1031A00001010101000000000000000010B500292D
:1031B00003D1FFF7DDFF203002E00800FFF7D8FF62
:1031C00010BDC04680B500AFBFF34F8FC046044B63
:1031D000044ADA60BFF34F8FC046C046FDE7C046E1
:1031E00000ED00E00400FA0580B500AF00F012F831
:1031F00000F08EF800F0C0F800F02AF900F0B8F9FD
:1032000000F0CAFA00F03AFC00F0CAFCC046BD4625
:1032100080BD000090B583B000AF3B1D00221A7046
:10322000BB1D08221A80BB1C00221A80334ABB1C1B
:1032300012881A80BB1C1B88314A934207D1314B3C
:1032400001221A70304B00221A70FA2351E0BB1C85
:103250001B881B0A9BB2DAB22A4B1A70294B1B78C7
:10326000002B02D1274B01221A70BB1C1B88DAB23B
:10327000254B1A707B1D01221A7032E07B1C002244
:103280001A7024E0BB1D1B881C4A94466344190035
:103290007B1D1B785A1E7B1C1B78DBB21C000B8825
:1032A00098B21A4913009B009B185B009B181B19CE
:1032B0005B00021C5A52BB1DBA1D128808321A80CC
:1032C0007B1C1B78DBB20133DAB27B1C1A707B1CCF
:1032D0001B78DBB20A2BD5D97B1D1A787B1D0132F6
:1032E0001A70084B1B787A1D12789A42C6D93B1D7A
:1032F0001B781800BD4603B090BDC04600A8070863
:10330000FFFF00007C0000204C120020440E002033
:1033100080B582B000AFFB1D00221A70BB1D0122D8
:103320001A7019E0BB1D1B789BB2013398B2BB1D0C
:103330001B78013B5A000E4BD31819000EF04BFDC1
:10334000BB1D1B78192B02D9FB1D0A221A70BB1D4D
:103350001A78BB1D01321A70064B1B78BA1D127801
:103360009A42DFD9FB1D1B781800BD4602B080BD14
:10337000181200207C00002090B583B000AFFB1C29
:1033800000221A70BB1D00221A803B0000221A8006
:103390007B1D00221A704BE03B1D01221A7033E0A6
:1033A000BB1D1B881C339BB23A00110018000EF0A5
:1033B00012FD3B0018887B1D1A783B1D1978C4B29A
:1033C000214813009B009B185B00C318221C5A5411
:1033D0003B001B881B0A98B27B1D1A783B1D1B788B
:1033E000591EC4B2184813009B009B185B00C318F9
:1033F000221C5A54BB1D1A88BB1D01321A803B1D6A
:103400003A1D127802321A703B1D1B78092BC7D95E
:103410007B1D1A780C4913009B009B185B00CB188E
:10342000093300221A707B1D1A787B1D01321A7035
:10343000064B1B787A1D12789A42ADD9FB1C1B787B
:103440001800BD4603B090BDB81000207C000020DD
:1034500090B583B000AFFB1C00221A70BB1D002288
:103460001A803B0000221A807B1D00221A707B1DEF
:1034700000221A7015E0BB1D1B88CB3398B27B1D50
:103480001B785A00374BD31819000EF0A4FCBB1D53
:103490001A88BB1D01321A807B1D1A787B1D0132F0
:1034A0001A70314B1B787A1D12789A42E3D37B1D38
:1034B00000221A704BE03B1D01221A7033E0BB1D45
:1034C0001B8899339BB23A00110018000EF083FC60
:1034D0003B0018887B1D1A783B1D1978C4B223481D
:1034E00013009B009B185B00C318221C5A543B001E
:1034F0001B881B0A98B27B1D1A783B1D1B78591E2E
:10350000C4B21A4813009B009B185B00C318221C0E
:103510005A54BB1D1A88BB1D01321A803B1D3A1D2F
:10352000127802321A703B1D1B78092BC7D97B1DFC
:103530001A780E4913009B009B185B00CB180933C7
:1035400000221A707B1D1A787B1D01321A707B1DB8
:103550001B78092BAFD9FB1C1B781800BD4603B0A4
:1035600090BDC046E41100207C0000209C09002092
:10357000B0B588B002AF0B23FB1800221A703B1DB8
:1035800000221A80BB1C00221A8008243B1900224A
:103590001A80BB1D00221A8017257B1900221A7081
:1035A00000233B610023FB603B1D1900E4200EF06B
:1035B00012FC03001A003B191A803B191B88002BD0
:1035C00003D13B1D1A887B191A703B1D1900E52099
:1035D0000EF001FC03001A0008243B191A80BB1CE2
:1035E0001900E6200EF0F7FB03001A00BB1D1A803D
:1035F0003B191B88002B0AD1BB1D1B88002B06D151
:103600003B1D1B881B04BA1C12889B183B613B1D89
:103610001900E7200EF0DFFB03001A0008243B1915
:103620001A80BB1C1900E8200EF0D5FB03001A001D
:10363000BB1D1A803B191B88002B0AD1BB1D1B88A0
:10364000002B06D13B1D1B881B04BA1C12889B183B
:10365000FB603B1D1900E9200EF0BDFB03001A00C2
:1036600008217B181A807B181B88002B0BD13B1D6F
:103670001B881B0A9BB2DAB2414B1A703B1D1B8898
:10368000DAB2404B1A703B1D1900EA200EF0A3FB82
:1036900003001A0008217B181A807B181B88002B56
:1036A0000BD13B1D1B881B0A9BB2DAB2364B1A703A
:1036B0003B1D1B88DAB2354B1A703B1D1900EB20FD
:1036C0000EF089FB03001A0008217B181A807B1872
:1036D0001B88002B0BD13B1D1B881B0A9BB2DAB247
:1036E0002B4B1A703B1D1B88DAB22A4B1A70244BE5
:1036F0001B78002B11D0234B1B78002B0DD0204BB7
:103700001D78204B1B78FC6839691722BA1810788D
:1037100000932B00220007F089FA1B4B1B78002B2B
:1037200011D01A4B1B78002B0DD0174B1D78174B5F
:103730001B78FC6839691722BA18107800932B009F
:10374000220007F073FA124B1B78002B11D0114B9B
:103750001B78002B0DD00E4B1D780E4B1B78FC6890
:1037600039691722BA18107800932B00220007F04D
:103770005DFA0B23FB181B781800BD4606B0B0BDE0
:10378000731200207412002075120020761200209F
:103790007712002078120020B0B584B000AF0F235C
:1037A000FB1800221A7008243A198A235B001100C2
:1037B00018000EF010FB03001A000C217B181A8071
:1037C0007B181B88002B24D13B191B881A1C032350
:1037D0001340DAB2A44B03210A4050011A78602149
:1037E0008A43111C021C0A431A703B191B881B0ACE
:1037F0009BB21A1C01231340DAB29B4B01210A40F1
:1038000090001A7804218A43111C021C0A431A7082
:103810001FE0964B1B785B069B0FDAB2924B03219D
:103820000A4050011A7860218A43111C021C0A4385
:103830001A708E4B1B785B07DB0FDAB28A4B0121C3
:103840000A4090001A7804218A43111C021C0A4382
:103850001A7008243A198E235B00110018000EF02C
:10386000BAFA03001A000C217B181A807B181B88F7
:10387000002B11D13B191B881BB29BB2DB0BDAB2B8
:10388000794B01210A40D0001A7808218A43111C83
:10389000021C0A431A700FE0744B1B781B07DB0FE6
:1038A000DAB2714B01210A40D0001A7808218A430C
:1038B000111C021C0A431A7008243A191623FF33FC
:1038C000110018000EF087FA03001A000C217B1873
:1038D0001A807B181B88002B04D13B191A88644B73
:1038E0001A8003E0634B1A88614B1A8008243A1946
:1038F0008B235B00110018000EF06DFA03001A0014
:103900000C217B181A807B181B88002B04D13B19D3
:103910001A88574B5A8003E0564B5A88544B5A80AA
:1039200008243A191823FF33110018000EF053FA37
:1039300003001A000C217B181A807B181B88002BAF
:103940000CD13B191B88DAB2494B1A713B191B8801
:103950001B0A9BB2DAB2464B5A7107E0454B1A7903
:10396000434B1A71434B5A79414B5A7108243A1907
:103970008C235B00110018000EF02DFA03001A00D2
:103980000C257B191A80BA1D1A23FF331100180069
:103990000EF021FA03001A000A217B181A807B1905
:1039A0001B88002B0DD17B181B88002B09D13B19DC
:1039B0001B881A00BB1D1B881B041A432C4B9A60E2
:1039C0000CE02D4B1B78002B04D0294BE122520236
:1039D0009A6003E0274B9A68254B9A6008243A19AD
:1039E0008D235B00110018000EF0F5F903001A009A
:1039F0000C217B181A807B181B88002B0CD13B19DB
:103A00001B88DAB21A4B1A733B191B881B0A9BB22C
:103A1000DAB2174B5A7305E0154B18225A73144B40
:103A200000221A7308243A191C23FF3311001800CE
:103A30000EF0D1F903001A000C217B181A807B18B4
:103A40001B88002B05D13B191B88DAB2084B9A76EC
:103A500003E0084B9A7E064B9A760F23FB181B78DF
:103A60001800BD4604B0B0BD6C12002070120020DA
:103A700050120020800000207212002080B582B019
:103A800000AFBB1D00221A703B0000221A803B1DB4
:103A900000221A80FB1C00221A70FB1D00221A70E3
:103AA00071E0FB1D1B783B339BB29B009BB23A003D
:103AB000110018000EF08FF903001A003B1D1A8048
:103AC0003B1D1B88002B59D13B001B881B0A9AB257
:103AD000FB1C1A70FB1C1B781B09DBB21A00FB1DB8
:103AE0001B7801339A4249D1FB1C1B780F221340EB
:103AF00044D0FB1D1B785A1CFB1C1B780F210B406C
:103B0000D8B2264913005B009B18CB180133021C66
:103B10001A703B001988FB1D1B785A1CC8B21F493C
:103B200013005B009B18CB180233021C1A70FB1D9C
:103B30001B785A1C194913005B009B18CB180133E2
:103B40001A78FB1D1B780133DBB2190010000EF050
:103B500017FFFB1D1B780133D8B2FB1D1B785A1CC5
:103B60000E4913005B009B18CB1802331B7801220F
:103B70001340DBB2002219000FF000F9FB1D1A7888
:103B8000FB1D01321A70FB1D1B78042B89D9BB1D4C
:103B90001B781800BD4602B080BDC046A02600209C
:103BA00090B585B000AF0F23FB1800221A706F4B41
:103BB000BB6032201EF0E8FA03003B603B68002B3C
:103BC00001D1FB23CEE0BB681B78FE2B01D0FF2385
:103BD000C8E0FB1D00221A70B8E00F23FB1800227A
:103BE0001A7010E0BB685A1CBA6019000F203B180D
:103BF0001B783A68D3180A78D2B21A703B181A7830
:103C00003B1801321A700F243B191B78132BE9D98A
:103C1000FB1D1A7813009B009B189B00544A9818B0
:103C20003B6801331422190020F029F83B68142264
:103C3000002118001FF0FBFE3B1900221A70BB6820
:103C40001433BB600FE0BA680F203B181B7839684B
:103C5000CB1812781A70BB680133BB603B183A1856
:103C6000127801321A70BB681B78FE2B08D0BB6833
:103C70001B78FF2B04D00F23FB181B78312BE2D9C4
:103C80000F217B181B78013B3A68D3181B78002B57
:103C900004D07B187A18127801321A700F23FB189F
:103CA0001A78FB1D1C7810001EF06EFA0300190034
:103CB0002F4A23009B001B199B00D3180C3319605B
:103CC000FB1D1A782A4913009B009B189B00CB18F8
:103CD0000C331B68002B12D1FB1D1A7813009B00BC
:103CE0009B189B00224A9B181422002118001FF0E9
:103CF0009EFE3B6818001EF051FA0E2332E0FB1DB9
:103D00001A781B4913009B009B189B00CB180C339F
:103D100018680F243B191A783B6819001FF0AFFF91
:103D2000144B1B780133DAB2124B1A703B191A7814
:103D30003B68002118001FF07AFEBB681B78FE2B41
:103D40000AD1FB1D1A78FB1D01321A70FB1D1B786E
:103D5000042B00D841E700E0C0463B6818001EF085
:103D60001DFA00231800BD4605B090BD00B007083D
:103D7000001300203D0A002080B582B000AFFB1D7B
:103D800000221A70BB1D01221A7021E0BB1D1B7896
:103D90005A1E154B5200D35A002B0DD0BB1D1B7859
:103DA0009BB2013398B2BB1D1B785A1E0E4B5200BA
:103DB000D35A19000EF030F8BB1D1B78192B02D90D
:103DC000FB1D0A221A70BB1D1A78BB1D01321A7026
:103DD000064B1B78BA1D12789A42D7D9FB1D1B7867
:103DE0001800BD4602B080BD181200207C000020E3
:103DF00090B583B000AFFB1C00221A70BB1D0022DF
:103E00001A803B0000221A807B1D00221A7047E0B6
:103E10007B1D1A78284913009B009B185B005B5C94
:103E2000002B38D03B1D01221A7030E07B1D1A7820
:103E30003B1D1B78591E204813009B009B185B00FC
:103E4000C3185B5C1B0299B27B1D1A783B1D187866
:103E5000194C13009B009B185B00E3181B5C1A00B5
:103E60003B008A181A80BB1D1B881C339AB23B008A
:103E70001B88190010000DF0CFFFBB1D1A88BB1D59
:103E800001321A803B1D3A1D127802321A703B1D16
:103E90001B78092BCAD97B1D1A787B1D01321A7039
:103EA000064B1B787A1D12789A42B1D9FB1C1B78FD
:103EB0001800BD4603B090BDB81000207C00002063
:103EC000F0B587B000AFB9607A6019000F243B19D4
:103ED000021C1A700E257B190A1C1A701726BB19B2
:103EE00000221A703B191B789BB21900E4200DF0D8
:103EF00093FFBB681B0A9BB21900E5200DF08CFFF5
:103F0000BB689BB21900E6200DF086FF7B681B0A98
:103F10009BB21900E7200DF07FFF7B689BB2190070
:103F2000E8200DF079FF7B191B789BB21B029AB237
:103F3000202310241B19DB191B789BB2D3189BB2CA
:103F40001900E9200DF068FF24231B19DB191B78E9
:103F50009BB21B029AB228231B19DB191B789BB258
:103F6000D3189BB21900EA200DF056FF2C231B1921
:103F7000DB191B789BB21B029AB230231B19DB1989
:103F80001B789BB2D3189BB21900EB200DF044FFB5
:103F9000BB191B781800BD4607B0F0BD80B582B0D4
:103FA00000AFFB1D00221A70284B1A881623FF331E
:103FB000110018000DF030FF244B5A888B235B0052
:103FC000110018000DF028FF204B5B791B021AB27C
:103FD0001E4B1B7B1BB213431BB29AB21823FF3339
:103FE000110018000DF018FF184B9B689AB28C2333
:103FF0005B00110018000DF00FFF144B9B681B0CA9
:104000009AB21A23FF33110018000DF005FF0F4B71
:104010005B7B1B021AB20D4B1B791BB213431BB205
:104020009AB28D235B00110018000DF0F5FE074BCE
:104030009B7E1A001C23FF33110018000DF0ECFECC
:10404000FB1D1B781800BD4602B080BD5012002039
:1040500080B582B000AFFB1D00221A701B4B3422CA
:10406000002118001FF0E3FCBB1D01221A7021E0A3
:10407000BB1D1B785A1E154B5200D35A002B0DD076
:10408000BB1D1B789BB2013398B2BB1D1B785A1E17
:104090000E4B5200D35A19000DF0BEFEBB1D1B780B
:1040A000192B02D9FB1D0A221A70BB1D1A78BB1DE1
:1040B00001321A70064B1B78BA1D12789A42D7D972
:1040C000FB1D1B781800BD4602B080BD18120020F1
:1040D0007C000020B0B58EB002AF1423F8180A257A
:1040E0007A191823F9180823FB18009303000120FC
:1040F0000EF010F80C23F818BA1D1023F9183B1D08
:104100000093030002200EF005F81C217B18012209
:104110005A607B1800229A607B191B881A007B1852
:104120001A60BB691A000C007B181900100019F006
:1041300005FF21007B1800225A607B1802229A603A
:104140003B1D1B881A007B181A60FB681A007B183D
:104150001900100019F0F2FEBB6918007B191B88CA
:10416000002219001AF073F805200FF0CDFFFB684C
:104170001A003B1D1B88190010001AF04BF8031E93
:1041800017D1BB6918007B191B88012219001AF08E
:104190005EF805200FF0B8FFFB681A003B1D1B8876
:1041A000190010001AF036F80300012B01D1012389
:1041B00000E000231800BD460CB0B0BD90B585B03E
:1041C00000AF78600F23FB1800221A701CE00F2448
:1041D0003B191A78114913005B009B189B00CB1800
:1041E00008331A687B6811001800FBF78DFF031E67
:1041F00004D13B191B780133DBB20BE00F217B1894
:104200001A787B1801321A700F23FB181B78002BC9
:10421000DDD000231800BD4605B090BD84250020E8
:1042200080B584B000AF78600F23FB1800221A70AD
:1042300041E0264A7B6811001800FBF765FF031E6A
:1042400001D101233DE0224A7B6811001800FBF7F1
:104250005BFF031E01D1022333E01E4A7B6811007D
:104260001800FBF751FF031E01D1032329E01A4A6E
:104270007B6811001800FBF747FF031E01D10423E0
:104280001FE0164A7B6811001800FBF73DFF031E74
:1042900001D1052315E0124A7B6811001800FBF7D5
:1042A00033FF031E01D106230BE00F217B181A7880
:1042B0007B1801321A700F23FB181B78052BB8D915
:1042C00000231800BD4604B080BDC046B48D02086E
:1042D000B88D0208BC8D0208C08D0208C48D02088A
:1042E000C88D020880B582B000AF0FF0D3FB0FF08D
:1042F000CDFD0DF045FD0DF0FBFD0DF027FA0FF0A3
:1043000069FE0DF047FC0FF09FFE0DF055FE031EF9
:1043100003D00DF0D7FDFEF755FFFFF7DBFE031EC0
:1043200021D03D4B01221A7032200FF0EDFE0CF02F
:104330006FFE3A4BE12252029A60FB1D01221A7075
:104340000CE0364B9A68FB1D1B781100180010F02A
:1043500025FBFB1D1A78FB1D01321A70FB1D1B7813
:10436000042BEED904E032200FF0CEFE0CF050FE0C
:10437000FEF73AFF10F07AFC0DF022FA284B1B787A
:10438000002B15D180235901A023DB050122180041
:1043900019F05DFFFA235B0018000FF0B5FE8023D3
:1043A0005901A023DB050022180019F050FF2AE074
:1043B00080235901A023DB050122180019F047FFD3
:1043C000FA235B0018000FF09FFE80235901A02301
:1043D000DB050022180019F03AFF64200FF094FE6C
:1043E00080235901A023DB050122180019F02FFFBB
:1043F00064200FF089FE80235901A023DB050022F1
:10440000180019F024FF06F019FA064B01221A7061
:10441000C046BD4602B080BD72120020501200207E
:104420004C1200203B0A002080B500AF17F0B4FB0F
:104430000CF0DAF9FFF756FF06F024FA14F0ECF866
:10444000C046BD4680BD0000F0B587B002AF0F2367
:10445000FB1800221A700E23FB1800221A700D237D
:10446000FB1800221A707B1D00221A703B1D0022CF
:104470001A700C23FB1800221A700B23FB18002261
:104480001A700A23FB1800221A7009243B19002213
:104490001A70BB1C00221A80B84B01221A70082324
:1044A000FB1800221A70B64B1B78180000F0FAFCBB
:1044B000322014F0B9F83B1901221A7013E00921D7
:1044C0007B181B785A1EAF4B9200D35A002B04D096
:1044D0000823FB187A1812781A7009217B181A78A9
:1044E0007B1801321A700923FB181B78042BE6D9BC
:1044F000FB1D01221A701BE0A14B1B78FA1D1278DC
:104500009A4210D0FA1D0823FB1812781B789A42A1
:1045100009D0FB1D1B78180010F060FA0300012180
:10452000180010F083FAFB1D1A78FB1D01321A7077
:10453000FB1D1B78042BDFD9914B1B78180000F072
:10454000B1FC914B02221A70322014F06DF80E2348
:10455000FB1801221A700923FB1801221A7041E08E
:1045600009217B181B785A1E864B9200D35A002BC8
:1045700032D00E243B193A19127801321A70834B4B
:104580003A1912785A70824B3A1912781A707F4B86
:1045900000221A700D007B18187803230093102353
:1045A0000022002106F058FF3B191B789BB21B022A
:1045B0009BB27A191278511E724A89008A5AD2B275
:1045C00011007A191278013A5B1899B26D4B92007A
:1045D000D152322014F028F809217B181A787B1860
:1045E00001321A7009217B181B78042BB8D9694B4A
:1045F0001A88694B1A807B1801221A705CE0092422
:104600003B191B785A1E5F4B9200D35A002B4DD09A
:104610003B191B78591EBB1C5A4A89008A5A1A80BA
:10462000BB1C1B881B0A9AB27B1D1A703B191B7896
:104630005A1E544B9200D25A3B1D1A707B1D1B7898
:10464000DB001AB23B1D1B781BB2134319B23B1996
:104650001A7889B2504B5200D1523B191B78013B5A
:104660007A1D1278013A47499B00CB18023318880B
:10467000494B16214A43011CD152404B1B78DB00A9
:104680001AB23B191B781BB2134319B27B1D1B785E
:104690005A1E3B1D18788CB23F4913009B009B1893
:1046A0005B009B181B185B00221C5A5209217B18C7
:1046B0001A787B1801321A700923FB181B78042B17
:1046C0009DD90C23FB1802221A7017E00E23FB1849
:1046D0001B789BB21622534399B22F4A0C243B19E4
:1046E00018780B00112106F031FE0A2013F09CFF10
:1046F00021007B181A787B1801321A700C23FA18E3
:104700000E23FB1812781B789A42DFD974E10C2330
:10471000FB1802221A7061E1BB1D01221A700AE027
:10472000BB1D1B78013B194A0121D154BB1D1A78CE
:10473000BB1D01321A70BB1D1B780A2BF0D9134B1D
:1047400000229A720C243B191B780B220E211800B0
:1047500006F0AAFD322013F067FF3B191B780022F8
:104760000C21180006F0A0FD96235B00180013F042
:104770005BFF0B23FB1801221A7061E04C12002032
:10478000380A00205C0D00203A0A00202C0B002083
:104790007C0000207A000020440E00200B203B18F3
:1047A0001B78591EBB1CDD4A89008A5A1A80BB1C23
:1047B0001B881B0A9AB27B1D1A70BB1C1B88002B1E
:1047C00038D07B1D1B78002B34D10E217B187A1832
:1047D000127801321A70D24B7A1812785A70D14B73
:1047E0007A1812781A707B181B789BB21B029BB246
:1047F0003A181278511EC94A89008A5AD2B2110059
:104800003A181278013A5B1899B2C44B9200D1520F
:10481000C34B01221A70C24B3A1812789A700C23BB
:10482000FB181B7803221021180006F03DFD3220F2
:1048300013F0FAFE0B217B181A787B1801321A70DC
:104840000B22BB181B780A2BA8D9BB1801221A709F
:104850008EE00B243B191B785A1EB04B9200D35AA2
:10486000002B00D17EE03B191B78591EBB1CAB4AC4
:1048700089008A5A1A80BB1C1B881B0A9AB27B1DAE
:104880001A703B191B785A1EA44B9200D25A3B1D3A
:104890001A707B1D1B78012B64D00C257B191B78AB
:1048A0005A1E3B191878A04913009B009B185B0007
:1048B0009B181B185B005B5A002B18D17B1D1B78C3
:1048C000DB001AB23B1D1B781BB2134319B27B19D4
:1048D0001B785A1E3B1918788CB2934913009B0021
:1048E0009B185B009B181B185B00221C5A527B1DF7
:1048F0001B785A1E3B1D18788B4913009B009B1890
:104900005B009B181B185B005B5A002B2AD10B2401
:104910003B191B78013B7A1D1278013A7F499B00B5
:10492000CB1802331888804B16214A43011CD15200
:104930000C23FB181B78DB001AB23B191B781BB247
:10494000134319B27B1D1B785A1E3B1D18788CB27D
:10495000754913009B009B185B009B181B185B009C
:10496000221C5A520B217B181A787B1801321A70BC
:104970000B243B191B780A2B00D86AE7674B1022DF
:10498000002118001FF053F83B1902221A7017E09B
:104990000E23FB181B789BB21622534399B2624A2E
:1049A0000B243B1918780B00112106F0CFFC642072
:1049B00013F03AFE21007B181A787B1801321A7026
:1049C0000B23FA180E23FB1812781B789A42DFD9B2
:1049D0000C217B181A787B1801321A700C23FA18F4
:1049E0000E217B1812781B789A4200D894E60D238A
:1049F000FB187A1812781A700D23FA180E23FB1878
:104A000012781B789A4200D081E6484B1B78180038
:104A100000F048FA322013F007FE0C23FB180122A5
:104A20001A7020E00C23FB181B78591EBB1C404A4F
:104A300089008A5A1A80BB1C1B881B0A9AB27B1DEC
:104A40001A70BB1C1B88002B07D07B1D1B78002B0A
:104A500003D10F23FB1805221A700C217B181A783A
:104A60007B1801321A700C22BB181B78042BD9D981
:104A7000BB1802221A703DE00C23FB181B780022A1
:104A80000C21180006F010FC96235B00180013F0B0
:104A9000CBFD0B23FB1801221A7020E00B23FB181F
:104AA0001B78591EBB1C1D4A89008A5A1A80BB1CE0
:104AB0001B881B0A9AB27B1D1A70BB1C1B88002B1B
:104AC00007D07B1D1B78002B03D10F23FB18052279
:104AD0001A700B217B181A787B1801321A700B237D
:104AE000FB181B780A2BD9D90C217B181A787B1854
:104AF00001321A700C23FA180E23FB1812781B7857
:104B00009A42B9D90F23FB181B78002B00D057E12C
:104B10000923FB1801221A7024E0C0466C0D002006
:104B20002C0B00207C000020440E0020380A0020BE
:104B30005C0D0020D44B1B881BB209203A18127858
:104B4000013A8021090211410A0012B2D24312B285
:104B500013401BB29AB2CC4B1A803B181A783B1800
:104B600001321A700923FB181B78042BE2D90C239D
:104B7000FB180E22BA1812781A70F3E00A23FB18F9
:104B800001221A70A9E00C243B191B785A1E0A2531
:104B90007B191878BD4913009B009B185B009B187C
:104BA0001B185B005B5A002B21D17B191B78013B42
:104BB000B74A0021D15420003B181B785A1EB24B33
:104BC0005200D35A1BB27A191278013A8021090295
:104BD00011410A0012B2D24312B2134019B23B186B
:104BE0001B785A1E89B2A84B5200D1526FE00C2597
:104BF0007B191B785A1E0A26BB191C78B91CA348BE
:104C000013009B009B185B009B181B195B001B5A31
:104C10000B80BB1C1B88DB089AB27B1D1A70BB1C67
:104C20001B88DAB23B1D07210A401A707B1D1B78D6
:104C30005A1E954B5200D35A19003B1D1B78013B5D
:104C4000802212021A4113000B401ED1BB191B789F
:104C5000013B8F4A0121D1547B191B785A1E8A4B84
:104C60005200D35A1AB2BB191B78013B80210902AA
:104C700019410B001BB2134319B27B191B785A1E42
:104C800089B2814B5200D15221E00A203B181B7897
:104C9000013B7F4A0021D1540C243B191B785A1E3A
:104CA000794B5200D35A1BB23A181278013A80213C
:104CB000090211410A0012B2D24312B2134019B2D2
:104CC0003B191B785A1E89B26F4B5200D1520A21F0
:104CD0007B181A787B1801321A700A23FB181B788C
:104CE0000A2B00D84FE70C243B191B781900012030
:104CF00000F0F8FA20003B181B78013B654AD35CB2
:104D00005A1E7B1D64498A5C1A703C1D7B1D1A78F3
:104D100005003B181B781100180000F0E3FA0300AF
:104D200023707A1D7B1912781B789A4206D03B1D9E
:104D30001B78013B564AD35C012B02D1544B012214
:104D40009A720C243B191B780B220E21180006F0D6
:104D5000ABFA0A2013F068FC21007B181A787B1844
:104D6000013A1A700C23FB181B78012B00D905E7B8
:104D70000923FB1801221A701DE0484B1B780921FA
:104D80007A1812789A4210D07A180823FB181278F1
:104D90001B789A4209D07B181B7818000FF01EFE72
:104DA0000300002118000FF041FE09217B181A783A
:104DB0007B1801321A700923FB181B78042BDCD9ED
:104DC0000F23FB181B78002B25D10C23FB18022284
:104DD0001A7019E00C243B191B78002201211800DD
:104DE00006F062FA3B191B78013B2A4AD35C1A0091
:104DF00013009B009B185B00180013F015FC3B1977
:104E00001A783B1901321A70254B1B780C22BA18FC
:104E100012789A42DED90F23FB181B78002B2CD175
:104E20000BF018FEFEF7A8FF642013F0FDFB0C2327
:104E3000FB1802221A7019E00C243B191B7800227F
:104E40001521180006F030FA3B191B78013B114A76
:104E5000D35C1A0013009B009B185B00180013F032
:104E6000E3FB3B191A783B1901321A700C4B1B7883
:104E70000C22BA1812789A42DED90F23FB181B783D
:104E80001800BD4605B0F0BD18120020440E0020E9
:104E90002C0B002080100020FC190020380A002074
:104EA0007C00002080B586B002AF0200FB1D1A70A6
:104EB0000E23FB1800221A700F23FB1801221A7010
:104EC00028E00F217A18FB1D12781B789A421BD01C
:104ED000164B1B881B0A9BB2DAB2154B1A70134B88
:104EE0001B88DAB2124B5A70114B7A1812789A70EA
:104EF0007B181878032300930A230022002106F070
:104F0000ABFA052013F090FB0F217B181A787B1861
:104F100001321A700F23FB181B78042BD1D90E23F2
:104F2000FB181B781800BD4604B080BD7A00002035
:104F30002C0B0020F0B58DB000AF1F23F9180870BE
:104F400069460E0013211823CB18D91900200870C8
:104F500017211823CB18D9190020087016211823FF
:104F6000CB18D9190020087015201823C318D91997
:104F70000020087014201823C318D91900200870C5
:104F8000D5490978080001387862396100207861D4
:104F90003A697B691000400F3A617B61DD0005438F
:104FA0003B69DC003960002078603C687D68230044
:104FB000580F2B00DB00FB60FB680343FB60230002
:104FC000DB00BB600B000733DB08DB006A46D31A4B
:104FD0009D466B4600333B6216211823CB18DB1924
:104FE00000221A7018E016201823C318DB191B784A
:104FF0003A6A0021D1541823C318DB191A78B74B29
:1050000052000021D1521823C318DB191A78182333
:10501000C318DB1901321A70AF4B1B781622182106
:105020005218D21912789A42DDD315211823CB18C1
:10503000DB1918228A18D219127801321A701F232C
:10504000FB181B78013B3A6A080018240919C91992
:105050000978D1541823C318DB1918228218D219E1
:10506000127801321A70172318229B18DB190122BB
:105070001A7054E01F23FB181B785A1E172418239C
:10508000E318DB191878964913009B009B185B0006
:105090009B181B185B005B5A002B36D01F23FB1894
:1050A0001B785A1E8D4B5200D35A1AB22000182377
:1050B000C318DB191B78013B012199400B001BB27F
:1050C000134319B21F23FB181B785A1E89B2834B56
:1050D0005200D1521F23FB181B785A1E1823C318E5
:1050E000DB1918787E4913009B009B185B009B1806
:1050F0001B185B005B5ADB089BB2013B3A6A152127
:1051000018200918C9190978D15417211823CB1868
:10511000DB191A781823CB18DB1901321A70172300
:1051200018229B18DB191B78062BA3D914231822ED
:105130009B18DB1900221A7015221823D318DB19CB
:1051400018215218D219127801321A701623182217
:105150009B18DB1900221A70A2E0162318229B1854
:10516000DB191B783A6AD35C1A00152318215B18E7
:10517000DB191B78013B9A4200D087E017231822E5
:105180009B18DB1901221A7078E016241823E31803
:10519000DB191A7817251823EB18DB1918785049F2
:1051A00013009B009B185B009B181B185B005B5A4D
:1051B000002B59D01823E318DB191A781823EB18A1
:1051C000DB191878464913009B009B185B009B185D
:1051D0001B185B005B5ADB089BB2013B3A6AD35C4D
:1051E000002B41D120001823C318DB191A783B4B40
:1051F0005200D35A1AB22C001823E318DB191B787B
:10520000013B012199400B001BB2134319B2182333
:10521000C318DB191A7889B2304B5200D1521823C7
:10522000C318DB191A781823E318DB1918782C49EE
:1052300013009B009B185B009B181B185B005B5ABC
:10524000DB089BB2013B3A6A152118200918C919DD
:105250000978D15414221823D318DB1918215218B5
:10526000D219127801321A7017211823CB18DB19C2
:105270001A781823CB18DB1901321A701723182259
:105280009B18DB191B78062B00D87EE71621182304
:10529000CB18DB191A781823CB18DB1901321A70D6
:1052A0000D4B1B78162218215218D21912789A42E7
:1052B00000D252E7142318229B18DB191B78002B0D
:1052C00000D033E7132318229B18DB191B78B5464F
:1052D0001800BD460DB0F0BD7C0000207C0D002004
:1052E000440E0020B0B594B000AF0200FB1D1A7050
:1052F000BB1D0A1C1A700823FB1800221A60043315
:105300002E22002118001EF092FB3B23FB180022E6
:105310001A704F23FB1800221A703A23FB18002240
:105320001A704E23FB1800221A709F4B1A2200217C
:1053300018001EF07CFBFB1D1B78013B9B4A0021E3
:10534000D154FB1D1B78013B994A0021D154012304
:10535000BB6432E0FB1D1B785A1E964913009B006C
:105360009B185B009B18BA6C9B185B005B5A002B68
:1053700020D0FB1D1B785A1E8E4913009B009B18E2
:105380005B009B18BA6C9B185B005B5ADB089AB2F7
:10539000BB1D1B789BB29A420CD1BB1D1B78013BF5
:1053A000824A0121D154804BBA1D12781A70BB6C0D
:1053B000DBB2F5E0BB6C0133BB64BB6C062BC9DD13
:1053C00001237B6411E0FB1D1B787A6C9A4209D0A3
:1053D0007B6C013B754AFF21D1547B6C013B744AC5
:1053E0000021D1547B6C01337B64734B1B781A0012
:1053F0007B6C9342E7DD77E008243A196B4B110090
:10540000180000F0DBF803001A004F217B1801326E
:105410001A707A18BB1D12781B789A426DD07B18CF
:105420001B78013B3A190121D1544323FB18012277
:105430001A7054E04F243B191B785A1E43257B19E0
:1054400018785C4913009B009B185B009B181B1885
:105450005B005B5A002B3CD03B191B785A1E7B1912
:105460001878544913009B009B185B009B181B186D
:105470005B005B5ADB089AB23A217B181A707B18E2
:105480001B78013B0822BA18D35C002B21D13B19B1
:105490001B78013B454AD25C3B203B1801321A7015
:1054A0007B181B78013B414AD35C05003A181278FF
:1054B0009A420ED208007B181B78013B3B4A7919AF
:1054C0000978D1543B181B78013B394A39190978BE
:1054D000D15443217B181A787B1801321A70432368
:1054E000FB181B78062BA5D90823FB18180000F021
:1054F000A9F8031E00D17FE700E0C04613E04E226A
:10550000BB181B78BA18591C11701900264B4F2074
:105510003A1812785A5401007B181B785A1E7B18CF
:1055200023498A5C1A704F23FB181B78013B204AE1
:10553000D35C002BE3D10123FB632DE0FB1D1B7823
:105540005A1E1C4913009B009B185B009B18FA6BAA
:105550009B185B005B5A002B1BD0FB1D1B785A1E4F
:10556000144913009B009B185B009B18FA6B9B1857
:105570005B005B5ADB089BB2BA1D1278013A0B49FB
:105580008A5C013A08498A5C934202D1FB6BDBB228
:1055900006E0FB6B0133FB63FB6B062BCEDD0023C8
:1055A0001800BD4614B0B0BDFC19002080100020CA
:1055B0009C100020440E00207C00002080B584B0A8
:1055C00000AF786039600F217B18FF221A700E231C
:1055D000FB1800221A703B681B78002B03D17B1844
:1055E0007A6812781A700023BB601BE0BB687A6887
:1055F000D3181B780F217A1812789A420FD9BB68FA
:105600003A68D3181B78002B09D1BB687A68D21886
:105610007B1812781A700E23FB18BA681A70BB68D0
:105620000133BB60064B1B781A00BB689342DDDB7D
:105630000E23FB181B781800BD4604B080BDC04681
:105640007C00002080B584B000AF78600F23FB1889
:1056500001221A700023BB600CE0BB687A68D31883
:105660001A780F217B18791809780A401A70BB68DC
:105670000133BB60064B1B781A00BB689342ECDB1E
:105680000F23FB181B781800BD4604B080BDC04630
:105690007C000020F0B587B002AF0200FB1D1A703D
:1056A000854A864B110018001EF042F9834B180002
:1056B000FAF734FD03009AB28049FB1D18780123E4
:1056C0005B42009332230FF0D3F80F23FB18012223
:1056D0001A701BE00F243B191A787949774B180090
:1056E0001EF026F9754B1800FAF718FD03009AB260
:1056F0007249FB1D187801235B42009332230FF09F
:10570000B7F83B191A783B1901321A700F23FB18AE
:105710001B78042BDED96B49FB1D187801235B42F3
:105720000093322303220FF0A3F80E23FB1800226C
:105730001A70ABE00E243B191B785A1C62495F4B70
:1057400018001EF0F5F85D4B1800FAF7E7FC0300AF
:105750009AB25A49FB1D187801235B420093322309
:105760000FF086F83B191A78584B16214A43D35A42
:105770001A0013005B009B185B00554A99184F4BA9
:10578000052218001EF087F94C49FB1D18780123EB
:105790005B420093322305220FF06AF84D49FB1D4E
:1057A000187801235B420093322301220FF060F846
:1057B0000D23FB1801221A7053E00E23FB181A78F0
:1057C0000D23FB181878414913009B009B185B00C0
:1057D0009B181B185B005B5A002B06D13E49374BC8
:1057E000002218001EF0A4F826E00E257B191A7876
:1057F0000D26BB191878354913009B009B185B00D8
:105800009B181B185B005B5ADB089BB21C007B19C2
:105810001A78BB1918782D4913009B009B185B0060
:105820009B181B185B005B5A1A00072313402B4977
:10583000224822001EF07CF8204B1800FAF76EFC7C
:1058400003009AB21D49FB1D187801235B420093A7
:1058500032230FF00DF80D217B181A787B180132D6
:105860001A700D23FB181B78042BA6D91C49FB1DAD
:10587000187801235B420093322302220EF0F8FFD6
:105880000E217B181A787B1801321A70154B1B7881
:105890000E22BA1812789A4200D24BE71249FB1D29
:1058A000187801235B420093322301220EF0E0FFBF
:1058B000C046BD4605B0F0BDCC8D020848090020A9
:1058C000E08D0208E88D0208EC8D0208440E0020ED
:1058D000D8870208F88D0208FC8D0208008E0208A5
:1058E000088E02087C0000200C8E020890B587B05C
:1058F00002AF0200FB1D1A703C4A3D4B110018001C
:105900001EF016F83A4B1800FAF708FC03009AB29A
:105910003749FB1D187801235B42009332230EF0B8
:10592000A7FF0F23FB1801221A703EE00E23FB187D
:1059300001221A702EE00F203B181B785A1E2D4BA7
:105940005200D35A19000E243B191B78013B8022C8
:1059500012021A4113000B4016D03B181A783B195B
:105960001B78254922481DF0E3FF214B1800FAF768
:10597000D5FB03009AB21E49FB1D187801235B4238
:10598000009332230EF074FF0E217B181A787B18D7
:1059900001321A700E23FB181B780A2BCBD90F216A
:1059A0007B181A787B1801321A70144B1B780F225F
:1059B000BA1812789A42B9D9114A0D4B1100180041
:1059C0001DF0B6FF0A4B1800FAF7A8FB03009AB2C5
:1059D0000749FB1D187801235B42009332230EF028
:1059E00047FFC046BD4605B090BDC046108E0208B8
:1059F00048090020181200202C8E02087C0000208C
:105A0000408E0208F0B589B002AF0200FB1D1A708B
:105A10001223FB1800221A8012F07EFF0300FB60A5
:105A2000FB6800221A70C74B1B781A00C649C74B87
:105A300018001DF07DFFC54AFB68110018001DF01D
:105A4000FEFFC34B1B781A00C249C04B18001DF063
:105A50006FFFBE4AFB68110018001DF0F0FFBE4941
:105A6000BA4800230093042300221DF061FFB74AC7
:105A7000FB68110018001DF0E2FFB84AB849B34BAB
:105A800018001DF055FFB14AFB68110018001DF009
:105A9000D6FFB44AB449AD4B18001DF049FFAB4ADC
:105AA000FB68110018001DF0CAFFB04AA74B110097
:105AB00018001DF03DFFA54AFB68110018001DF0FD
:105AC000BEFF1723FB1801221A7048E017243B1968
:105AD0001A78A7499D4B18001DF02AFF9B4AFB68C6
:105AE000110018001DF0ABFF3B191B78A14AD35CD5
:105AF000042B27D89A00A04BD3181B689F469F4AB7
:105B0000924B110018001DF013FF1CE09C4A8F4BB4
:105B1000110018001DF00CFF15E09A4A8B4B110084
:105B200018001DF005FF0EE0974A884B1100180081
:105B30001DF0FEFE07E0954A844B110018001DF091
:105B4000F7FE00E0C046814AFB68110018001DF016
:105B500076FF17217B181A787B1801321A701723E9
:105B6000FB181B78042BB1D9894A784B1100180017
:105B70001DF0DEFE754AFB68110018001DF05FFF86
:105B80001623FB1801221A7043E016217B181B789C
:105B90005A1E804B9200D3581B68002B0DD17B18E6
:105BA0001A787D49694B18001DF0C2FE674AFB68F0
:105BB000110018001DF043FF25E01626BB191C78C4
:105BC000BB191B785A1E734B9200D3589B6A18005E
:105BD0000BF01CFC03001D00BB191B785A1E6F4BF9
:105BE0009200D35818000BF011FC03006C49574881
:105BF00000932B0022001DF09BFE544AFB6811000D
:105C000018001DF01CFF16217B181A787B18013232
:105C10001A701623FB181B78062BB6D9FB681800E0
:105C2000FAF77CFA03001A00FB689A185D4B100023
:105C3000190003231A001EF022F8FB681800FAF777
:105C40006DFA03001A00FB689A18574B10001900F0
:105C50001D231A001EF013F8FB681800FAF75EFA0D
:105C600002001223FB181A801523FB1801221A7058
:105C700023E0344B1B785A1E4C4B5200D35A190068
:105C800015203B181B78013B802212021A41130099
:105C90000B400CD03B181A7845492C4B18001DF0CE
:105CA00047FE2A4AFB68110018001DF0C8FE1521A6
:105CB0007B181A787B1801321A701523FB181B7891
:105CC000042BD6D91223FB181C88FB681800FAF79E
:105CD00025FA03009C420ED1FB681800FAF71EFA61
:105CE00003001A00FB689A18324B100019000523B4
:105CF0001A001DF0C4FFFB681800FAF70FFA030042
:105D00001A00FB689A18274B1000190003231A0089
:105D10001DF0B5FFFB1D1B78002B0ED0FB68180093
:105D2000FAF7FCF903009AB2F968FB1D1878012311
:105D30005B42009332230EF09BFDC046BD4607B088
:105D4000F0BDC0464C120020608E020848090020B9
:105D5000380A00207C8E0208988E0208B88E02084D
:105D6000C48E0208DC8E0208E88E0208048F020846
:105D7000188F0208440A00201C900208208F020895
:105D8000288F0208408F02084C8F0208688F020893
:105D9000888F0208E0250020A08F020870180020DC
:105DA000BC8F0208088E0208EC8F0208181200202F
:105DB0000C9002081490020890B585B000AF78608E
:105DC0000E23FB1800221A700F23FB1800221A70F2
:105DD0004A4A7B6811001800FAF796F9031E03D1AE
:105DE000474B1B781BB285E0464A7B6811001800C0
:105DF000FAF78AF9031E01D1FF237BE07B681B7849
:105E0000232B25D17B68013318001CF0B6F9020062
:105E10000E217B181A700A00BB181B78002B0AD0C1
:105E2000394B1B781100BA1812789A4203D87B18A4
:105E30001B781BB25EE0324B1B780E22BA18127828
:105E40009A4203D12E4B1B781BB253E0662351E0DC
:105E50000F23FB1800221A701DE00F243B191A783B
:105E600013009B009B185B00284A9A187B6811005E
:105E70001800FAF749F9031E07D17B681B78002B3D
:105E800003D03B191B781BB234E00F217B181A7822
:105E90007B1801321A701C4B1B780F217A1812786C
:105EA0009A42DAD37B1800221A701DE00F243B19A6
:105EB0001A7813009B009B185B00154A9A187B68A0
:105EC00011001800FAF720F9031E07D13B191B78BF
:105ED0001B021BB2FE2213431BB20BE00F217B18E7
:105EE0001A787B1801321A700F23FB181B78092BC4
:105EF000DCD964231800BD4605B090BD309002087F
:105F00004C120020349002087C000020B8100020C1
:105F10009C090020B0B586B000AF02003960FB1DBF
:105F20001A701323FB1800221A7000237B610023D0
:105F30007B610FE07B699A00404BD2183B681100EF
:105F40001800FAF7E1F8031E01D1062371E07B691E
:105F500001337B617B69032BECDD01237B6112E064
:105F60007A6913009B009B185B00354A9A183B68BE
:105F700011001800FAF7C8F8031E01D1072358E0F2
:105F80007B6901337B612F4B1B781A007B6993423D
:105F9000E6DB00237B6112E07A6913009B009B180B
:105FA0005B00294A9A183B6811001800FAF7ACF810
:105FB000031E01D107233CE07B6901337B617B69D0
:105FC000092BE9DD214B224A1A6019E01F4B1B689F
:105FD0001B681B68FB60FB681800FAF79FF803005A
:105FE000BB60BA68F9683B6818001DF043FD031EEA
:105FF00001D108231DE0154B1B685A68134B1A602A
:10600000124B1B68002BE1D1FB1D1A7813009B007B
:106010009B185B000A4A9B183A68110018001DF093
:1060200026FE13257C19FDF7E3FE030023707B1980
:106030001B781800BD4606B0B0BDC04600890208F6
:10604000B81000207C0000209C0900207C12002059
:10605000D001002080B588B000AF02003960FB1D80
:106060001A701723FB1800221A700023FB6100230B
:10607000BB610023FB6129E0FA6913009B009B18B8
:106080005B005B4A9A183B6811001800FAF73CF86D
:10609000031E18D1FB1D1B785A1E564B5200D35AB3
:1060A0001AB20121FB6999400B001BB2134319B2CC
:1060B000FB1D1B785A1E89B24E4B5200D15217233A
:1060C000FB181B7890E0FB690133FB61FB69092B2E
:1060D000D2DD0023BB610FE0BB699A00464BD218AA
:1060E0003B6811001800FAF70FF8031E01D10623D0
:1060F0007AE0BB690133BB61BB69032BECDD012393
:10610000BB6112E0BA6913009B009B185B003B4A1D
:106110009A183B6811001800F9F7F6FF031E01D129
:10612000072361E0BB690133BB61354B1B781A0063
:10613000BB699342E6DB334B334A1A6019E0314BBB
:106140001B681B681B683B613B691800F9F7E6FF99
:106150000300FB60FA6839693B6818001DF08AFC8F
:10616000031E01D108233FE0264B1B685A68254BCC
:106170001A60244B1B68002BE1D10023FB6118E05F
:106180001B49FA6913009B009B185B005B5C002BAA
:106190000CD1FA6913009B009B185B00144A9B18F2
:1061A0003A68110018001DF062FD05E0FB6901333B
:1061B000FB61FB69092BE3DDFB1D1B785A1E0D4BB0
:1061C0005200D35A1AB20121FB6999400B001BB24D
:1061D000134319B2FB1D1B785A1E89B2054B52009E
:1061E000D1521723FB181B781800BD4608B080BD9C
:1061F0009C090020E411002000890208B81000204A
:106200007C00002080120020D001002080B586B0E4
:1062100000AFB9607A6019000F23FB18021C1A70D6
:106220000E203B180A1C1A701623FB1820221A8015
:106230007A6880231B059A4200D3D4E07B68DAB2E7
:10624000E54B1A70E44B3A1812785A703B181B78D9
:10625000082B00D9BDE19A00E04BD3181B689F467C
:10626000BB681B78DAB2DC4B9A700F23FB181B78E3
:1062700003222021180005F017F8B4E1BB681B7851
:106280005BB2DAB2D44B9A700F23FB181B7803224F
:106290002021180005F008F8A5E1BB681B889BB217
:1062A000DAB2CD4B9A70BB681B889BB21B0A9BB2BB
:1062B000DAB2C94BDA700F23FB181B7804222021B5
:1062C000180004F0F1FF8EE1BB681B881BB2DAB244
:1062D000C14B9A70BB681B881BB21B121BB2DAB28F
:1062E000BD4BDA700F23FB181B7804222021180005
:1062F00004F0DAFF77E1BB681B68DAB2B64B9A703C
:10630000BB681B681B0ADAB2B34BDA70BB681B6848
:106310001B0CDAB2B04B1A71BB681B681B0EDAB2E9
:10632000AD4B5A710F23FB181B7806222021180051
:1063300004F0BAFF57E1BB681B68DAB2A64B9A704B
:10634000BB681B681B12DAB2A34BDA70BB681B6810
:106350001B14DAB2A04B1A71BB681B681B16DAB2A9
:106360009D4B5A710F23FB181B7806222021180021
:1063700004F09AFF37E1BB681B78DAB2964B9A704B
:10638000BB6801331B78DAB2934BDA70BB68023317
:106390001B78DAB2904B1A71BB6803331B78DAB200
:1063A0008D4B5A71BB6804331B78DAB28A4B9A71F1
:1063B000BB6805331B78DAB2874BDA71BB680633EA
:1063C0001B78DAB2844B1A72BB6807331B78DAB2D7
:1063D000814B5A720F23FB181B780A2220211800C8
:1063E00004F062FFFFE07C4B00221A707A4B0E2112
:1063F0007A1812785A707B681B0EDAB2764B9A7054
:106400007B681B0CDAB2744BDA707B681B0ADAB259
:10641000714B1A717B68DAB26F4B5A717B181B781B
:10642000082B00D9DEE09A006D4BD3181B689F46FD
:10643000BB681B78DAB2684B9A711623FB1819886F
:106440000F23FB181B780722180004F02DFFCAE069
:10645000BB681B785BB2DAB25F4B9A711623FB18EC
:1064600019880F23FB181B780722180004F01CFF63
:10647000B9E0BB681B889BB2DAB2574B9A71BB6814
:106480001B889BB21B0A9BB2DAB2534BDA711623FC
:10649000FB1819880F23FB181B780822180004F03A
:1064A00003FFA0E0BB681B881BB2DAB24A4B9A71AB
:1064B000BB681B881BB21B121BB2DAB2464BDA71E7
:1064C0001623FB1819880F23FB181B7808221800C5
:1064D00004F0EAFE87E0BB681B68DAB23E4B9A71B3
:1064E000BB681B681B0ADAB23B4BDA71BB681B68DE
:1064F0001B0CDAB2384B1A72BB681B681B0EDAB27F
:10650000354B5A721623FB1819880F23FB181B787A
:106510000A22180004F0C8FE65E0BB681B68DAB206
:106520002D4B9A71BB681B681B12DAB22A4BDA71C9
:10653000BB681B681B14DAB2274B1A72BB681B6856
:106540001B16DAB2244B5A721623FB1819880F2334
:10655000FB181B780A22180004F0A6FE43E0BB6873
:106560001B78DAB21C4B9A71BB6801331B78DAB224
:10657000194BDA71BB6802331B78DAB2164B1A7208
:10658000BB6803331B78DAB2134B5A72BB6804330F
:106590001B78DAB2104B9A72BB6805331B78DAB2FB
:1065A0000D4BDA72BB6806331B78DAB20A4B1A73EA
:1065B000BB6807331B78DAB2074B5A731623FB18F4
:1065C00019880F23FB181B780E22180004F06CFEAC
:1065D00009E0C04607E0C0462C0B002038900208B6
:1065E0005C900208C0463B6A002B13D015F056FBA6
:1065F00003003B61C0460A4B1B78002B07D015F007
:106600004DFB02003B69D31A3A6A9A42F3D8044B15
:106610001B7800E000231800BD4606B080BDC046D0
:106620006D120020B0B584B002AF1E201BF0ACFD8F
:1066300003007B607B681E22002118001DF0F7F923
:106640000C4B1B7D5A1E0C4B9200D258094B9B7D64
:106650001D00084B5B7D1C00064B1B8B07497868AF
:10666000019300942B001DF063F97B681800BD4670
:1066700002B0B0BD5012002000000020A890020817
:1066800090B587B004AF0200FB1D1A70BB1D0A1C39
:106690001A700D4B19780C4B1C78BB1D1A78FB1D1A
:1066A00018780123039301235B42029301235B4289
:1066B000019302230093230005F042F90300180020
:1066C000BD4603B090BDC0464C12002080B588B0D6
:1066D00006AF0200FB1D1A70BB1D0A1C1A700023B6
:1066E00004930023039300230293002301930023C8
:1066F00000930023002200210020FDF7E1FBFB1D99
:106700001B785A1E1F4B9200D3581B68002B14D0C5
:10671000BB1D1B785A1E1B4B9200D3581B68002BC5
:106720000BD0FB1D1B7818000BF0D0F9BB1D1B789C
:1067300018000BF0CBF9002320E0FB1D1B785A1E3C
:10674000104B9200D3581B68002B06D0FB1D1B7802
:1067500018000BF0BBF9002310E0BB1D1B785A1E7C
:10676000084B9200D3581B68002B06D0BB1D1B782A
:1067700018000BF0ABF9002300E068231800BD46B9
:1067800002B080BDE025002080B584B000AFF86085
:10679000B960FB1D1A70FB68002B2FD0BB68002B63
:1067A0002CD0FB1D1B78033B042B29D89A00164BD9
:1067B000D3181B689F46F968BB68022218001DF0B9
:1067C0005EFA1EE0F968BB68022218001DF057FA55
:1067D00017E0F968BB68042218001DF050FA10E0B9
:1067E000F968BB68042218001DF049FA09E0F9684D
:1067F000BB68042218001DF042FA02E0C04600E027
:10680000C046BD4604B080BD8090020880B584B00B
:1068100000AFF860B960FB1D1A70BB68002B2FD069
:10682000FB68002B2CD0FB1D1B78033B042B29D8C5
:106830009A00164BD3181B689F46B968FB68022262
:1068400018001DF01CFA1EE0B968FB68022218004F
:106850001DF015FA17E0B968FB68042218001DF056
:106860000EFA10E0B968FB68042218001DF007FA60
:1068700009E0B968FB68042218001DF000FA02E084
:10688000C04600E0C046BD4604B080BD94900208FA
:10689000B0B588B002AF78600D23FB1800221A70E3
:1068A0001723FB1800221A7000233B610E23FB18EC
:1068B00000221A8001235B421900012014F024FCFD
:1068C00012F02AF803003B61784B9A68E1231B031E
:1068D0009A421ED01623FB1801221A7014E0744B42
:1068E0001B7816217A1812789A4207D0E1231A03EE
:1068F0007B181B78110018000EF050F816217B1839
:106900001A787B1801321A701623FB181B78042B97
:10691000E5D9684B1B781C00674B1B881A001300D5
:106920005B009B185B00654A9A18614B1B786449B1
:1069300064480093130022001CF0FAFF5C4B1C78A3
:10694000614B1D68604B1B681800F9F7E7FB0300FB
:106950009AB20A23290020000DF0E0FF544B1C7866
:10696000584B1800F9F7DAFB03009AB255490A238D
:1069700020000DF0D3FF554B1B78012B00D091E088
:10698000534B1A780D217B181A70514B00221A7044
:106990004E4B00221A70464B18780C0079180A23C7
:1069A00001220DF0BBFF3B191B787F2B3CD050DC44
:1069B0000D2B05D04DDC082B36D00A2B6DD048E0CE
:1069C0003B4B1C78434B1D68424B1B681800F9F782
:1069D000A5FB03009AB20A23290020000DF09EFFB8
:1069E0001723FB181B785BB2002B05D13A4A3B4BAF
:1069F000110018001DF03BF92D4B18783B69374A00
:106A0000012100F06FF8354A334B110018001DF0DA
:106A10002EF91723FB1800221A70304B3222002166
:106A200018001DF004F83DE017217B181B785BB2BD
:106A3000002B34DD7B181B785BB2DBB2013BDAB292
:106A40007B181A707B181B785BB2244A0021D15442
:106A500025E00D203B181B785A1C214BD3181B78BE
:106A60001A00972313401CD017217B181B785BB2A8
:106A7000312B16DC3B181A7808007B181B785BB2A8
:106A800051B2164AD15401007B181B785BB2DBB2BD
:106A90000133DAB27B181A7003E0C04602E0C04648
:106AA00000E0C04612F0ACF965E7C0465012002085
:106AB000380A00204C1200207A000020D8870208F3
:106AC000A8930208D41200209C0000203E0A002057
:106AD000241F0020A0000020981300206413002031
:106AE00078B90208F0B58DB002AFBA607B600F23B1
:106AF000FB18021C1A700E23FB180A1C1A701423B0
:106B0000FB1800221A6004330522002118001CF033
:106B10008EFF00233B621E23FB1800221A80BB68F5
:106B2000180000F09DFAC94B1B78002B22D1C849F0
:106B3000BB68032218001CF09DFF031E1AD1BB681E
:106B400003331900012000F0C1FA031E09D0C14A25
:106B50007B68110018001CF0EBFEBC4B00221A7081
:106B600005E0BA4B02221A707B680D221A700023CE
:106B70007B6217E2B54B1B78002B18D0B649BB6877
:106B8000062218001CF076FF031E10D1AF4B002226
:106B90001A70B24B1900032000F098FAB04A7B68D3
:106BA000110018001CF0C4FE00237B62FAE1A74B21
:106BB0001B78022B13D1BB681900022000F086FA63
:106BC000031E06D0A34A7B68110018001CF0B0FE1B
:106BD00002E07B680D221A7000237B62E2E1BB6851
:106BE0002E2118001CF038FF03003B623B6A002B8B
:106BF00000D1CEE13B6A033B9A49032218001CF006
:106C000039FF031E00D1C4E13B6A01331B785A1CD3
:106C1000954BD3181B781A000423134000D0B8E119
:106C20003A6ABB68D31A1A00B96814257B19180090
:106C30001CF031FF1E26BC197B191800FFF7BCF8A9
:106C400003002380BB1900229B5E884A127893427E
:106C50000AD13B6A0133992292007968180011F039
:106C6000CDFD03007B629DE11E23FB1800229B5E8D
:106C7000642B08D17E4A7B68110018001CF058FE76
:106C800000237B628EE11E23FB1800229B5E662B95
:106C900008D1784A7B68110018001CF049FE0023D7
:106CA0007B627FE11E23FB1800229B5EFF2B48D1F5
:106CB000714B1A22002118001CF0B9FE3B6A5C1CC3
:106CC000BB681800F9F72AFA05001426BB1918004A
:106CD000F9F724FA0300EB1A5A1E684B210018003A
:106CE0001CF0D9FE614B1D78BB681800F9F716FA45
:106CF00003009CB2BB191800F9F710FA03009BB20D
:106D0000E31A9BB21722FF21280004F083FA3B6AA2
:106D10000133992292007968180011F06FFD030089
:106D20007B627B681800F9F7F9F903001A007B68A9
:106D30009A18534B100019001D231A001CF09FFFD6
:106D400030E11E22BB181B88DBB2FE2B59D1BB18C9
:106D500000229B5E1B121BB2DAB24A4B1A70464BE2
:106D60001A22002118001CF062FE3B6A5C1CBB6802
:106D70001800F9F7D3F905001423FB181800F9F7E8
:106D8000CDF90300EB1A5A1E3C4B210018001CF0F1
:106D900082FE364B1D783B4B1E78BB681800F9F716
:106DA000BDF903009CB21423FB181800F9F7B6F9DB
:106DB00003009BB2E31A9BB217223100280004F0B3
:106DC00029FA2A4B1B785A1E2F4B5200D35A1A000D
:106DD0002C4B1B781A4113000122134009D03B6A47
:106DE0000133992292007968180011F007FD030021
:106DF0007B621423FB187A68244978681CF098FD9C
:106E0000D0E03B6A01332249062218001CF032FE12
:106E1000031E43D11F4B1A7860218A431A701E2427
:106E20003B191B88DBB200221921180004F03CFA40
:106E3000642011F0F9FB0D4B18783B191B88D9B26F
:106E4000154B1A78002309F0FDFF7FE0CA130020DC
:106E5000D4930208D89302082C94020834940208B0
:106E6000389402087C94020878B902084C12002079
:106E700080940208A8940208C81100202C0B00205E
:106E8000D0940208CB130020E4110020F0940208F3
:106E90001C9502086C120020380A00203B6A5C1C1A
:106EA000BB681800F9F73AF905001426BB19180059
:106EB000F9F734F90300EB1A5A1E614B2100180050
:106EC0001CF0E9FD1E23FB181B88DDB2BB6818000F
:106ED000F9F724F903009CB2BB191800F9F71EF961
:106EE00003009BB2E31A9BB2013B9BB21A0017212D
:106EF000280004F0D9F91E23FB1800229A5E51499C
:106F00007B6818001CF014FD7B681B78002B13D0E5
:106F10000E23FB181B78002B0ED07B681800F9F7A6
:106F2000FDF803009AB279680F23FB181878012343
:106F3000009332230DF09CFC7B681800F9F7EEF803
:106F400002007B68002118001CF071FD3E4B1B788D
:106F500060221340DBB2602B18D1FA239B0019008A
:106F6000012014F0D1F8394B1B78002B0ED0384B90
:106F70001B8801339AB2364B1A801E23FB1800225D
:106F80009B5E7A68334978681CF0D2FC00237B62F0
:106F900008E099239A007968BB68180011F02EFC6C
:106FA00003007B627B681B78002B14D00E23FB1838
:106FB0001B78002B0FD07B681800F9F7AFF803009F
:106FC0009AB279680F23FB18187801235B4200936B
:106FD00032230DF04DFC7B681800F9F79FF8020092
:106FE0007B68002118001CF022FD7B6A002B00D07A
:106FF00095E51423FB180922002118001CF017FD49
:10700000154B1B78002B17D10E23FB181B78002B78
:1070100012D0124B1C68114B1B681800F9F77EF850
:1070200003009AB20F23FB18187801235B420093E8
:10703000322321000DF01CFCC046BD460BB0F0BD54
:107040002C0B0020249502086C1200206D120020E9
:10705000FC12002048950208CA130020A40000205A
:1070600080B584B000AF78600023FB6020E0FB684F
:107070007A68D2180B217B1812781A707B181B784B
:107080005A1C114BD3181B781A0003231340012BF1
:1070900003D17B181B78203302E00B23FB181B78ED
:1070A000FA6879688A18DBB21370FB680133FB60F9
:1070B000FB687A68D3181B78002BD8D1C046C0462D
:1070C000BD4604B080BDC04678B9020890B587B00F
:1070D00000AF02003960FB1D1A7000237B610023A2
:1070E0003B613E4B1B785A1E13009B009B189B0074
:1070F0003B4A9B18FB60FB1D1B78032B05D065DC0E
:10710000012B08D0022B0CD060E0FB6801221A741E
:1071100009F080FD5CE03B68180000F063F80300B4
:1071200057E0FB68DB68002B2FD0FB68DB6818009A
:10713000F8F7F4FF03003B61FB68DC683B6818006C
:10714000F8F7ECFF02003B69D31802331900200066
:107150001BF068FA0300BB60BB68002B01D10E2353
:1071600037E0FB68BA68DA60FB68DA683B69D31815
:1071700013221A70FB68DA683B690133D3183A6846
:10718000110018001CF073FD22E03B681800F8F7AE
:10719000C5FF0300013318001AF0F6FF03001A00C0
:1071A000FB68DA60FB68DB68002B07D1FB68142200
:1071B000002118001CF03BFC0E230AE0FB68DB6892
:1071C0003A68110018001CF052FD01E0FF2300E0B6
:1071D00000231800BD4607B090BDC0463D0A002000
:1071E00000130020B0B58AB000AF78602723FB18E9
:1071F00000221A7000233B620023FB610023BB6165
:107200001723FB1800221A701623FB1800221A708D
:107210001523FB1800221A70A44B1B78042B01D9EC
:107220000E233EE1A14B1B781A0013009B009B1814
:107230009B009F4A9B183B613B690A220021180072
:107240001CF0F5FB7B681B78622B00D08FE07B681D
:1072500002331B782E2B00D089E07B6801331B782A
:107260002F2B00D883E07B6801331B78342B00D9A7
:107270007DE07B6801331A7817243B19303A1A7085
:107280003B6901221A703B693A1912789A707B683F
:1072900003338849072218001CF0ECFB031E18D1A9
:1072A0003B690522DA7020003B181A7882491300E6
:1072B0005B009B18CB1802331B781A000123134084
:1072C0004DD13B181B780122052118000BF056FD0B
:1072D00045E07B68033379490E2218001CF0CAFB95
:1072E000031E18D13B690622DA7017203B181A7862
:1072F000714913005B009B18CB1802331B781A00EE
:10730000022313402BD13B181B78012206211800C1
:107310000BF034FD23E07B68033369490822180031
:107320001CF0A8FB031E18D13B690722DA70172056
:107330003B181A78604913005B009B18CB18023386
:107340001B781A000323134009D13B181B78012234
:10735000072118000BF012FD01E06723A1E0534B59
:107360001B780133DAB2514B1A70002399E0796827
:10737000544B312218001CF08EFB524B312200215D
:107380009954514A4F4B110018001CF099FB03000F
:107390003B624D4B190000201CF092FB0300FB6187
:1073A000494B190000201CF08BFB0300BB613B6ABA
:1073B000002B01D1672374E016257C193B6A180065
:1073C000FCF7FCFE0300237029007B181B78002BC0
:1073D00014D0FB69002B11D1BB69002B0ED13B6986
:1073E00002221A703B697A181278DA702F4B1B78D8
:1073F0000133DAB22D4B1A70002352E0FB69002BE7
:107400004ED0BB69002B4BD015257C19BB691800E9
:10741000FCF7D4FE0300237029007B181B78002B97
:107420000CD03B6904221A703B691622BA181278F4
:10743000DA703B697A181278DA711BE03B69032233
:107440001A703B691622BA181278DA70BB691800F4
:107450001AF088FE02000B0010001900FBF704FE72
:10746000031CFB603B6906330C22B9180422180088
:107470001CF005FCFB691800FCF7D2FE03001A00A3
:107480003B695A703B695B78002B01D1672308E0A8
:10749000064B1B780133DAB2044B1A70002300E06C
:1074A00067231800BD460AB0B0BDC0463D0A0020A3
:1074B0000013002068950208A0260020709502089D
:1074C00080950208CC1300208C95020890B587B0F7
:1074D00000AF0200FB1D1A701723FB1800221A7060
:1074E00000233B610023FB60FB1D1A7867491300F2
:1074F0009B009B189B005B5C042B00D1BCE000DD73
:10750000BCE0032B2BD000DDB8E0012B03D0022B15
:1075100000D1B5E0B2E0FB1D1A78172439195B4899
:1075200013009B009B189B00C31802331B780B7041
:10753000FB1D1A78554913009B009B189B00CB1824
:10754000033319783B191A78514813005B009B18D4
:107550001B5C994201D1012394E0002392E0FB1DC2
:107560001A784A4913009B009B189B00CB180333E1
:107570001B781022BA181100180009F0DDFDFB1D60
:107580001A7813009B009B189B00404A9B18991D7A
:107590000C23FB18042218001CF071FBFB1D1A7849
:1075A0003A4913009B009B189B00CB1801331B78B2
:1075B000062B00D95EE09A00364BD3181B689F4615
:1075C0003B69FA68111C181CF8F784FF031E00D1F0
:1075D00051E0012356E03B69FA68111C181CF8F7CA
:1075E00093FF031E00D146E001234BE03B69FA689C
:1075F000111C181CF8F774FF031E00D13BE03B6917
:107600000021181CF8F766FF031E00D033E00123A9
:1076100038E03B69FA68111C181CF8F77FFF031E5D
:1076200000D128E001232DE03B69FA68111C181CE9
:10763000F8F760FF031E00D11DE03B690021181C14
:10764000F8F748FF031E00D015E001231AE03B695C
:10765000FA68111C181CF8F73DFF031E00D00AE061
:107660003B690021181CF8F735FF031E00D002E02B
:10767000012307E0C04604E0C04602E0C04600E047
:10768000C04600231800BD4607B090BD001300207F
:10769000A02600209095020880B582B000AF7B1D27
:1076A00000221A70BB1D00221A8000233B6011F0DB
:1076B00033F903003B60BB1D00221A8043E0BB1D71
:1076C0001A88274913009B009B189B00CB18103386
:1076D0001B78002B32D0BB1D1B88DBB21800FFF7D4
:1076E000F5FE031E2AD01F4B1A7860218A43111C15
:1076F00020220A431A7010E01B4B18783B681B4A83
:107700000021FFF7EFF93B681800F8F707FD0200CA
:107710003B68002118001CF08AF9BB1D1A8810492B
:1077200013009B009B189B00CB180C331B680F4A5F
:107730001100180000F01EF8031EDDD1BB1D1A88D1
:10774000BB1D01321A800A4B1B781A00BB1D1B8817
:107750009342B4D37B1D1B781800BD4602B080BD98
:10776000001300206C120020380A002000140020B2
:107770003D0A002090B583B000AF78603960314B8E
:107780001B785A1E304913009B009B189B00CB1896
:107790000C331B68002B01D100234FE02B4B1B68DF
:1077A000002B02D1294B7A681A60284B1B681B7882
:1077B000002B04D1254B00221A6000233EE0234B0E
:1077C0001B68132118001CF047F90200204B1A60B7
:1077D0001F4B1B68002B1BD01C4B19681C4B1A68D5
:1077E0001A4B1B68D31A1A003B6818001CF053F997
:1077F000174B1A68154B1B68D31A1A003B689B1865
:1078000000221A70124B1B685A1C104B1A6014E0AD
:107810000E4B19683B68312218001CF03CF93B689C
:10782000313300221A70094B1C683B681800F8F7C6
:1078300075FC0300E218054B1A6001231800BD46D1
:1078400003B090BD3D0A0020001300203414002036
:107850003814002080B500AFBFF34F8FC046044BF3
:10786000044ADA60BFF34F8FC046C046FDE7C0460A
:1078700000ED00E00400FA0580B500AFC046BD464B
:1078800080BD000080B500AF464B180010F08EFFA1
:10789000454B180010F08AFF444B180010F086FF8B
:1078A000434B180010F082FF424B180010F07EFF8F
:1078B000414B180010F07AFF404B180010F076FF93
:1078C0003F4B180010F072FF3E4B180010F06EFF97
:1078D0003D4B180010F06AFF3C4B180010F066FF9B
:1078E0003B4B180010F062FF3A4B180010F05EFF9F
:1078F000394B180010F05AFF384B180010F056FFA3
:10790000374B180010F052FF364B180010F04EFFA6
:10791000354B180010F04AFF344B180010F046FFAA
:10792000334B180010F042FF324B180010F03EFFAE
:10793000314B180010F03AFF304B180010F036FFB2
:107940002F4B180010F032FF2E4B180010F02EFFB6
:107950002D4B180010F02AFF2C4B180010F026FFBA
:107960002B4B180010F022FF2A4B180010F01EFFBE
:10797000294B180010F01AFF284B180010F016FFC2
:10798000274B180010F012FF264B20221A70254BAF
:1079900021221A7009F068FDFFF76EFFC046BD4650
:1079A00080BDC046A49602083C960208D8960208FC
:1079B000B8980208089902084099020890990208AC
:1079C000009A02083C9A02087C9A0208209B02084E
:1079D0009C9B0208F49B0208449C0208DC9C020861
:1079E000309D0208889D0208089E0208449E0208F5
:1079F000949E0208E49E0208449F02088C9F02089D
:107A0000D49F02081CA002085CA00208A4A00208DF
:107A100084A1020800A2020848A2020898A2020853
:107A200008A302083C0A002080B586B000AFF860C9
:107A3000B9607A600B4B7B617A69FB6811001800B2
:107A40001CF015F97B691800F8F768FB0200FB6869
:107A50009B18180013F014FA00231800BD4606B056
:107A600080BDC04618A3020880B586B000AFF8609C
:107A7000B9607A600B4B7B617A69FB681100180072
:107A80001CF0F5F87B691800F8F748FB0200FB686A
:107A90009B18180013F09AFA00231800BD4606B090
:107AA00080BDC04668A3020890B585B000AFF860FD
:107AB000B9607A601F4B1B7819001F4A0B009B00AE
:107AC0005B185B009B5C002B09D11C4B1968194BA0
:107AD0001B781A00FB6818001BF02AFF11E0184BF6
:107AE0001968144B1B781C00124B1B781A001300EA
:107AF0009B009B185B00104A9B18F86822001BF043
:107B000017FF80235901A023DB050122180016F07E
:107B10009EFBC82010F088FD80235901A023DB05BF
:107B20000022180016F093FB00231800BD4605B094
:107B300090BDC0464C120020B8100020A8000020C4
:107B4000AC000020B0B588B002AFF860B9607A60D0
:107B50001523FB1800221A70694A7B68012118005E
:107B600010F0E2FE0200674B1A60664B1B68002BA8
:107B70002AD1654B1968654B1B781A00FB68180001
:107B80001BF0D6FE624B1A68FB68110018001BF050
:107B900056FF604B1C78FB681800F8F7BFFA03002B
:107BA0009AB2F96801235B420093322320000CF063
:107BB0005FFE594B594A1A60594B01221A700A202C
:107BC00010F032FDFFF746FE4E4B18684C4B1B6819
:107BD0001A00544B19001BF04DFF031E00D07AE031
:107BE000514A7B680221180010F09EFE02004F4BA4
:107BF0001A604F4A7B680321180010F095FE0200BE
:107C00004C4B1A60494B1B681B785BB2232B0AD183
:107C1000464B1B68013318001AF0AFFA0200172315
:107C2000FB181A7003E01523FB1868221A70414BE9
:107C30001B681B785BB2702B0AD13E4B1B6801336B
:107C400018001AF09AFA02001623FB181A7003E0C3
:107C50001523FB1868221A702C4B1B7817257A19EC
:107C600012789A421FD0344B1A7860218A431A70D6
:107C7000324B16243A1912781A707B191B7801229C
:107C80001A21180003F010FB642010F0CDFC1F4BEC
:107C90001878204B1A783B191C787B191978230027
:107CA00009F0D0F81BE016243B1918780023009344
:107CB00019230022002103F0CFFB642010F0B4FC54
:107CC000124B1878114B1978124B1A783B191B7804
:107CD00009F0B8F803E01523FB1868221A70152381
:107CE000FB181B78682B06D1154B1A68FB6811002E
:107CF00018001BF0BCFF00231800BD4606B0B0BD45
:107D00008C14002090140020B00000204C120020A1
:107D100068000020380A0020F03F0220EFBEADDEF0
:107D20003A0A0020ACA30208941400209814002002
:107D30009C140020A01400206C1200202C0B0020AA
:107D4000B4000020B0B588B002AFF860B9607A60C6
:107D500017257B1900221A70324B1A68FB68110034
:107D600018001BF084FF304B1C78FB681800F8F7F4
:107D7000D5F903009AB2F96801235B4200933223DC
:107D800020000CF075FD7C19FCF75EFB03002370EE
:107D90007B191B78002B23D1244B1968244B1B78AB
:107DA0001A00FB6818001BF0C3FD1F4B1C78FB6812
:107DB0001800F8F7B3F903009AB2F96801235B429F
:107DC0000093322320000CF053FD174B1B78180052
:107DD000FDF760FC144B1B781800FDF787FD16E0DB
:107DE000144B1A68FB68110018001BF040FF0E4B83
:107DF0001C78FB681800F8F791F903009AB2F9684B
:107E000001235B420093322320000CF031FD0A4A2B
:107E1000FB68110018001BF08BFD00231800BD4605
:107E200006B0B0BDB8000020380A0020BC00002019
:107E30007C000020C0000020B0A3020880B584B000
:107E400000AFF860B9607A60FFF704FDB0B586B0A6
:107E500000AFF860B9607A601723FB1800221A702F
:107E60002D4A7B680121180010F05EFD02002B4BAB
:107E70001A60294B1B68092B04DD284B1B6809334A
:107E800000221A70264B1A78244B1B6817257C1980
:107E900019001000FEF73EF8030023707B191B78D1
:107EA000002B0AD11F4B19681D4B1B781A001B4B66
:107EB0001B68F8681BF03CFD28E01723FB181B78B3
:107EC000062B08D1184B1968144B1A68FB68180068
:107ED0001BF02EFD1AE01723FB181B78072B08D187
:107EE000124B19680D4B1A68FB6818001BF020FD37
:107EF0000CE01723FB181B78082B07D10C4B1968D3
:107F0000064B1A68FB6818001BF012FD00231800CE
:107F1000BD4606B0B0BDC046A4140020A814002081
:107F20004C120020C4000020C8000020CC0000201B
:107F3000D0000020B0B594B000AFF860B9607A60AE
:107F40004F23FB1800221A702023FB1800221A600E
:107F500004332322002118001BF069FD4C23FB1879
:107F600000221A804A243B1900221A8014257B190A
:107F700000221A6004330622002118001BF057FD6E
:107F80009C4A7B680121180010F0CEFC02009A4B3D
:107F90001A60994B1968974B1B681A007B191800D7
:107FA0001BF079FD3B1901221A804923FB1800229E
:107FB0001A701BE04923FB181A7813009B009B18CA
:107FC0005B008E4A9A181423FB1811001800F8F76A
:107FD0009BF8031E04D14A23FB1800221A800AE0F2
:107FE00049217B181A787B1801321A704923FB1833
:107FF0001B78092BDED9824B02221A70FA68814B5A
:10800000100019000A231A001BF039FE7C4B1B7864
:108010005BB219007C4A7B68180010F085FC0200F6
:108020007A4B1A605DE0794B1968774B1B681A0030
:1080300020243B1918001BF02EFD734B1B682000F9
:108040003A180021D1544C257C193B181800FDF733
:10805000B3FE030023807B1900229B5E002B45DBCF
:108060007B191B88DBB24F257C191422BA1811002A
:108070001800FDF7EFFF030023707B191B78002B1E
:1080800036D15F4B1B785BB2022B0EDDFB6818000C
:10809000F8F744F803001A00FB689A185C4B1000CC
:1080A000190003231A001BF0EAFD2023FA18FB68CD
:1080B000110018001BF0C3FC514B1B785BB2DBB204
:1080C0000133DBB25AB24E4B1A704D4B1B785BB288
:1080D00019004D4A7B68180010F026FC02004B4B3B
:1080E0001A604A4B1B68002B9DD102E0C04600E09D
:1080F000C0464C23FB1800229B5E002B08DA454B40
:1081000019682023FA18FB6818001BF011FC6CE0BA
:108110003B4B1B785BB2022B08D13F4B19681423F1
:10812000FA18FB6818001BF003FC5EE04F23FB18F5
:108130001B78002B15D14A23FB1800229B5E002BD5
:108140000FD0364B19681423FA1820243B19180055
:108150001BF0EEFB3A19FB68110018001BF06FFCD6
:1081600043E04F23FB181B78002B15D14A23FB1843
:1081700000229B5E002B0FD1294B19681423FA189B
:1081800020243B1918001BF0D3FB3A19FB6811009F
:1081900018001BF054FC28E04F23FB181B78062B1B
:1081A00008D1204B19681423FA18FB6818001BF03B
:1081B000BFFB1AE04F23FB181B78072B08D11A4B83
:1081C00019681423FA18FB6818001BF0B1FB0CE0C7
:1081D0004F23FB181B78082B07D1144B1968142365
:1081E000FA18FB6818001BF0A3FB00231800BD461B
:1081F00014B0B0BDAC140020B01400209C090020C5
:10820000B4140020B4A30208B8140020BC14002049
:10821000C0A30208D4000020D8000020DC00002009
:10822000E0000020E4000020E8000020EC00002036
:1082300080B584B000AFF860B9607A600020FDF7C7
:10824000E1FB00231800BD4604B080BD90B589B0A5
:1082500002AFF860B9607A6017217B1800221A70AB
:10826000334B1B78012B04D97C180CF06BFC0300FA
:1082700023702F4B1B781A002E49FB6818001BF047
:1082800057FB2D4B1C78FB681800F7F747FF0300DE
:108290009AB2F96801235B420093322320000CF06C
:1082A000E7FA264AFB68110018001BF041FB224B3D
:1082B0001C78FB681800F7F731FF03009AB2F968E1
:1082C00001235B420093322320000CF0D1FA1A4BB9
:1082D0001B781800FDF7DEF9174B1B781800FDF727
:1082E00005FB1723FB181B78022B15D1144AFB68DA
:1082F000110018001BF01CFB0F4B1C78FB681800CA
:10830000F7F70CFF03009AB2F96801235B42009370
:10831000322320000CF0ACFA0A4AFB681100180066
:108320001BF006FB00231800BD4607B090BDC046F9
:108330007C000020C4A30208380A0020E0A3020841
:10834000F4A30208B0A30208F0B58BB002AFF86046
:10835000B9607A601D23FB1800221A700023BB61EC
:1083600000237B611F23FB1800221A701E243B1977
:1083700000221A701823FA187B680121180010F0E7
:10838000D3FA02002F4B1A602E4B1B68BA692E4994
:1083900018001BF06FFB031E03D13B1901221A705A
:1083A0000CE0284B1B68BA69284918001BF062FBD7
:1083B000031E03D11E23FB1802221A701423FA187D
:1083C0007B680221180010F0AFFA0200204B1A60FF
:1083D0001F4B1B681B785BB2702B09D11C4B1B68B1
:1083E0000133180019F0C9FE02001F23FB181A7090
:1083F0001D26BC191F257B191A781E23FB181B7814
:10840000110018000AF0BCFA03002370BB191B7896
:10841000002B12D10B4B1B68BA699B1800221A70F3
:108420000C4B1968074B1A687B191C787B191B7851
:10843000F868009323001BF07BFA00231800BD4668
:1084400009B0F0BDC014002038A4020844A40208FA
:10845000C4140020F0000020F0B587B000AFF86031
:10846000B9607A601623FB1800221A7000233B6162
:1084700017243B1900221A701023FA187B68012177
:10848000180010F051FA0200164B1A60154B1B68C9
:108490001B785BB2702B08D1124B1B68013318009C
:1084A00019F06BFE02003B191A701626BC1917252D
:1084B0007B191B7818000AF097FB03002370BB1987
:1084C0001B78002B08D1084B19687B191A787B1987
:1084D0001B78F8681BF02CFA00231800BD4607B083
:1084E000F0BDC046C8140020F4000020F0B5C64618
:1084F00000B592B004AFF860B9607A603723FB181A
:1085000000221A7000237B6200233B620023FB6180
:108510000023BB6100237B613023FB1800221A80FB
:108520000023FB623623FB1800221A703523FB1848
:1085300000221A703423FB1800221A702B23FB1818
:1085400000221A703323FB1800221A702423FA1811
:108550007B680121180010F0E7F90200CB4B1A608C
:10856000CA4B1B68CA49042218001BF083FA031E79
:1085700000D020E22023FA187B680221180010F0B6
:10858000D3F90200C34B1A60C04B1B68181D7B6AED
:10859000043B1A00C04B19001BF06CFA031E00D0FC
:1085A000A3E0BC4B1B683A6ABC4918001BF062FA96
:1085B000031E1CD1BA4B1A7860210A431A70B84BBB
:1085C0001B785B07DB0FDBB21B021AB2B44B1B78C4
:1085D0005B069B0FDBB21BB213431BB29AB28A231A
:1085E0005B001100180009F017FC00F0FDFCA94B1E
:1085F0001B683A6AAB4918001BF03CFA031E1FD1F6
:10860000A74B1A7860218A43111C20220A431A7052
:10861000A34B1B785B07DB0FDBB21B021AB2A04B2C
:108620001B785B069B0FDBB21BB213431BB29AB2E3
:108630008A235B001100180009F0EEFB00F0D4FC67
:10864000944B1B683A6A984918001BF013FA031EF2
:108650001FD1934B1A7860218A43111C40220A4390
:108660001A708F4B1B785B07DB0FDBB21B021AB251
:108670008B4B1B785B069B0FDBB21BB213431BB209
:108680009AB28A235B001100180009F0C5FB00F0C4
:10869000ABFC804B1B683A6A844918001BF0EAF96E
:1086A000031E1CD17E4B1A7860218A431A707C4BC2
:1086B0001B785B07DB0FDBB21B021AB2784B1B780F
:1086C0005B069B0FDBB21BB213431BB29AB28A2329
:1086D0005B001100180009F09FFB00F085FC3723B8
:1086E000FB1868221A7000F07FFC684B1B68181D8D
:1086F0007B6A043B1A006E4B19001BF0BBF9031E8A
:108700002BD1644B1B683A6A644918001BF0B2F91C
:10871000031E1CD1624B1A7804210A431A70604B65
:108720001B785B07DB0FDBB21B021AB25C4B1B78BA
:108730005B069B0FDBB21BB213431BB29AB28A23B8
:108740005B001100180009F067FB00F04DFC3723B7
:10875000FB1868221A7000F047FC4C4B1B68181D70
:108760007B6A043B1A00534B19001BF083F9031E6C
:108770002DD1484B1B68180019F0F9FC0300FB626F
:10878000FA6AE1231B039A421BD84B4BFA6A9A60A0
:10879000494B9B689AB28C235B001100180009F0CA
:1087A0003BFB454B9B681B0C9AB21A23FF3311000D
:1087B000180009F031FB3623FB1801221A7000F073
:1087C00013FC3723FB1868221A7000F00DFC2F4BA6
:1087D0001B68181D7B6A043B1A00384B19001BF0FC
:1087E00049F9031E22D12B4B1B68180019F0BFFC5E
:1087F000020030217B181A800A00BB181B88002B4E
:108800000ED02D4B1100BA1812881A807B181A88C6
:108810001623FF331100180009F0FEFA00F0E4FB04
:108820003723FB1868221A7000F0DEFB174B1B6819
:10883000181D7B6A043B1A00214B19001BF01AF922
:10884000031E3FD1134B1B68180019F090FC020067
:1088500030217B181A800A00BB181B88002B0ED011
:10886000154B1100BA1812885A807B181A888B236E
:108870005B001100180009F0CFFA00F0B5FB3723B8
:10888000FB1868221A7000F0AFFBC046CC14002021
:1088900050A40208D014002058A4020864A40208BE
:1088A0006C12002068A4020870A4020874A40208D4
:1088B0007CA4020884A402085012002090A402089C
:1088C0009CA40208D74B1B68181D7B6A043B1A0046
:1088D000D54B19001BF0CEF8031E2ED1D34B1B68CD
:1088E000180019F044FC020030217B181A800A009D
:1088F000BB181B88002B1AD0BB181B88FF2B16D85F
:10890000BB181B88DAB2CA4B1A71C94B5B791B02C0
:108910001AB2C74B1B791BB213431BB29AB218236E
:10892000FF331100180009F077FA00F05DFB3723E0
:10893000FB1868221A7000F057FBBA4B1B68181D11
:108940007B6A043B1A00BB4B19001BF093F8031E13
:108950002CD1B64B1B68180019F009FC020030211D
:108960007B181A800A00BB181B88002B19D0BB1873
:108970001B88FF2B15D8BB181B88DAB2AC4B5A7179
:10898000AB4B5B791B021AB2A94B1B791BB2134389
:108990001BB29AB21823FF331100180009F03CFAF9
:1089A00022E33723FB1868221A701DE33723FB18D4
:1089B00067221A7018E39B4B1B689F49042218001A
:1089C0001BF058F8031E00D0A2E02023FA187B68A1
:1089D000022118000FF0A8FF0200944B1A601C231C
:1089E000FA187B68032118000FF09EFF0200934BDA
:1089F0001A601823FA187B68042118000FF094FFFE
:108A000002008F4B1A601423FA187B6805211800A6
:108A10000FF08AFF02008B4B1A60844B1B68180012
:108A200019F0A5FB02003523FB181A70834B1B6855
:108A3000180019F09CFB02003423FB181A70804BBD
:108A40001B68180019F093FB02002B23FB181A7007
:108A50007C4B1B68002B1FD07A4B1B687A49022283
:108A600018001BF007F8031E04D13323FB18012262
:108A70001A7011E0734B1B687449022218001AF037
:108A8000F9FF031E04D13323FB1802221A7003E0FE
:108A90003723FB1868221A703723FB181B78002B2A
:108AA00000D0A1E23523FB181B78172B09D83423FB
:108AB000FB181B783B2B04D82B23FB181B783B2B74
:108AC00004D93723FB1868221A708DE20BF0DEF907
:108AD000574B987D564B597D554B1A8B544B1D7DEA
:108AE0003723FC183323FB181B7803933523FB181B
:108AF0001B7802933423FB181B7801932B23FB185C
:108B00001B7800932B000BF0F7F8030023706BE247
:108B1000444B1B684E49042218001AF0ABFF031E99
:108B200000D05DE22023FA187B68022118000FF0C4
:108B3000FBFE02003D4B1A601C23FA187B680321E0
:108B400018000FF0F1FE02003C4B1A601823FA18CF
:108B50007B68042118000FF0E7FE0200384B1A6012
:108B60001423FA187B68052118000FF0DDFE0200BF
:108B7000344B1A60324B1B68180019F0F8FA0200E7
:108B80002B23FB181A702F4B1B68180019F0EFFAF3
:108B900002003023FB181A80244B1B682D49062243
:108BA00018001AF067FF031E04D13523FB180122B9
:108BB0001A7079E01D4B1B682749072218001AF02C
:108BC00059FF031E04D13523FB1802221A706BE0F3
:108BD000164B1B682149092218001AF04BFF031E8F
:108BE00004D13523FB1803221A705DE00F4B1B687C
:108BF0001B49082218001AF03DFF031E04D135233B
:108C0000FB1804221A704FE0084B1B681549062216
:108C100018001AF02FFF031E26D13523FB1805225A
:108C20001A7041E0CC140020ACA40208D01400203B
:108C300050120020C0A40208EC9C0208D4140020AA
:108C4000D8140020DC140020D4A40208D8A4020800
:108C5000409D0208DCA40208E4A40208ECA4020877
:108C6000F8A4020804A50208BF4B1B68BF490822EC
:108C700018001AF0FFFE031E04D13523FB1806224C
:108C80001A7011E0B84B1B68B949062218001AF097
:108C9000F1FE031E04D13523FB1807221A7003E0EE
:108CA0003723FB1868221A70B24B1B68B24907229F
:108CB00018001AF0DFFE031E08D0AE4B1B68AF4948
:108CC000022218001AF0D6FE031E04D13423FB182A
:108CD00001221A7000E1A74B1B68A949082218005D
:108CE0001AF0C8FE031E08D0A24B1B68A549022239
:108CF00018001AF0BFFE031E04D13423FB18022211
:108D00001A70E9E09B4B1B689F49052218001AF076
:108D1000B1FE031E08D0974B1B689C490222180025
:108D20001AF0A8FE031E04D13423FB1803221A7084
:108D3000D2E0904B1B689649052218001AF09AFE63
:108D4000031E08D08B4B1B689249022218001AF0B0
:108D500091FE031E04D13423FB1804221A70BBE0D9
:108D6000844B1B688C49032218001AF083FE031EF3
:108D700008D0804B1B688949022218001AF07AFE3D
:108D8000031E04D13423FB1805221A70A4E0794B8A
:108D90001B688349042218001AF06CFE031E08D0D9
:108DA000744B1B687F49022218001AF063FE031EF1
:108DB00004D13423FB1806221A708DE06D4B1B681A
:108DC0007949042218001AF055FE031E08D0694B99
:108DD0001B687649022218001AF04CFE031E04D1CB
:108DE0003423FB1807221A7076E0624B1B68704927
:108DF000052218001AF03EFE031E08D05D4B1B68CA
:108E00006C49022218001AF035FE031E04D13423E7
:108E1000FB1808221A705FE0564B1B68664909224E
:108E200018001AF027FE031E08D0524B1B68634936
:108E3000022218001AF01EFE031E04D13423FB1870
:108E400009221A7048E04B4B1B685D490722180045
:108E50001AF010FE031E08D0464B1B685949022227
:108E600018001AF007FE031E04D13423FB180A224F
:108E70001A7031E03F4B1B685349082218001AF062
:108E8000F9FD031E08D03B4B1B6850490222180015
:108E90001AF0F0FD031E04D13423FB180B221A70C4
:108EA0001AE0344B1B684A49082218001AF0E2FD08
:108EB000031E08D02F4B1B684649022218001AF0E7
:108EC000D9FD031E04D13423FB180C221A7003E0D1
:108ED0003723FB1868221A703723FB181B78002BE6
:108EE00000D081E02B22BB181B78002B0FD0BB18C1
:108EF0001B781F2B0BD830217B181A88FA23DB0034
:108F00009A4204D37B181B88334A934204D93723EF
:108F1000FB1868221A7067E00AF0B8FF2F4B1B7C21
:108F20002E4A527C2D49897C2C48C07C37243C1920
:108F300035257D192D78A84630257D192D88AC461C
:108F40002B257D192E7834257D192D7803900291DB
:108F50000192009343466246310028000AF0CCFE9D
:108F60000300237040E0C046D01400200CA5020886
:108F700018A50208D414002020A5020828A502087C
:108F80002CA5020838A502083CA5020844A5020841
:108F900048A5020850A5020854A5020858A50208D1
:108FA0005CA5020864A5020868A5020870A502086D
:108FB00074A502087CA5020880A502088CA50208F9
:108FC00090A5020898A502089CA50208A8A5020879
:108FD000ACA50208B8A50208340800005012002011
:108FE0003723FB1867221A703723FB181B78002BD6
:108FF00022D1214B1B687A6A9B1800221A701F4BE2
:1090000019681D4B1A681E4B1B68F8681AF090FC13
:109010003623FB181B78012B27D11A4B1A68FB68E3
:10902000110018001AF00BFD174B1A68FB681100AD
:1090300018001AF004FD18E03723FB181B78672B83
:1090400007D1124B1A68FB68110018001AF00FFEC6
:109050000BE03723FB181B78682B06D10C4B1A68E2
:10906000FB68110018001AF002FE00231800BD462C
:109070000EB080BCB846F0BDCC140020F800002033
:10908000D0140020FC00002000010020040100207A
:109090000801002080B588B000AFF860B9607A6040
:1090A0001F23FB1800221A700023BB6100237B6181
:1090B0001E23FB1800221A701D23FB1800221A70B1
:1090C0001C23FB1800221A701823FA187B68012150
:1090D00018000FF029FC0200BB4B1A60BA4B1B684A
:1090E000BA49042218001AF0C5FC031E00D0CAE0D9
:1090F000B54B1B68181DBB69043B1A00B44B190023
:109100001AF0B8FC031E31D1B24B1B786022134019
:10911000DBB2602B07D1B04B1968B04AFB6818006E
:109120001AF006FC31E1AB4B1B7860221340DBB236
:10913000202B07D1A84B1968A94AFB6818001AF020
:10914000F7FB22E1A34B1B7860221340DBB2002B1C
:1091500007D1A14B1968A34AFB6818001AF0E8FB75
:1091600013E11F23FB1868221A700EE1964B1B684F
:10917000181DBB69043B1A009B4B19001AF07AFCBE
:10918000031E13D1934B1B7804221340DBB2002B38
:1091900007D0914B1968914AFB6818001AF0C8FB78
:1091A000F3E01F23FB1868221A70EEE0864B1B6861
:1091B000181DBB69043B1A008C4B19001AF05AFCAD
:1091C000031E07D18A4B9A688A49FB6818001AF077
:1091D000AFFBDAE07C4B1B68181DBB69043B1A002F
:1091E000854B19001AF046FC031E08D1804B1B88E2
:1091F0001A008049FB6818001AF09AFBC5E0724B10
:109200001B68181DBB69043B1A007C4B19001AF03F
:1092100031FC031E08D1764B5B881A007549FB6848
:1092200018001AF085FBB0E0674B1B68181DBB697E
:10923000043B1A00724B19001AF01CFC031E08D1E3
:109240006B4B1B791A006B49FB6818001AF070FB16
:109250009BE05D4B1B68181DBB69043B1A00694B02
:1092600019001AF007FC031E08D1614B5B791A0044
:109270006049FB6818001AF05BFB86E01F23FB18AF
:1092800067221A7081E0504B1B685F490522180065
:109290001AF0F0FB031E00D073E01423FA187B6869
:1092A000022118000FF040FB0200584B1A601E23E9
:1092B000FB1800221A701D23FB1800221A701AE0F6
:1092C000524B18681D23FB181A7813009B009B183B
:1092D0005B004F4A9B181900F6F716FF031E04D1D6
:1092E0001E23FB1801221A700AE01D217B181A7830
:1092F0007B1801321A701D23FB181B78092BDFD94C
:109300001E23FB181B78002B09D1424B19683F4BD9
:109310001A68FB6818001AF00BFB002350E03E4B64
:1093200019683A4B1A68FB6818001AF001FB1C23F5
:10933000FB1801221A701CE01C217B181B785A1E96
:10934000364B5200D35A1A001D23FB181B781A41C2
:1093500013000122134006D07B181B78FA683049AD
:10936000F8681AF0E5FA1C217B181A787B1801328C
:109370001A702C4B1B781C22BA1812789A42DBD92F
:1093800003E01F23FB1867221A701F23FB181B78AA
:10939000672B07D1244B1A68FB68110018001AF0DC
:1093A00066FC0CE01F23FB181B78682B07D11F4BB2
:1093B0001968054B1A68FB6818001AF0B9FA0023FF
:1093C0001800BD4608B080BDE014002050A402087B
:1093D00058A402086C1200200C01002064A40208AA
:1093E000BCA5020874A402087CA4020884A4020894
:1093F00050120020C0A5020890A402089CA40208F4
:10940000ACA40208C0A40208A0990208E414002039
:109410009C0900201001002014010020E41100200C
:10942000C8A502087C000020180100201C010020B3
:1094300090B587B000AFF860B9607A601723FB1869
:1094400000221A7000233B611023FA187B68012167
:1094500018000FF069FA02002A4B1A60294B1B68AA
:109460003A69294918001AF005FB031E11D1274B50
:10947000274A13CA13C313CA13C312681A60FAF730
:109480008DFD244B1A68FB68110018001AF0EFFBE1
:1094900026E01C4B1B683A691F4918001AF0EAFACB
:1094A000031E19D100221621FF2001F0FDFE1B4BE7
:1094B00002221A7064200FF0B7F8FAF7C9FD07F01E
:1094C000A5FC64200FF0B0F8154B1A68FB6811007A
:1094D00018001AF0CCFB03E01723FB1868221A705F
:1094E0001723FB181B78682B06D10E4B1A68FB68F4
:1094F000110018001AF0BBFB00231800BD4607B08E
:1095000090BDC046E8140020D0A5020850120020EB
:109510008000002020010020D8A502083A0A00207F
:109520002401002028010020F0B589B004AFF860C4
:10953000B9607A600AF0AAFC2C4B5B7B182B14D123
:109540002B4B1968294B9B7C1C00284B5B7C1D0016
:10955000264B1B7C1A00254BDB89F868019300928F
:109560002B0022001AF0E4F93AE0204B5B7B0C2B35
:1095700036D11E4BDB7C012B17D11E4B19681B4BC0
:109580009B7C1D00194B5B7C1E00184B1B7C1A003A
:10959000164BDB891C00F868174B0293019400926C
:1095A00033002A001AF0C4F91AE0104BDB7C022BBE
:1095B00016D1104B19680D4B9B7C1D000B4B5B7C2F
:1095C0001E000A4B1B7C1A00084BDB891C00F86844
:1095D0000A4B02930194009233002A001AF0A8F972
:1095E00000231800BD4605B0F0BDC0465012002053
:1095F0002C01002030010020E0A50208E4A50208AB
:1096000090B585B000AFF860B9607A600AF03EFCB2
:10961000074B1C68FDF706F80200FB6821001800E4
:109620001AF086F900231800BD4605B090BDC0466B
:109630003401002090B58BB000AFF860B9607A605B
:109640002723FB1800221A7000237B6100233B6153
:109650001423FA187B68012118000FF065F9030044
:109660003B623B6A1B785BB2702B09D13B6A0133CA
:10967000180018F082FD02002623FB181A7003E080
:109680002723FB1868221A701023FA187B6802211E
:1096900018000FF049F90300FB61FB69180018F08E
:1096A0006CFD0300BB612723FB181B78682B07D1D7
:1096B0000E4B1A68FB68110018001AF0D8FA0FE078
:1096C000BA6926243B191B78110018000BF066F9C3
:1096D000074B19683B191B78BA69F8681AF028F922
:1096E00000231800BD460BB090BDC04638010020D5
:1096F0003C01002090B587B000AFF860B9607A6097
:109700001B4B1A681B49FB6818001AF011F9172344
:10971000FB1800221A7011E017243B191B789B00DC
:10972000154A944663441B68FA681449F8681AF0AD
:10973000FFF83B191A783B1901321A701723FB18EE
:109740001B78022BE8D9FB681800F6F7E7FC03004A
:109750001A00FB689A180A4B1000190003231A001C
:109760001AF08DFA00231800BD4607B090BDC04620
:1097700040010020E8A502089075FF1FECA5020833
:10978000F4A5020890B587B000AFF860B9607A60C0
:1097900016243B1900221A8012F0BAFA02003B1973
:1097A0001A803B191B88114A934207D1104B196844
:1097B000104AFB6818001AF0BBF807E00C4B196858
:1097C0000D4AFB6818001AF0B3F8C0460B4B1C6832
:1097D00012F092FA03001B0BFA68F86821001AF0E5
:1097E000A7F800231800BD4607B090BD670400002D
:1097F00044010020F8A5020804A602084801002040
:1098000080B584B000AFF860B9607A60074B196822
:10981000074B1B681B041A0CFB6818001AF088F829
:1098200000231800BD4604B080BDC0464C01002096
:10983000E075FF1FF0B58FB004AFF860B9607A60D3
:109840001823FB18B54A13CA13C312881A80B44BE5
:109850001C78B44B1D68B34B1B681800F6F75EFC10
:1098600003009AB201235B420093322329002000B7
:109870000AF0FEFF2723FB1801221A702623FB188B
:1098800000221A7036E126203B181A78A6491300E8
:109890009B009B189B005B5C002B1AD0A34B1C68A1
:1098A0002723FB181D783B181A789F4913009B004B
:1098B0009B189B00CB1810331B7819001823FA183B
:1098C0000B00DB005B1AD318F8682A0021001AF09D
:1098D0002FF82623FB181A78934913009B009B1836
:1098E0009B005B5C012B03D0032B00D175E0BBE038
:1098F0002623FB181A788C4913009B009B189B00A9
:10990000CB1803331B78072B45D064DC052B02D022
:10991000062B20D05FE0864B1C6826203B181A7867
:10992000814913009B009B189B00CB1802331B78C6
:109930001D003B181A787C4913009B009B189B0064
:10994000CB180C331B68FA68F86800932B002100D1
:1099500019F0EEFF40E0774B1C6826203B181A7880
:10996000714913009B009B189B00CB1802331B7896
:109970001D003B181A786C4913009B009B189B0034
:10998000CB180C331B68FA68F86800932B00210091
:1099900019F0CEFF20E0684B1C6826203B181A788F
:1099A000614913009B009B189B00CB1802331B7866
:1099B0001D003B181A785C4913009B009B189B0004
:1099C000CB180C331B68FA68F86800932B00210051
:1099D00019F0AEFF00E0C04646E026243B191A7895
:1099E00013009B009B189B004F4A9B18991D142342
:1099F000FB18042218001AF042F9504B1D68200091
:109A00003B181A78484913009B009B189B00CB1801
:109A100003331B785A1E4A4913005B009B189B00B6
:109A2000CB1808331E683B181A783F4913009B0077
:109A30009B189B00CB1801331B785A1E13005B0048
:109A40009B18404A9C187B69181CF9F7C5FA02005C
:109A50000B00F968F86802920393009433000A003F
:109A6000290019F065FFC04610E0374B1968374BE5
:109A7000FA68F86819F05CFF344B1800F6F74EFBF3
:109A80000200324B0021180019F0D1FF26257B1966
:109A90001A78254913009B009B189B00CB180C33A8
:109AA0001B682A4A11001800FDF764FE031EDCD172
:109AB000274B1A68FB681100180019F0C0FF184BFB
:109AC0001C78FB681800F6F729FB03009AB2F968C6
:109AD00001235B420093322320000AF0C9FE2722B3
:109AE000BB18BA18127801321A707B191A787B19D0
:109AF00001321A70174B1B782622BA1812789A4234
:109B000000D2C0E6144B1A68FB68110018001AF066
:109B1000AEF800231800BD460BB0F0BD0CA602083D
:109B2000380A0020500100200013002054010020BA
:109B3000580100205C010020600100206401002029
:109B400084250020B495020868010020EC14002050
:109B50006C0100203D0A00207001002080B588B013
:109B600000AFF860B9607A6000233B611F23FB18E7
:109B700000221A701023FA187B68012118000EF0D9
:109B8000D3FE0300BB61BB69180018F0F0FA0200B5
:109B900017217B181A700A00BB181B78002B05D000
:109BA000184B1B78BA1812789A4203D91F23FB1856
:109BB000FF221A701F23FB181B78002B16D11723C6
:109BC000FB181B785A1E104913009B009B189B0022
:109BD000CB18103301221A7007F01CF80B4B1A68CF
:109BE000FB68110018001AF042F806E0084B1A68EA
:109BF000FB68110018001AF03AF800231800BD465F
:109C000008B080BD3D0A0020001300207401002030
:109C10007801002080B588B000AFF860B9607A6044
:109C200000233B611F23FB1800221A701023FA182F
:109C30007B68012118000EF077FE0300BB61BB6951
:109C4000180018F094FA020017217B181A700A0005
:109C5000BB181B78002B05D0184B1B78BA1812784C
:109C60009A4203D91F23FB18FF221A701F23FB18E7
:109C70001B78002B16D11723FB181B785A1E10498E
:109C800013009B009B189B00CB18103300221A7006
:109C900006F0C0FF0B4B1A68FB681100180019F0A2
:109CA000E6FF06E0084B1A68FB681100180019F07F
:109CB000DEFF00231800BD4608B080BD3D0A00202D
:109CC000001300207C0100208001002090B589B0A5
:109CD00000AFF860B9607A6000233B611F23FB1876
:109CE00000221A701023FA187B68012118000EF068
:109CF0001BFE0300BB61BB69180018F038FA0200B4
:109D000017217B181A700A00BB181B78002B05D08E
:109D10005F4B1B78BA1812789A4203D91F23FB189D
:109D2000FF221A701F23FB181B78002B00D096E02F
:109D300017243B191B785A1E564913009B009B1889
:109D40009B0000225A543B191B785A1E514913009C
:109D50009B009B189B00CB18013300221A703B1903
:109D60001B785A1E13009B009B189B00494A9B18A6
:109D7000023304220021180019F059FE3B191B7808
:109D80005A1E444913009B009B189B00CB181033AC
:109D900000221A703B191B785A1E3E4913009B0083
:109DA0009B189B00CB180C331B68180018F0F6F9B1
:109DB00020003B181B785A1E364913009B009B1845
:109DC0009B00CB180C3300221A601E23FB183A1894
:109DD00012781A7034E01E203B181A782D491300AF
:109DE0009B009B189B005B5C002B23D001007B1821
:109DF0001B785A1E13009B009B189B00254A98183D
:109E00000C007B181A7813009B009B189B00214ABA
:109E10009B181422190019F032FF3B191A7813000D
:109E20009B009B189B001B4A9B18142200211800C2
:109E300019F0FDFD1E217B181A787B1801321A706B
:109E4000134B1B781E22BA1812789A42C3D3104BB8
:109E50001B78013BDAB20E4B1A7006F0DBFE1F23B3
:109E6000FB181B78002B07D10B4B1A68FB681100FD
:109E7000180019F0FCFE06E0084B1A68FB68110098
:109E8000180019F0F4FE00231800BD4609B090BD7B
:109E90003D0A0020001300208401002088010020DA
:109EA00090B58BB000AFF860B9607A600023BB61F9
:109EB00000237B612723FB1800221A701823FA184D
:109EC0007B68012118000EF02FFD03003B623B6A06
:109ED0001B785BB2702B09D13B6A0133180018F074
:109EE0004CF902002623FB181A7003E02723FB1805
:109EF00067221A701423FA187B68022118000EF0EA
:109F000013FD0300FB61FB691B785BB2702B09D169
:109F1000FB690133180018F030F902002523FB1803
:109F20001A7003E02723FB1867221A702722BB1838
:109F30001B78002B0DD1BC182523FB181A7826237B
:109F4000FB181B7811001800FCF79AFB0300237024
:109F500003E02723FB1867221A702723FB181B78BE
:109F6000002B0BD1124B19682623FB181A782523D6
:109F7000FB181B78F86819F0DBFC13E02723FB18AB
:109F80001B78672B07D10B4B1A68FB681100180070
:109F900019F06DFE06E0084B1A68FB681100180006
:109FA00019F065FE00231800BD460BB090BDC046F9
:109FB0008C010020900100209401002090B58BB00E
:109FC00000AFF860B9607A600023BB6100237B6159
:109FD0002723FB1800221A701823FA187B68012126
:109FE00018000EF0A1FC03003B623B6A1B785BB2D9
:109FF000702B09D13B6A0133180018F0BEF802003B
:10A000002623FB181A7003E02723FB1867221A7017
:10A010001423FA187B68022118000EF085FC030057
:10A02000FB61FB691B785BB2702B09D1FB690133C3
:10A03000180018F0A2F802002523FB181A7003E09C
:10A040002723FB1867221A702722BB181B78002BC6
:10A050000DD1BC182523FB181A782623FB181B7872
:10A0600011001800FCF732FB0300237003E02723E4
:10A07000FB1867221A702723FB181B78002B0BD1C3
:10A08000124B19682623FB181A782523FB181B7816
:10A09000F86819F04DFC13E02723FB181B78672B99
:10A0A00007D10B4B1A68FB681100180019F0DFFD8F
:10A0B00006E0084B1A68FB681100180019F0D7FD7C
:10A0C00000231800BD460BB090BDC046980100208B
:10A0D0009C010020A0010020B0B58EB002AFF86056
:10A0E000B9607A600023FB612F23FB1800221A70ED
:10A0F0001823FB18A54A12781A700023BB621C2390
:10A10000FA187B68012118000EF00EFC03007B6238
:10A110009F4A7B6A11001800F5F7F6FF031E00D076
:10A12000AEE0BB6A002B00D02BE12E23FB180122EE
:10A130001A709EE0974B1B782E243A1912789A4297
:10A1400000D190E018F054FA0300DAB218257B1918
:10A150001A7079193B191878642300930A23012295
:10A160000AF086FB3B191B7818000AF037FC030045
:10A170001B685B6ADAB214217B181A707B191A7893
:10A180007B181B789A4204D12F23FB1800221A70E7
:10A1900003E02F23FB1806221A702F23FB181B78CD
:10A1A000002B18D17C4B19682E23FB181A78FB68FA
:10A1B000180019F0BDFB774B1C78FB681800F5F709
:10A1C000ADFF03009AB2F968642300930A232000CC
:10A1D0000AF04EFB1CE02F23FB181B78062B17D12F
:10A1E0006E4B19682E23FB181A78FB68180019F0BB
:10A1F0009FFB684B1C78FB681800F5F78FFF030086
:10A200009AB2F968642300930A2320000AF030FB15
:10A21000634B1A68FB681100180019F028FD5D4BAC
:10A220001C78FB681800F5F779FF03009AB2F9680B
:10A23000642300930A2320000AF01AFB02E00120A5
:10A2400011F036FD534B1B785A1EBB6A591C5548FA
:10A2500013005B009B189B01C3185B5C002BEED0C6
:10A26000BB6A0133BB622E217B181A787B1801323E
:10A270001A702E23FB181B78042B00D85AE780E0B5
:10A280007B6A1B785BB2702B00D073E07B6A013372
:10A29000180017F072FF020023243B191A703B19B3
:10A2A0001B78002B37D03B191B78042B33D82F2376
:10A2B000FB181B78002B1CD118F09AF90300DAB2B6
:10A2C00018217B181A7079183B19187864230093A9
:10A2D000322301220AF0CCFA2E23FB181B78180037
:10A2E0000AF07CFB03001B685B6ADAB21423FB18DC
:10A2F0001A701823FB181A781423FB181B789A423B
:10A3000004D12F23FB1800221A7008E02F23FB181A
:10A3100006221A7003E02F23FB1866221A702F23DF
:10A32000FB181B78002B09D11B4B19682323FB1842
:10A330001A78FB68180019F0FBFA22E02F23FB18AB
:10A340001B78662B07D1184B1A68FB6811001800A0
:10A3500019F08DFC15E02F23FB181B78062B10D16C
:10A360000E4B19682323FB181A78FB68180019F0A4
:10A37000DFFA06E00D4B1A68FB681100180019F0AF
:10A3800076FC00231800BD460CB0B0BD1CA6020828
:10A3900064A40208380A0020A4010020A8010020BB
:10A3A000AC01002070150020B0010020B401002095
:10A3B000B0B58CB000AFF860B9607A600023FB6183
:10A3C0000023BB6100237B611C23FA187B680121F9
:10A3D00018000EF0A9FA0300BB621823FA187B6874
:10A3E000022118000EF0A0FA03007B622F4ABB6A1C
:10A3F00011001800F5F788FE031E07D02C4ABB6A2F
:10A4000011001800F5F780FE031E42D0BB6A01332D
:10A41000180017F0ACFE02002323FB181A70254A1F
:10A420007B6A11001800F5F76FFE031E04D12F237D
:10A43000FB1800221A700BE01F4A7B6A11001800FB
:10A44000F5F762FE031E03D12F23FB1801221A70B9
:10A4500023243B191B78180008F06CFD14257A1989
:10A460002F23FB1819783B191B78180008F0A8FD5A
:10A470007A19FB681100180019F0F9FB7B69181CA8
:10A48000F8F7AAFD02000B000C49F86819F050FA21
:10A4900006E00B4B1A68FB681100180019F0E7FB87
:10A4A00000231800BD460CB0B0BDC04620A602086F
:10A4B00024A6020828A602082CA6020834A6020830
:10A4C000B801002090B587B000AFF860B9607A603D
:10A4D00000237B6100233B611023FA1814243B19ED
:10A4E0001100180008F03CFE3A19FB681100180032
:10A4F00019F0BDFB7B69181CF8F76EFD02000B001C
:10A500000449F86819F014FA00231800BD4607B092
:10A5100090BDC04650A6020890B587B000AFF86065
:10A52000B9607A6000237B6100233B611023FA1835
:10A5300014243B191100180008F012FE3A19FB68A8
:10A540001100180019F093FB3B69181CF8F744FD43
:10A5500002000B000449F86819F0EAF9002318001A
:10A56000BD4607B090BDC04674A6020890B58DB038
:10A5700000AFF860B9607A600023FB610023BB6123
:10A5800000237B611C23FA187B68012118000EF060
:10A59000CBF90300BB621823FA187B68022118006C
:10A5A0000EF0C2F903007B622C4ABB6A110018004E
:10A5B000F5F7AAFD031E07D0294ABB6A110018004F
:10A5C000F5F7A2FD031E3CD0BB6A0133180017F05B
:10A5D000CEFD02002323FB181A70224A7B6A110069
:10A5E0001800F5F791FD031E04D12F23FB1800225C
:10A5F0001A700BE01C4A7B6A11001800F5F784FD05
:10A60000031E03D12F23FB1801221A7023243B19A8
:10A610001B78180008F08EFC1423FA182F23FB185F
:10A6200019783B191B78180008F082FE7B69181C0A
:10A63000F8F7D2FC02000B000C49F86819F078F921
:10A6400006E00B4B1A68FB681100180019F00FFBAD
:10A6500000231800BD460DB090BDC04620A60208DC
:10A6600024A6020828A602082CA60208A0A6020812
:10A67000BC010020B0B586B000AFF860B960BB1D6A
:10A680001A8017257C19FB68180006F0BFFE03002E
:10A6900023707B191B78204AD35C002B0BD07B19CD
:10A6A0001B781D4AD35C012B05D07B191B781A4AF5
:10A6B000D35C032B22D117243B191B78180007F019
:10A6C000DBF920003B181B785A1E144B9200B96826
:10A6D000D1503B181B78104A0221D1543B181B78EB
:10A6E0005A1E0F4B92000021D150BB1D1A88B96829
:10A6F000FB68180007F0FCF8002309E01723FB189B
:10A700001B78054AD35C022B01D1172300E01723E5
:10A710001800BD4606B0B0BD440A002070180020E5
:10A720008018002080B584B000AF0200FB1D1A70B5
:10A73000FB1D1B783B4AD35C022B09D0FB1D1B7809
:10A740005A1E394B9200D358180013F0CDF864E02C
:10A75000FB1D1B785A1E344B9200D358180013F07F
:10A76000C3F8FB1D1B785A1E304B9200D358002BA8
:10A7700009D0FB1D1B78013B2D4A99008A58511CBA
:10A780002B4A9B009950FB1D1B785A1E284B9200A8
:10A79000D258FB1D1B78591E244B8900CB589A4276
:10A7A00008D2FB1D1B785A1E224B5200D35ADBB233
:10A7B0000D2B32D1FB1D1B785A1E1E4B5200D35A53
:10A7C0001B0A9AB20F217B181A70FB1D1B785A1EA8
:10A7D000184B5200D25A0E23FB181A707B181B78A4
:10A7E000002B03D07B181B78012B08D1FB1D1B7895
:10A7F000180007F06BF9104B01221A700DE0FB1DD9
:10A800001B78180007F062F90E23FB181B7818005C
:10A8100007F05CF9084B01221A70C046BD4604B02F
:10A8200080BDC046440A0020E0250020901800208A
:10A8300080180020DC190020C001002080B500AF86
:10A840000B4B1B6808221A620A4B1B6808221A620B
:10A85000094B1B6808221A62084B1B6808221A62FF
:10A86000074B1B6808221A62C046BD4680BDC04621
:10A870000C220020A0220020342300205C24002091
:10A88000F024002080B58AB002AFFA239A0059491B
:10A8900059485A4B01930323009300230FF001FA08
:10A8A000FA239A0056495748574B019305230093C2
:10A8B00000230FF0F6F9FA239A0054495448554BF7
:10A8C00001930323009300230FF0EBF9FCF7DAFF69
:10A8D000FA239A0050495148514B019303230093A6
:10A8E00000230FF0DEF9FA239A004E494E484F4BF1
:10A8F00001930423009301230FF0D3F9FA239A0064
:10A900004B4949484B4B01930423009302230FF01A
:10A91000C8F9FA239A0048494348484B0193042355
:10A92000009303230FF0BDF9FA239A0044493E48EF
:10A93000444B01930423009304230FF0B2F9002346
:10A94000FB611C23FB18012118000DF081FE0200A1
:10A950003D4B5A600023BB611823FB1801211800EE
:10A960000DF076FE0200394B5A6000237B61142300
:10A97000FB18012118000DF06BFE0200324B9A60AB
:10A9800000233B611023FB18012118000DF060FE2D
:10A9900002002E4B9A600023FB600C23FB18012160
:10A9A00018000DF055FE0200274BDA600023BB6053
:10A9B0000823FB18012118000DF04AFE0200234B6A
:10A9C000DA6000237B603B1D012118000DF040FE82
:10A9D00002001D4B1A6100233B603B00012118005F
:10A9E0000DF036FE0200194B1A61C046BD4608B094
:10A9F00080BDC04634B0020851AA00080C190020DE
:10AA000040B0020879BC0008141900204CB00208BC
:10AA10005B2102081019002058B002089168000854
:10AA20001819002060B0020829C80008FC1800208E
:10AA30006CB002080019002078B002080419002048
:10AA400084B00208081900201C19002038190020C1
:10AA500080B582B000AF78603E4B1B78032B33D0BB
:10AA600049DC012B02D0022B17D044E0802359018E
:10AA7000A023DB050122180013F0E9FB50200DF0A4
:10AA8000D3FD80235901A023DB050022180013F019
:10AA9000DEFB304B00221A702EE080235901A023E8
:10AAA000DB050122180013F0D2FB64200DF0BCFD81
:10AAB00080235901A023DB050022180013F0C7FBF7
:10AAC000244B00221A7017E080235901A023DB05D4
:10AAD0000122180013F0BBFB1E200DF0A5FD802302
:10AAE0005901A023DB050022180013F0B0FB194B1D
:10AAF00000221A7000E0C04607F0C0FCFCF7CCFD55
:10AB0000154B1B78002B17D005F06EFE124B002260
:10AB10001A7080235901A023DB050122180013F0CD
:10AB200096FBC82011F0C4F880235901A023DB054F
:10AB30000022180013F08BFB084B1B7801225340B6
:10AB4000DBB2002B02D0064B00221A700EF058F92F
:10AB500082E7C0463A0A0020F41800206D26002043
:10AB60006C26002080B500AF064B1B680649180014
:10AB7000F5F7F0FA03001A00044B1A60C046BD4610
:10AB800080BDC046C801002010270000F818002032
:10AB900080B588B000AF0023FB610023BB610023B8
:10ABA0007B611E4B1B68FA2291001800F5F7D2FA60
:10ABB0000300013B3B611A4BFB601A4BBB608023D7
:10ABC000DB047B60FB681B683A69D31AFB610FF0FA
:10ABD000A1FB0300BB61BB681B687A68134007D008
:10ABE000BB690133BB61FB681B683A69D31AFB611F
:10ABF000BA6913009B009B185B007B610A4B1B68C2
:10AC00001900F869F5F7A6FA03001A007B699B188A
:10AC10007B617B691800BD4608B080BDC80100207B
:10AC200018E000E004ED00E0F8180020F0B589B06D
:10AC300002AFB9607A6019000F23FB18021C1A706A
:10AC40000E203B180A1C1A7000237B6101007B1840
:10AC50001A78282308201B18DB191B789A4207D181
:10AC60007B181B781A00DD4B022199546723B0E151
:10AC70000E23FB181B78002B06D0282308229B18D4
:10AC8000DB191B78002B01D16723A2E10F23FB18EE
:10AC90001B78002B5BD128250826AB19DB191B7804
:10ACA0000D2B18D10E23FB181B78180009F096FE07
:10ACB0000400AB19DB191B78180009F08FFE0100A6
:10ACC000BB689BB21A002000FFF7D4FC0300172BCF
:10ACD0001BD117237DE10E23FB181B78180009F008
:10ACE0007DFE0400282308229B18DB191B7818001E
:10ACF00009F074FE0300012219002000FFF7BAFCDE
:10AD00000300172B01D1172363E17A6813005B015D
:10AD10009B1A9B009B18DB001A00FA239900100075
:10AD2000F5F718FA030019000E243A19AC48AD4B98
:10AD300000931300002210F031FC03007B613B19EB
:10AD40001B785A1EA84B9200B968D150C1E00F235E
:10AD5000FB181B78012B3DD1282308229B18DB19F7
:10AD60001B78180009F03AFE04000E23FB181B782C
:10AD7000180009F033FE0300012219002000FFF73C
:10AD800079FC0300172B01D1172322E17A68130005
:10AD90005B019B1A9B009B18DB001A00FA239900A9
:10ADA0001000F5F7D7F903001900282408256319C6
:10ADB000DB198B488B4A0092002210F0EFFB030056
:10ADC0007B616319DB191B785A1E874B9200B968A7
:10ADD000D1507EE00F23FB181B78022B77D10E2376
:10ADE000FB181B78180009F0F9FD0400282308223D
:10ADF0009B18DB191B78180009F0F0FD03000122F5
:10AE000019002000FFF736FC0300172B01D1172390
:10AE1000DFE07A6813005B019B1A9B009B18DB0044
:10AE20001A00FA2399001000F5F794F903001900AD
:10AE30000E257A196A486B4B00931300002210F01C
:10AE4000ADFB03007B617B191B785A1E664B920099
:10AE5000B968D150282308229B18DB191B781800E9
:10AE600009F0BCFD04007B191B78180009F0B6FD41
:10AE70000300012219002000FFF7FCFB0300172B41
:10AE800001D11723A5E07A6813005B019B1A9B0090
:10AE90009B18DB001A00FA2399001000F5F75AF905
:10AEA00003001900282408256319DB194C484D4A72
:10AEB0000092002210F072FB03007B616319DB1922
:10AEC0001B785A1E484B9200B968D15001E06723A5
:10AED0007FE00F22BB181B78002B14D1BB181B7806
:10AEE0009BB21B0299B2282308229B18DB191B78FE
:10AEF00018000E23FB181B785A1E0B1899B23B4BF7
:10AF00005200D15244E00F22BB181B78012B14D100
:10AF1000BB181B789BB21B0299B20E23FB181B783F
:10AF20001800282308229B18DB191B785A1E0B18BF
:10AF300099B22E4B5200D1522AE00F243B191B78B4
:10AF4000022B25D13B191B789BB21B0299B22825F5
:10AF50000823EA18D3191B7818000E26BB191B7892
:10AF60005A1E0B1899B2214B5200D1523B191B7833
:10AF70009BB21B0299B2BB191B7818000823EB186F
:10AF8000DB191B785A1E0B1899B2184B5200D1527C
:10AF90000F23FB181B781A04282308215B18DB19E0
:10AFA0001B781B02D3180E22BA1812789B181A00AD
:10AFB0000F4B1A607B69002B0AD00FF09DF902003D
:10AFC000786901235B4200930023012110F036FBD6
:10AFD00000231800BD4607B0F0BDC046440A00205B
:10AFE00098B00208F5AF000890180020DC19002086
:10AFF000E419002090B585B000AF78600F203B18B1
:10B0000000221A700E243B1900221A700D217B18A1
:10B0100000221A701E4B1B681A0C7B181A701C4BEE
:10B020001B681A0A3B191A70194B1A683B181A70D8
:10B030007B181B78022B16D025DC002B02D0012BAD
:10B0400007D020E00F23FB181B78180006F03EFD08
:10B050001AE00E23FB181B78180006F037FD0D4B85
:10B0600001221A7010E00F23FB181B78180006F05D
:10B070002DFD0E23FB181B78180006F027FD054B4D
:10B0800001221A7000E0C046C046BD4605B090BD22
:10B09000E4190020C0010020F0B587B002AF020023
:10B0A000FB1D1A700F23FB1800221A700E243B1987
:10B0B00000221A700D257B1900221A70164B0022EF
:10B0C0001A70FB1D1B785A1E791914481300DB00F7
:10B0D0009B1ADB001B5C0B70114B1A7826003C1985
:10B0E0007B191B7819001000FAF7FCF80300237095
:10B0F000FB1D1B789BB27A191178BA19107800934E
:10B1000000230A00002100F0A7F90F23FB181B7889
:10B110001800BD4605B0F0BD9A0900204C0A002079
:10B120004C12002080B586B002AF0200FB1D1A70E1
:10B13000BB1D0A1C1A700F23FB1800221A70134B38
:10B1400000221A70124BFA1D12781A70FB1D1B7820
:10B15000FF2B0AD1BB1D1B789BB200930023FF225B
:10B160000021002000F078F909E0BB1D1B789BB29C
:10B1700000930023FE220021002000F06DF90F2330
:10B18000FB181B781800BD4604B080BD9A0900204A
:10B190007800002080B582B000AF0200FB1D1A705D
:10B1A000FB1D1B78042B20D027DC032B15D024DCBF
:10B1B000012B02D0022B08D01FE0124B186800238D
:10B1C000022200210FF0E2FF18E00F4B1868002365
:10B1D000022200210FF0DAFF10E00C4B1868002368
:10B1E000022200210FF0D2FF08E0094B186800236B
:10B1F000022200210FF0CAFF00E0C046C046BD4653
:10B2000002B080BDFC1800200019002004190020A5
:10B2100008190020B0B584B002AF05000C00100082
:10B220001900FB1D2A1C1A70BB1D221C1A703B1D25
:10B23000021C1A80BB1C0A1C1A80184B01221A70AF
:10B24000174BBA1D12781A70BB1D1B78FF2B0CD13F
:10B250003B1D1A88FB1D1978BB1C1B88009313002B
:10B26000FF22002000F0F8F80BE03B1D1A88FB1DC0
:10B270001978BB1C1B8800931300FE22002000F0ED
:10B28000EBF8BB1C1A88074B0021180018F0CFFB05
:10B2900000231800BD4602B0B0BDC0469A09002088
:10B2A000780000202C0B0020B0B586B002AF04005F
:10B2B00008001100FB1D221C1A703B1D021C1A8085
:10B2C000BB1C0A1C1A800F23FB1800221A700E25C3
:10B2D0007B1900221A70FB1D1B78FF2B20D0194B05
:10B2E0001A787C19FB1D1B7819001000F9F7FAFF7A
:10B2F00003002370134B19783B1D1C88FB1D1A7823
:10B300007B191878BB1C1B880093230000F0A4F85D
:10B31000BB1C1A880C4B0021180018F088FB09E0B0
:10B32000084B1878BB1C19883B1D1A880B00FF219D
:10B33000FFF770FF0F23FB181B781800BD4604B001
:10B34000B0BDC0464C1200202C0B0020F0B587B0D9
:10B3500000AF04000800BA6019000F257B19221CF9
:10B360001A700C23FB18021C1A80BB1D0A1C1A80C1
:10B370001623FB18BA1D12881A801423FB1800220A
:10B380001A801223FB1800221A8011217B18002238
:10B390001A701023FB1800221A702C4B1A787C1894
:10B3A0007B191B7819001000F9F79CFF030023702C
:10B3B00041E01223FA181623FB181B8899B22E2994
:10B3C00000D92E23138014243B191B88BA68D11886
:10B3D00012257B191A881E4B180018F050FC1626EF
:10B3E000BB19B91928003A18098812888A1A1A80D4
:10B3F0003B1939193A18098812888A181A80BB191A
:10B400001B88002B06D0134B1A78802149420A432F
:10B410001A7004E00F4B1A787F210A401A70122329
:10B42000FB181A880C23FB1819880F23FB181B78AC
:10B430001800FFF739FF1623FB181B88002BB8D123
:10B4400000231800BD4607B0F0BDC0464C120020D6
:10B450002C0B00206C120020B0B586B000AF0500A8
:10B460000C0010001900FB1D2A1C1A70BB1D221CA9
:10B470001A707B1D021C1A70BB1C0A1C1A80102338
:10B48000FB1800221A700F23FB1800221A700E23DB
:10B49000FB1800221A701723FB1800221A701623BB
:10B4A000FB1800221A701523FB1800221A70FB1DCE
:10B4B0001B78002B03D17B1D1B78002B17D0FB1DA5
:10B4C0001B78002B07D17B1D1B78FF2B03D07B1D26
:10B4D0001B78FE2B0BD1FB1D1B78002B09D0BB1D4D
:10B4E0001B78002B05D07B1D1B78002B01D1672317
:10B4F00018E200200EF092FD0300BB600521002041
:10B500000EF0A6FDCA4B48221A70C94B5A225A7037
:10B51000FB1D1B78002B0BD1BB1D1B78002B07D10B
:10B520007B1D1B78FF2B07D07B1D1B78FE2B03D0C8
:10B53000BB1C1B88002B18D128203B181B885A1EC7
:10B5400016243B19BB498A5C1A703B181B885A1E8B
:10B550001300DB009B1ADB00B74A99183B191A78D5
:10B56000B64B180018F08BFB29E1BB1D1B78002B94
:10B5700003D1BB1DB24A12781A70B24B1B7801225C
:10B580001340DBB2002B05D01722BB18BA18127873
:10B5900001321A70BB1C1B88FF2B04D9A94B1A78E7
:10B5A00002210A431A70A24B1622BA1812789A7016
:10B5B0009F4B7A1D1278DA709D4BBA1D12781A7162
:10B5C000A04B1A789A4B5A7117203B181B780633F8
:10B5D000BA1C1288D1B2964AD1549A4B1B780222D7
:10B5E0001340DBB2002B0ED03B183A181278013210
:10B5F0001A70BB1C1B881B0A9AB23B181B780633B7
:10B60000D1B28B4AD15428243B191B882E2B1AD82F
:10B6100017257B191B78DA1D854BD0188A4B1B88A0
:10B620001A008A4BD1183B191B881A0018F027FB07
:10B630003B191B88DAB27B191B78D318DAB21623B0
:10B64000FB1804321A70824B1B78002B00D1B6E035
:10B65000804B1B78FF2B52D01223FB1801221A803B
:10B6600035E012203B181B885A1E7B4B5200D35AE0
:10B670001A00784B1B781A4113000122134020D086
:10B6800015217B187A18127801321A7028243B1978
:10B690001A887B181B78D3182C2B10DC1723FB1867
:10B6A0001B78DA1D3B191B88D2187B181B78D3181E
:10B6B000013B3A181288D1B25D4AD15401E06923A6
:10B6C00030E112217B181A887B1801321A80634BF3
:10B6D0001B781A001223FB181B889342C1D9172329
:10B6E000FB181B78DA1D2823FB181B88D21815219C
:10B6F0007B181B78D3184E4A79180978D154554BCA
:10B700001B78FF2B16D128217B181B882C2B11D8D6
:10B71000534B1B780133DAB2514B1A701723FB18C5
:10B720001B78DA1D7B181B88D3184D4A1178404AC4
:10B73000D1542EE0474B1B78FF2B01D16923F1E058
:10B74000444B1B78FF2B1ED028217B181A8815200C
:10B750003B181B78D3182B2B15DC414B1B7801337E
:10B76000DAB23F4B1A701723FB181B78DA1D7B18CF
:10B770001B88D2183B181B78D3180133384A11782C
:10B780002B4AD15405E0334B1B78FF2B01D06923A2
:10B79000C8E0304B1B78FF2B06D11622BB18BA1815
:10B7A000127801321A700AE01523FA1816217B1854
:10B7B00012781B78D318DAB27B1802321A701C4B3D
:10B7C00016257A1912789A707B191B7803331A00A0
:10B7D0001749244B180018F052FA7B191B789BB2BA
:10B7E00003339AB27B191B78DC1C1E4B1100180026
:10B7F00006F00AFA03001A000D4B1A55194B3822AD
:10B800000021180018F013F97B1D1B78FF2B2BD09B
:10B810007B1D1B78FE2B27D07B191B789BB2043332
:10B820009AB20349FB1D1878322309F077F86AE0D1
:10B83000000A0020400A00204C0A0020030A0020D1
:10B840004C1200206C120020161A00202C0B002035
:10B850009A09002078000020E41100207C000020DC
:10B86000390A0020A4190020BB1C1B88002B07D11B
:10B87000BB1D1B78002B03D1BB1D2C4A12791A70FB
:10B88000BB1D1B781800F9F755FB1123FB1801228B
:10B890001A7033E0264B1B785A1E264B5200D35A9F
:10B8A0001A0011203B181B78013B1A41130001229A
:10B8B00013401AD016243B191B789BB204339AB25A
:10B8C0001A493B181878322309F028F81A4B1B78CC
:10B8D000002B0AD03B191B789BB204339AB2134950
:10B8E000FB1D1878322309F019F80A2008F0E8FB4C
:10B8F00011217B181A787B1801321A701123FB185A
:10B900001B78042BC6D9BB68190000200EF0A0FBE1
:10B910000A4B1B78002B02D0084B02221A7010230E
:10B92000FB181B781800BD4606B0B0BD000A002009
:10B930004C1200207C0D0020990900206D1200207F
:10B94000F0B58BB006AF05000C0010001900FB1D10
:10B950002A1C1A70BB1D221C1A707B1D021C1A7037
:10B960003B1D0A1C1A700B243B1900221A700F236E
:10B97000FB1800221A700E23FB1800221A700D23E8
:10B98000FB1800221A70B04B1B78BA1D12789A422D
:10B9900048D0FB6ADAB2AD4B1A70FB6A1B0ADAB206
:10B9A000AA4B5A70FB6A1B0CDAB2A84B9A70FB6A5E
:10B9B0001B0EDAB2A54BDA703B6BDAB2A34B1A71ED
:10B9C0003B6B1B0ADAB2A14B5A713B6B1B0CDAB210
:10B9D0009E4B9A713B6B1B0EDAB29C4BDA719B4A01
:10B9E000202308215B18DB191B781372974BFA1D73
:10B9F00012785A72954B3A1D12789A72934B7A1DAF
:10BA00001278DA722C235B18DB191A788F4B1A73B1
:10BA1000BB1D1B780D221C211800FFF745FC3B19AC
:10BA20001B780CE10C23FB1800221A70B6E03B1DBA
:10BA30001A78BB1D1B7811001800F9F753FC0C2174
:10BA40007B181B78824AD35C002B00D1A0E07B18C6
:10BA50001B7801337E4AD35C002B10D07B181B78F7
:10BA60007B4AD05C7B181B780133794AD35C0E2269
:10BA7000BC181900F9F736FC030023700EE00C2304
:10BA8000FB181B78724AD25C0E23FC18BB1D1B7876
:10BA900019001000F9F726FC030023703B1D1A78EB
:10BAA000BB1D1B7811001800F9F71CFC0C23FB18B8
:10BAB0001B78674AD35C3A1D12789A4205D10D2350
:10BAC000FB187A1D12781A7010E00C217B181B7875
:10BAD0005F4AD05C7B181B78013B5D4AD35C0D222A
:10BAE000BC181900F9F7FEFB03002370FB6ADAB2F9
:10BAF000564B1A70FB6A1B0ADAB2544B5A70FB6A37
:10BB00001B0CDAB2514B9A70FB6A1B0EDAB24F4B28
:10BB1000DA703B6BDAB24D4B1A713B6B1B0ADAB22F
:10BB20004A4B5A713B6B1B0CDAB2484B9A713B6B18
:10BB30001B0EDAB2454BDA71444A202308215B1808
:10BB4000DB191B781372414B0E22BA1812785A7205
:10BB50003E4B0D22BA1812789A722C235B18DB190F
:10BB60001A783A4BDA723B1D1A78BB1D1B7811000C
:10BB70001800F9F7B7FB0C23FB181B78344AD35C89
:10BB80000C221B211800FFF78FFB0A200CF04CFD44
:10BB90000C217B181A787B1801321A700C23FB18C1
:10BBA0001B78192B00D842E7FB1D1B780D2B43D0C7
:10BBB000BA1D3B1D12781B789A4205D10F23FB1842
:10BBC0007A1D12781A700BE00F23FC183B1D1A78AF
:10BBD000BB1D1B7811001800F9F784FB03002370CC
:10BBE000FB1D1C783A6BF96A202508202B18DB19FD
:10BBF00018780F26BB191B7800932300FFF716F85F
:10BC00002C2308201B18DB191B78002B14D0FB1DDC
:10BC10001C783A6BF96A2B18DB1918780023049307
:10BC2000002303930023029300230193BB191B7885
:10BC300000932300F8F744F90B23FB181B78180036
:10BC4000BD4605B0F0BDC0464C1200202C0B0020B4
:10BC5000FC19002080B500AFBFF34F8FC046044BE6
:10BC6000044ADA60BFF34F8FC046C046FDE7C046C6
:10BC700000ED00E00400FA05F0B58BB000AF78608D
:10BC80002723FB1800221A701023FB1800221A60C9
:10BC90000C23FB1800221A601A23FB1800221A70CA
:10BCA00001235B42190001200FF02EFAD54B002230
:10BCB0001A7000F0A8FD1923FB18D24A12781A70E6
:10BCC000D04B1B781A00D04B9200D3581B68DBB2C4
:10BCD000CC4A1278110040225242D31ADAB2CB4B2E
:10BCE0005A54C84B1B781A00C84B9A5CC54B1B783A
:10BCF0001900C74B5B5C9A4200D125E2C14B1A7810
:10BD000018243B1901321A703B191B785A1EBD4B7F
:10BD10001B781900BE4B5B5C1800BE4913005B002A
:10BD20009B189B01CB181B5C0D2B4BD13B191B782F
:10BD3000B94AD35C002B45D100233B620DE0B64AE3
:10BD40003B6AD3181B78032B04D1B34A3B6AD31840
:10BD500000221A703B6A01333B623B6A042BEEDD22
:10BD600018203B181B78AC4A0321D154AB4B3A182E
:10BD700012781A70AA4B3A1812781A703B181B786E
:10BD80005A1EA04B1B781900A14B5B5C1800A149FF
:10BD900013005B009B189B01CB181A5CA14B1A7017
:10BDA000A14B18680023022200210FF0EFF99F4BEE
:10BDB0001B78012B02D19E4B01221A709B4B012252
:10BDC0001A70ABE118217B181B78934AD35C032BC4
:10BDD00015D17B181B785A1E8A4B1B7819008C4B87
:10BDE0005B5C18008B4913005B009B189B01CB1810
:10BDF0001A5C8C4B1A708E4B01221A708EE118243B
:10BE00003B191B785A1E7F4B1B781900804B5B5CDB
:10BE10001800804913005B009B189B01CB181B5C2A
:10BE2000482B0BD13B191B787B4AD35C002B05D1E7
:10BE30003B191B78784A0721D1546FE118243B192C
:10BE40001B785A1E6F4B1B781900714B5B5C1800F6
:10BE5000704913005B009B189B01CB181B5C5A2B8D
:10BE60000BD13B191B786C4AD35C072B05D13B19CE
:10BE70001B78694A0821D15450E118243B191B78DA
:10BE80005A1E604B1B781900614B5B5C18006149BE
:10BE900013005B009B189B01CB181B5C5A2B0BD02B
:10BEA0003B191B785C4AD35C072B05D13B191B78E7
:10BEB000594A0021D15431E11826BB191B78564A42
:10BEC000D35C082B4CD1BB191B78534A0121D154A8
:10BED000BB191B785A1E4B4B1B7819004C4B5B5CF3
:10BEE0001D0019243B1919783B191B785148C35C74
:10BEF0001C00484813005B009B189B01C3185D5D44
:10BF00004D482300DB001B1BDB000A009200521887
:10BF1000D100891ACA0011005B18C31802332A1C09
:10BF20001A7019243B191B780C22BA180321D1541A
:10BF3000BB191B785A1E334B1B781900344B5B5CC2
:10BF40001800344913005B009B189B01CB181A5C46
:10BF50003B191B780132D1B21022BA18D154DDE05E
:10BF600018217B181B782C4AD35C012B00D0D5E01C
:10BF700019203B181B781022BA18D35C012B5DD90D
:10BF80007B181B785A1E1F4B1B781900204B5B5CDB
:10BF90001E003B18197805003B181B782548C35C28
:10BFA0001C007B191B780C257819C35C1D001948EF
:10BFB00013005B009B189B01C3189E5D1E48230065
:10BFC000DB001B1BDB000A0092005218D100891A0B
:10BFD000CA0011005B18C318321C5A5519203B18AF
:10BFE0001B780C243A19D25C0132D1B23A19D154DF
:10BFF0003B181B7810203A18D25C013AD1B23A189B
:10C00000D1548BE0251F0020280E0020201F002087
:10C010001C1F002070150020440A0020380A002050
:10C0200071120020241F002018190020A81A0020D7
:10C030003E0A0020B01A0020B41A00201823FB1872
:10C040001B785A1EE04B1B781900E04B5B5C1E000E
:10C0500019257B1919787B191B78DD48C35C1C00F6
:10C060007B191B780C203818C35C1D00D9481300BD
:10C070005B009B189B01C3189E5DD7482300DB0023
:10C080001B1BDB000A0092005218D100891ACA005B
:10C0900011005B18C318321C5A5519203B181B7825
:10C0A0000C243A19D25C0132D1B23A19D1543B185E
:10C0B0001B7810243A19D25C013AD1B23A19D15402
:10C0C0003B181B78C24AD25C0132D1B2C04AD1546B
:10C0D0003B181B78BE4AD35C052B04D13B181B7858
:10C0E000BB4A0021D154BD4B1B781900BC4B182210
:10C0F000BA1812785A54B94B1B780133DAB2B74BDD
:10C100001A70B64B1B78052B02D1B44B00221A7063
:10C110001823FB181B78B34A0021D154AA4B1B7873
:10C12000AA4AD25C0132D1B2A84AD154A64B1B789C
:10C130001A00A64B9B5CC02B18D1A34B1B781A008E
:10C14000A24B0021995411E09F4B1B781A00A64B7B
:10C150009A5C9D4B1B7819009C4B5B5C9A4205D105
:10C16000994B1B780133DAB2974B1A709B4B1A78B4
:10C170009E4B1B789A4200D145E39C4B1B781900DB
:10C1800018203B18964A525C1A7019257B193A18E8
:10C190001278013A1A707B1919787B191B78944A26
:10C1A000D35C1A008C481300DB009B1ADB000A00EA
:10C1B00092005218D100891ACA0011005B18482257
:10C1C0001A547B1919787B191B78894AD35C1A0099
:10C1D00081481300DB009B1ADB000A009200521812
:10C1E000D100891ACA0011005B18C31801335A2202
:10C1F0001A707B1919787B191B787D4AD35C1A0059
:10C2000017243819744C1300DB009B1ADB000A005A
:10C2100092005218D100891ACA0011005B18E31865
:10C2200002331B7803707B1919787B191B78704ACD
:10C23000D35C1A001626B819674C1300DB009B1A52
:10C24000DB000A0092005218D100891ACA001100BE
:10C250005B18E31803331B780370664B1B78BA191D
:10C2600012789A4263D0BB191B78002B5FD0BB19A0
:10C270001B78FF2B5BD0BB191B78FE2B57D07B198B
:10C280001B785D4A172439190978D1547B191A781B
:10C290001300DB009B1ADB00584A98187B191978A9
:10C2A0007B191B78524AD35C1A001300DB009B1ADF
:10C2B000DB000A0092005218D100891ACA0011004E
:10C2C0005B18DA1C444BD1183B191B781A0017F085
:10C2D000D6FC18203B181B785A1E48491300DB0077
:10C2E0009B1ADB00CB1802331B789B08DBB21A1CAD
:10C2F00001231340DAB2424B01210A4090001A7820
:10C3000004218A43111C021C0A431A703C4B1B78FF
:10C3100004221340DBB2002B02D03A4B03221A70E6
:10C320001823FB181B781800FEF7B6FE4AE2192402
:10C330003B1919783B191B782D4AD35C1A00264803
:10C340001300DB009B1ADB000A0092005218D10098
:10C35000891ACA0011005B181A5C2B4B1A703B1922
:10C3600019783B191B78224AD35C1A001A4813002B
:10C37000DB009B1ADB000A0092005218D100891AD8
:10C38000CA0011005B18C31801331A781E4B5A708B
:10C390003B1919783B191B78154AD35C1A000E48D3
:10C3A0001300DB009B1ADB000A0092005218D10038
:10C3B000891ACA0011005B18C31802331A78124B8D
:10C3C0009A700023FB6141E0251F00201C1F002004
:10C3D000B01A002070150020B41A00201A1F002087
:10C3E000141F0020440A0020201F0020191F0020D5
:10C3F000AC1A00204C120020400A00204C0A0020F9
:10C400006C1200203A0A0020701A00201922BB1872
:10C410001978BB181B78DE4AD35C1A00FB69DC1C58
:10C42000FB69D81CDB4D1300DB009B1ADB000A0004
:10C4300092005218D100891ACA0011005B18EB183B
:10C440001A5DD54B1A54FB690133FB611726BB19E2
:10C450001B78FA699A42D9DBBB191B789BB203336C
:10C460009AB21523FC18CC4B1100180005F0CCFB38
:10C4700003002370C94B1B8801339AB2C74B1A8043
:10C4800019257B1919787B191B78C14AD35C1A00CE
:10C49000BB191B78D81CBF4C1300DB009B1ADB00B8
:10C4A0000A0092005218D100891ACA0011005B18C4
:10C4B000E3181B5C1522BA1812789A4200D07BE16F
:10C4C000B74B1B8801339AB2B54B1A807B191B7886
:10C4D000B44A3400B9190978D1547B191A78130079
:10C4E000DB009B1ADB00B04A98187B1919787B197E
:10C4F0001B78A74AD35C1A001300DB009B1ADB00F1
:10C500000A0092005218D100891ACA0011005B1863
:10C51000DA1CA04BD1183B191B781A0017F0AFFB9F
:10C520002723FB1800221A701622BB181B78FF2B3A
:10C5300004D0BB181B78FE2B00D01CE11623FB187F
:10C540001B78FF2B42D118243B191B785A1E3B192C
:10C550001B78013B9349CB5C591E93481300DB00C9
:10C560009B1ADB00C3185A5C904B1B78DBB29A42D3
:10C570002CD03B191B785A1E3B191B78013B89496B
:10C58000CB5C591E88481300DB009B1ADB00C318E4
:10C590005A5C864B111C1970854B1A703B191B781D
:10C5A0001900FF20FEF7BEFD3B191B785A1E3B19F0
:10C5B0001B78013B7B49CB5C591E7B481300DB0099
:10C5C0009B1ADB00C31800225A541EE01623FB18E6
:10C5D0001B78FF2B19D118217B181B785A1E7B184A
:10C5E0001B78013B6F49CB5C591E6F481300DB0081
:10C5F0009B1ADB00C3185A5C6C4B1B78DBB29A4267
:10C6000003D12723FB1803221A701623FB181B786B
:10C61000FE2B00D090E018243B191B785A1E3B19C2
:10C620001B78013B5F49CB5C591E5F481300DB0060
:10C630009B1ADB00C3185A5C5C4B1B78DBB29A4236
:10C6400000D179E03B191B785A1E3B191B78013B3E
:10C650005449CB5C591E54481300DB009B1ADB0085
:10C66000C3185A5C514B111C1970514B1A703B196D
:10C670001B781900FE20FEF755FD3B191B785A1E4A
:10C680003B191B78013B4749CB5C591E46481300B8
:10C69000DB009B1ADB00C31800225A543B191B789D
:10C6A0005A1E3B191B78013B3E49CB5C981E1A234E
:10C6B000F9183D4C1300DB009B1ADB00E3181B5CF0
:10C6C0000B702723FB1866221A701B23FB1800220D
:10C6D0001A7028E018217B181B785A1E7B181B78CB
:10C6E000013B3049CB5C991E1A23FB181B78C91AF1
:10C6F0001B23FB181B78C9182B481300DB009B1A5F
:10C70000DB00C3185A5C2B4B1B789A4205D12723B8
:10C71000FB1800221A70C0462DE01B217B181A78E6
:10C720007B1801321A701B23FA181A23FB1812788F
:10C730001B789A42CED31EE01623FB181B78FE2BE3
:10C7400019D118217B181B785A1E7B181B78013BC6
:10C750001449CB5C591E14481300DB009B1ADB0004
:10C76000C3185A5C114B1B78DBB29A4203D12723C2
:10C77000FB1803221A702723FB181B78002B21D1EA
:10C780001823FB181B781800FEF704FD1AE0C046BA
:10C79000AC1A0020B41A0020701A00202A1F0020B2
:10C7A000261F0020400A00204C0A00201B1F0020EA
:10C7B000390A00204C120020174B1B8801339AB213
:10C7C000154B1A8019203B181B78144AD25C013291
:10C7D000D1B2124AD1543B181B78104AD35C052BB6
:10C7E00004D13B181B780D4A0021D1540C4B1B7807
:10C7F0000133DAB20A4B1A70094B1B78052B02D1B0
:10C80000074B00221A70074B1B78032B01D8FFF748
:10C8100052FAFFF745FAC046281F0020AC1A002044
:10C82000191F0020251F0020B0B586B000AF78602A
:10C830001723FB1800221A701123FB1800221A700C
:10C840007A681023FB181A701723FB1800221A703D
:10C8500001235B42190001200EF056FC10243B1905
:10C860001B78013BE54AD35C002B00D128E33B1940
:10C870001B785A1E0F23F918E1481300DB009B1A9E
:10C88000DB001B5C0B703B191B785A1E1623F91832
:10C89000DB481300DB009B1ADB00C31801331B7855
:10C8A0000B7015257B1900221A703B191B785A1E34
:10C8B000D449D3481300DB009B1ADB00C3180233B2
:10C8C0001B780B70CF4B1B7801221340DBB2002B7F
:10C8D00008D01123FB1801221A707B197A191278DB
:10C8E00001321A70C74B1B7802221340DBB2002BB7
:10C8F00029D010257B191B785A1E15243B191B784B
:10C90000191DBF481300DB009B1ADB00C3185B5CDA
:10C910001B0299B27B191B785A1E25003B191B7804
:10C92000D81CB74C1300DB009B1ADB00E3181B5C20
:10C930001A001223FB188A181A807B197A191278A8
:10C9400001321A7011E01023FB181B785A1E1523B0
:10C95000FB181B78D91CAA481300DB009B1ADB00CC
:10C96000C3185A5C1223FB181A80A64B1B780822A6
:10C970001340DBB2002B0CD0A24B1A7808218A435B
:10C980001A701623FB181B7800222C211800FEF7C2
:10C990008BFC1522BB18BA18127804321A701723B0
:10C9A000FB181B78002B00D08AE21223FB181B888F
:10C9B000312B0ADC002B00DA6DE2312B00D96AE260
:10C9C0009A00914BD3181B689F46904A93425FD0C0
:10C9D00061E21723FC181523FB181A781023FB18A3
:10C9E00019781623FB181B78180000F0D1FA030001
:10C9F000237065E21723FC181523FB181A781023FF
:10CA0000FB1819781623FB181B78180000F0FAFAA7
:10CA10000300237054E280235901A023DB05012287
:10CA2000180011F014FC4BE280235901A023DB0510
:10CA30000022180011F00BFC42E280235A01A023CF
:10CA4000DB051100180011F01FFC39E21723FC1858
:10CA50001523FB181A781023FB1819781623FB18D6
:10CA60001B78180000F038FB0300237028E217231E
:10CA7000FC181523FB181A781023FB1819781623B5
:10CA8000FB181B78180000F0AFFB0300237017E2BF
:10CA90001723FC181523FB181A781023FB18197894
:10CAA0001623FB181B78180000F002FC030023700B
:10CAB00006E21723FC181523FB181A781023FB181D
:10CAC00019781623FB181B78180000F0E5FD030009
:10CAD0002370F5E11723FC181523FB181A7810238F
:10CAE000FB1819781623FB181B78180000F046FE77
:10CAF00003002370E4E11723FC181523FB181A78B0
:10CB00001023FB1819781623FB181B78180000F067
:10CB1000B3FE03002370D3E11723FC181523FB1881
:10CB20001A781023FB1819781623FB181B781800A5
:10CB300000F008FF03002370C2E11723FC1815233F
:10CB4000FB181A781023FB1819781623FB181B788A
:10CB5000180000F06DFF03002370B1E11723FC18EB
:10CB60001623FB181B78180008F040F80300237008
:10CB7000A6E11723FC181523FB181A781023FB18BD
:10CB800019781623FB181B78180000F0E5FF030046
:10CB9000237095E11723FC181523FB181A7810232E
:10CBA000FB1819781623FB181B78180001F03CF8C5
:10CBB0000300237084E11723FC181523FB181A784F
:10CBC0001023FB1819781623FB181B78180001F0A6
:10CBD000F3F80300237073E11723FC181523FB18E7
:10CBE0001A781023FB1819781623FB181B781800E5
:10CBF00001F008F90300237062E1C046400A0020FA
:10CC00004C0A00206C120020ACB00208B2050000F3
:10CC10001723FC181523FB181A781023FB18197812
:10CC20001623FB181B78180001F014F90300237079
:10CC300046E11723FC181523FB181A781023FB185C
:10CC400019781623FB181B78180001F0D7F9030098
:10CC5000237035E11723FC181523FB181A781023CD
:10CC6000FB1819781623FB181B78180001F050FAEE
:10CC70000300237024E11723FC181523FB181A78EE
:10CC80001023FB1819781623FB181B78180001F0E5
:10CC900063FA0300237013E11723FC181523FB1814
:10CCA0001A781023FB1819781623FB181B78180024
:10CCB00001F09CFA0300237002E11723FC181523EE
:10CCC000FB181A781023FB1819781623FB181B7809
:10CCD000180001F02DFD03002370F1E01723FC186C
:10CCE0001523FB181A781023FB1819781623FB1844
:10CCF0001B78180001F0C2FD03002370E0E0172349
:10CD0000FC181523FB181A781023FB181978162322
:10CD1000FB181B78180002F00BF803002370CFE01B
:10CD20001723FC181523FB181A781023FB18197801
:10CD30001623FB181B78180002F0A8F903002370D3
:10CD4000BEE01723FC181523FB181A781023FB18D4
:10CD500019781623FB181B78180002F04DFE03000B
:10CD60002370ADE01723FC181523FB181A78102345
:10CD7000FB1819781623FB181B78180002F068FEC0
:10CD8000030023709CE01723FC181523FB181A7866
:10CD90001023FB1819781623FB181B78180002F0D3
:10CDA000ABFE030023708BE01723FC181523FB1840
:10CDB0001A781023FB1819781623FB181B78180013
:10CDC00002F000FF030023707AE01723FC181523FC
:10CDD000FB181A781023FB1819781623FB181B78F8
:10CDE000180002F013FF0300237069E01723FC18FA
:10CDF0001523FB181A781023FB1819781623FB1833
:10CE00001B78180002F020FF0300237058E017235E
:10CE1000FC181523FB181A781023FB181978162311
:10CE2000FB181B78180002F02DFF0300237047E069
:10CE30001723FC181523FB181A781023FB181978F0
:10CE40001623FB181B78180003F0FCF9030023706D
:10CE500036E01723FC181523FB181A781023FB184B
:10CE600019781623FB181B78180003F025FA030025
:10CE7000237025E01723FC181523FB181A781023BC
:10CE8000FB1819781623FB181B78180003F04EFACC
:10CE90000300237014E01723FC181523FB181D78DA
:10CEA0001223FB181A881023FB1819781623FB1875
:10CEB00018782B0003F0A8FA0300237000E0C046A6
:10CEC00017243B191B78012B0AD11623FB181B785A
:10CED000002200211800FEF7E7F93B1900221A7022
:10CEE00010217B181B785A1E1300DB009B1ADB00F5
:10CEF000154A98180C007B181B78013B134AD35C29
:10CF00001A00002116F093FD3B191B78013B0F4AD4
:10CF10000021D1543B191B780D4AD35C022B10D051
:10CF20003B191B780A4AD35C032B0AD03B191B78A8
:10CF3000074AD35C042B04D03B191B78044A002118
:10CF4000D1540BF05DFF7FE44C0A0020400A002022
:10CF5000440A0020B0B584B000AF05000C001000FA
:10CF60001900BB1D2A1C1A807B1D221C1A703B1D38
:10CF7000021C1A70FB1C0A1C1A700F217B1801225C
:10CF80001A707B181B781800BD4604B0B0BD0000B5
:10CF900090B585B000AF040008001100FB1D221CF5
:10CFA0001A70BB1D021C1A707B1D0A1C1A700F23FD
:10CFB000FB1800221A70114B01221A70104B1B78BB
:10CFC00060221340DBB2602B06D00D4B1B78602231
:10CFD0001340DBB2202B0AD10F23FC18FB1D1B785A
:10CFE000002202211800FEF75FF9030023700F23CF
:10CFF000FB181B781800BD4605B090BD3A0A00200A
:10D000006C12002090B587B002AF04000800110038
:10D01000FB1D221C1A70BB1D021C1A707B1D0A1CF2
:10D020001A700F23FB1800221A70244B1B78002B58
:10D030003AD1234B1B781900224A0B009B005B1846
:10D040005B009B5C002B07D1FB1D1A781E491F4B10
:10D05000180016F06DFC0EE0FB1D1C78FB1D1A7805
:10D0600013009B009B185B00164A9B181849174831
:10D07000220016F05DFC114B1C78144B1800F3F7DE
:10D080004DF803009AB2114901235B420093322309
:10D09000200007F0EDFB031E06D00F217B18FF22B6
:10D0A0001A707B181B7805E00A4B00221A700F23B8
:10D0B000FB181B781800BD4605B090BD380A00204B
:10D0C0004C120020B810002074B10208201A002071
:10D0D00088B102086D120020B0B586B002AF04001E
:10D0E00008001100FB1D221C1A70BB1D021C1A70C7
:10D0F0007B1D0A1C1A700F257B1900221A70FB1D5C
:10D100001B789BB21B0299B2BB1D1B785A1E7B1D5C
:10D110001B78981C2F4C1300DB009B1ADB00E318D4
:10D120001B5C1800BB1D1B785A1E0B1899B22A4BAA
:10D130009200D152BB1D1B785A1E7B1D19782548C1
:10D140001300DB009B1ADB00C3185B5C1B0299B267
:10D15000BB1D1B785A1E7B1D1B78581C1D4C1300D1
:10D16000DB009B1ADB00E3181B5C1A00BB1D1B785D
:10D17000013B8A1891B2184A9B00D31802330A1C4B
:10D180001A80164B02221A70154B1B881B0A9BB281
:10D19000DAB2144B1A70124B1B88DAB2114B5A7068
:10D1A000104BBA1D12789A7002200BF03DFA7C19D0
:10D1B000BB1D1878032300930B2300220021FEF7E8
:10D1C0004BF9030023707B191B781800BD4604B08F
:10D1D000B0BDC0464C0A00205C0D00203A0A002079
:10D1E0007A0000202C0B0020B0B584B000AF040002
:10D1F00008001100FB1D221C1A70BB1D021C1A70B6
:10D200007B1D0A1C1A700F257B1900221A70FB1D4A
:10D210001B789BB21B0299B2BB1D1B785A1E7B1D4B
:10D220001B78981C1F4C1300DB009B1ADB00E318D3
:10D230001B5C1800BB1D1B785A1E0B1899B21A4BA9
:10D240009200D152BB1D1B785A1E7B1D19781548C0
:10D250001300DB009B1ADB00C3185B5C1B0299B256
:10D26000BB1D1B785A1E7B1D1B78581C0D4C1300D0
:10D27000DB009B1ADB00E3181B5C1A00BB1D1B784C
:10D28000013B8A1891B2084A9B00D31802330A1C4A
:10D290001A80064B00221A707B191B781800BD46B5
:10D2A00004B0B0BD4C0A00205C0D00206D120020BF
:10D2B00090B585B000AF040008001100FB1D221CD2
:10D2C0001A70BB1D021C1A707B1D0A1C1A700F24D9
:10D2D0003B1900221A70BB1D1B785A1E7B1D197842
:10D2E000EB481300DB009B1ADB00C3185A5CE94BC8
:10D2F0001A70BB1D1B785A1E7B1D1B78591CE448F5
:10D300001300DB009B1ADB00C3185A5CE14B5A7018
:10D31000BB1D1B785A1E7B1D1B78991CDC48130013
:10D32000DB009B1ADB00C3185A5CDA4B9A70BB1DFA
:10D330001B785A1E7B1D1B78D91CD5481300DB00B7
:10D340009B1ADB00C3185A5CD24BDA70BB1D1B78EA
:10D350005A1E7B1D1B78191DCD481300DB009B1A3C
:10D36000DB00C3185A5CCB4B1A71BB1D1B785A1ECD
:10D370007B1D1B78591DC6481300DB009B1ADB0080
:10D38000C3185A5CC34B5A71BB1D1B785A1E7B1DB8
:10D390001B78991DBE481300DB009B1ADB00C318E5
:10D3A0005A5CBC4B9A71BB1D1B785A1E7B1D1B78A7
:10D3B000D91DB7481300DB009B1ADB00C3185A5C69
:10D3C000B44BDA71BB1D1B785A1E7B1D1B780833CA
:10D3D0001900AF481300DB009B1ADB00C3185A5C2E
:10D3E000AC4B1A72BB1D1B785A1E7B1D1B78093370
:10D3F0001900A7481300DB009B1ADB00C3185A5C16
:10D40000A44B5A72BB1D1B785A1E7B1D1B780A3316
:10D4100019009F481300DB009B1ADB00C3185A5CFD
:10D420009C4B9A72BB1D1B785A1E7B1D1B780B33BD
:10D43000190097481300DB009B1ADB00C3185A5CE5
:10D44000944BDA72BB1D1B785A1E7B1D1B780C3364
:10D4500019008F481300DB009B1ADB00C3185A5CCD
:10D460008C4B1A73BB1D1B785A1E7B1D1B780D330A
:10D47000190087481300DB009B1ADB00C3185A5CB5
:10D48000844B5A73BB1D1B785A1E7B1D1B780E33B1
:10D4900019007F481300DB009B1ADB00C3185A5C9D
:10D4A0007C4B9A73BB1D1B785A1E7B1D1B780F3358
:10D4B000190077481300DB009B1ADB00C3185A5C85
:10D4C000744BDA73BB1D1B785A1E7B1D1B781033FF
:10D4D00019006F481300DB009B1ADB00C3185A5C6D
:10D4E0006C4B1A74BB1D1B785A1E7B1D1B781133A5
:10D4F000190067481300DB009B1ADB00C3185A5C55
:10D50000644B5A74BB1D1B785A1E7B1D1B7812334B
:10D5100019005F481300DB009B1ADB00C3185A5C3C
:10D520005C4B9A74BB1D1B785A1E7B1D1B781333F2
:10D53000190057481300DB009B1ADB00C3185A5C24
:10D54000544BDA74BB1D1B785A1E7B1D1B78143399
:10D5500019004F481300DB009B1ADB00C3185A5C0C
:10D560004C4B1A75BB1D1B785A1E7B1D1B7815333F
:10D57000190047481300DB009B1ADB00C3185A5CF4
:10D58000444B5A75BB1D1B785A1E7B1D1B781633E6
:10D5900019003F481300DB009B1ADB00C3185A5CDC
:10D5A0003C4B9A75BB1D1B785A1E7B1D1B7817338D
:10D5B000190037481300DB009B1ADB00C3185A5CC4
:10D5C000344BDA75BB1D1B785A1E7B1D1B78183334
:10D5D00019002F481300DB009B1ADB00C3185A5CAC
:10D5E0002C4B1A76BB1D1B785A1E7B1D1B781933DA
:10D5F000190027481300DB009B1ADB00C3185A5C94
:10D60000244B5A76BB1D1B785A1E7B1D1B781A3380
:10D6100019001F481300DB009B1ADB00C3185A5C7B
:10D620001C4B9A76BB1D1B785A1E7B1D1B781B3327
:10D63000190017481300DB009B1ADB00C3185A5C63
:10D64000144BDA76BB1D1B785A1E7B1D1B781C33CE
:10D6500019000F481300DB009B1ADB00C3185A5C4B
:10D660000C4B1A77BB1D1B785A1E7B1D1B781D3374
:10D67000190007481300DB009B1ADB00C3185A5C33
:10D68000044B5A773B191B781800BD4605B090BD76
:10D690004C0A0020441F0020B0B584B000AF040045
:10D6A00008001100FB1D221C1A70BB1D021C1A7001
:10D6B0007B1D0A1C1A700D23FB1800221A700F2301
:10D6C000FB1800221A70BB1D1B781800F7F7EAFB45
:10D6D000274B02221A7032200AF0A6FF0E23FB18F5
:10D6E00001221A702AE00E217B181B785A1E214B4A
:10D6F0009200D35A002B1BD00F243B191B781E4AD3
:10D700000D0079180978D1543B191B785A1C1A4B13
:10D71000D0187B191B78013B9A00164BD3180422B2
:10D72000190016F0ACFA3B193A19127805321A7042
:10D730000E217B181A787B1801321A700E23FB1801
:10D740001B78042BCFD90F23FB181B789AB20D2519
:10D750007C19FB1D1B780D211800FDF7A5FD0300AA
:10D7600023707B191B781800BD4604B0B0BDC046BD
:10D770003A0A00205C0D00202C0B0020B0B584B0CC
:10D7800000AF040008001100FB1D221C1A70BB1D15
:10D79000021C1A707B1D0A1C1A700E23FB18002233
:10D7A0001A700D203B1800221A70BB1D1B78013B1C
:10D7B0002D4AD15C0C257B197A1D12788A1A1A70B1
:10D7C0003C187B191B7805211800F2F7C3FC0300F5
:10D7D00023700F23FB1800221A7033E0BB1D1B7847
:10D7E0005A1E7B1D18780F257B1919780B009B009A
:10D7F0005B18C1181D481300DB009B1ADB00C3181F
:10D800005B5C013B9A001A4BD418BB1D1B785A1E57
:10D810007B1D1B78581C7B1919780B009B005B182B
:10D82000C1181300DB009B1ADB005A180F4BD318EA
:10D8300004221900200016F022FA7B191A787B19AD
:10D8400001321A700F23FA180D23FB1812781B7877
:10D850009A42C3D3074B00221A700E23FB181B7881
:10D860001800BD4604B0B0BD400A00204C0A00209C
:10D870006C0D00206D120020B0B584B000AF040024
:10D8800008001100FB1D221C1A70BB1D021C1A701F
:10D890007B1D0A1C1A700E23FB1800221A700F231E
:10D8A000FB1801221A7026E00F257A19BB1D127889
:10D8B0001B789A4219D07B191B78180007F08EF854
:10D8C0000400BB1D1B785A1E7B1D19787B191B7821
:10D8D000CB18591E1A481300DB009B1ADB00C31833
:10D8E0005B5C1900200007F0A1F80F217B181A7863
:10D8F0007B1801321A700F23FB181B78042BD3D925
:10D90000BB1D1B78180007F069F80400BB1D1B78CD
:10D910005A1E7B1D1B780A33190009481300DB00CF
:10D920009B1ADB00C3185B5C1900200007F07EF82F
:10D930000E23FB181B781800BD4604B0B0BDC046CE
:10D940004C0A002090B587B002AF04000800110017
:10D95000FB1D221C1A70BB1D021C1A707B1D0A1CA9
:10D960001A700F23FB1800221A70BB1D1B785A1E59
:10D970007B1D19782B481300DB009B1ADB00C318B2
:10D980005B5C002B0FD1BB1D1B785A1E7B1D1B78C7
:10D99000591C24481300DB009B1ADB00C3185A5C97
:10D9A000214B1A7037E0BB1D1B785A1E7B1D19785E
:10D9B0001C481300DB009B1ADB00C3185B5C012BC7
:10D9C00029D11A4B00221A70BB1D1B785A1E7B1DD1
:10D9D0001B78591C13481300DB009B1ADB00C3188B
:10D9E0005A5C124B5A70BB1D1B785A1E7B1D1B784C
:10D9F000991C0C481300DB009B1ADB00C318585C11
:10DA00000F23FC1803230093102300220021FDF7AD
:10DA100023FD030023700F23FB181B781800BD465D
:10DA200005B090BD4C0A00204C1200202C0B0020A9
:10DA3000B0B584B000AF040008001100FB1D221C2B
:10DA40001A70BB1D021C1A707B1D0A1C1A700F2352
:10DA5000FB1800221A700C243B1900221A80BB1DEF
:10DA60001B78013B354AD15C0B257B197A1D127856
:10DA70008A1A1A70324B1B787F229343DBB2002B39
:10DA80001DD03B191A882F4BD018BB1D1B785A1E6E
:10DA90007B1D19781300DB009B1ADB005A182A4BF8
:10DAA000D1187B191B781A0016F0E9F87B191B783E
:10DAB00099B23B193A1912888A181A8036E00C2458
:10DAC0003B191A881F4BD018BB1D1B785A1E7B1D93
:10DAD00019781300DB009B1ADB005A181A4BD11877
:10DAE0000B257B191B781A0016F0C9F87B191B78D7
:10DAF00099B23B193A1912888A181A803B191B8867
:10DB000016211800F2F726FB03009BB2DAB20F4B86
:10DB10001A703B191A880B490D4B180016F0AFF814
:10DB20003B1900221A800B4B02221A700F23FB189C
:10DB30001B781800BD4604B0B0BDC046400A0020A6
:10DB40006C1200208C1F00204C0A00207C0000205A
:10DB5000440E00203A0A0020B0B584B000AF0400A3
:10DB600008001100FB1D221C1A70BB1D021C1A703C
:10DB70007B1D0A1C1A700E23FB1800221A70BB1D95
:10DB80001B78013B244AD15C0D23FB187A1D1278C7
:10DB90008A1A1A700F23FB1800221A702AE0FB1D44
:10DBA0001B785A1E1D4B5200D35A19B2BB1D1B784D
:10DBB0005A1E7B1D18780F257B191B78C018184C2E
:10DBC0001300DB009B1ADB00E3181B5C013B802287
:10DBD00012021A4113001BB20B4319B2FB1D1B7832
:10DBE0005A1E89B20D4B5200D1527B191A787B19FB
:10DBF00001321A700F23FA180D23FB1812781B78C4
:10DC00009A42CCD3074B00221A700E23FB181B78C4
:10DC10001800BD4604B0B0BD400A00201812002014
:10DC20004C0A00206D120020B0B586B000AF040091
:10DC300008001100FB1D221C1A70BB1D021C1A706B
:10DC40007B1D0A1C1A701523FB1800221A70BB1DBD
:10DC50001B78013B564AD15C1423FB187A1D1278BD
:10DC60008A1A1A7000233B610F23FB1800221A70D6
:10DC7000BB1D1B785A1E7B1D19784E481300DB0014
:10DC80009B1ADB00C3185B5C1906BB1D1B785A1E70
:10DC90007B1D1B78581C474C1300DB009B1ADB00D4
:10DCA000E3181B5C1B04C918BB1D1B785A1E7B1D87
:10DCB0001B78981C3F4C1300DB009B1ADB00E31819
:10DCC0001B5C1B02C918BB1D1B785A1E7B1D1B78D1
:10DCD000D81C384C1300DB009B1ADB00E3181B5CDC
:10DCE000CB183B61BB1D1B785A1E7B1D1B78191D71
:10DCF00030481300DB009B1ADB00C3185B5CFF2B72
:10DD000018D11723FB1801221A700DE03A69172465
:10DD10003B191B781100180006F040FE21007B180B
:10DD20001A787B1801321A701723FB181B78042B02
:10DD3000ECD935E01623FB1800221A7028E0BB1D31
:10DD40001B785A1E7B1D1B78191D1623FB181B7888
:10DD5000C8180F257919174C1300DB009B1ADB003C
:10DD6000E3181B5C0B707B191B78002B0AD07B1906
:10DD70001B78042B06D83A697B191B781100180010
:10DD800006F00CFE16217B181A787B1801321A70E7
:10DD90001623FA181423FB1812781B789A42CED354
:10DDA0001523FB181B781800BD4606B0B0BDC04651
:10DDB000400A00204C0A0020B0B584B000AF040037
:10DDC00008001100FB1D221C1A70BB1D021C1A70DA
:10DDD0007B1D0A1C1A700F257B1900221A7002F095
:10DDE00039FE7C19F5F7C8FF03002370044B0122AC
:10DDF0001A707B191B781800BD4604B0B0BDC04630
:10DE00003A0A0020B0B584B000AF04000800110049
:10DE1000FB1D221C1A70BB1D021C1A707B1D0A1CE4
:10DE20001A700F257B1900221A707C19F6F710F969
:10DE30000300237002F0EAFF64200AF0F5FB044BB4
:10DE400002221A707B191B781800BD4604B0B0BDC1
:10DE50003A0A0020B0B588B000AF040008001100F5
:10DE6000FB1D221C1A70BB1D021C1A707B1D0A1C94
:10DE70001A701F23FB1800221A701C23FB180022A3
:10DE80001A80BB1D1B78013B564AD15C1B243B19F1
:10DE90007A1D12788A1A1A70BB1D1B785A1E1A2511
:10DEA000791951481300DB009B1ADB001B5C0B70D7
:10DEB0000AF032FD03007B617B191B78FF2B14D124
:10DEC000BB1D1B785A1E7B1D19781300DB009B1AA3
:10DED000DB005A18444BD1183B191B78013B1A0040
:10DEE000424B180015F0CBFE31E01A23FB181B78CB
:10DEF000FE2B19D1BB1D1B785A1E7B1D19781300F0
:10DF0000DB009B1ADB005A18374BD1181B23FB1878
:10DF10001A781323FB181B78D31A023B1A00334BD1
:10DF2000180015F0ACFE12E0BB1D1B785A1E7B1DBD
:10DF300019781300DB009B1ADB005A182A4BD11802
:10DF40001B23FB181A78294B180015F098FE132490
:10DF50003B19274A12781A70254BBA1D12781A708D
:10DF600099239A007969214B18000AF047FC0300B5
:10DF7000FB601F4B3A1912781A701E4B1B786022F7
:10DF80001340DBB2602B1DD17B691800F2F7C6F895
:10DF900002007969184B180015F071FE7B691800B2
:10DFA000F2F7BCF8030099B21F23FC187A69FB1D35
:10DFB00018780B001821FDF7C9F9030023700A2017
:10DFC0000AF032FBFB68002BC1D1084B3222002142
:10DFD000180015F02CFD1F23FB181B781800BD46F8
:10DFE00008B0B0BD400A00204C0A0020AC20002040
:10DFF000380A00206C1200202C0B0020B0B586B02F
:10E0000000AF040008001100FB1D221C1A70BB1D8C
:10E01000021C1A707B1D0A1C1A701723FB180022A1
:10E020001A7014243B1900221A80BB1D1B78013B77
:10E03000324AD15C13257B197A1D12788A1A1A701C
:10E040000AF06AFC0300FB60FB681800F2F766F850
:10E050000200FB680021180015F0E9FC284B1B7832
:10E060007F229343DBB2002B1DD03B191B88FA683B
:10E07000D018BB1D1B785A1E7B1D19781300DB00BE
:10E080009B1ADB005A181F4BD1187B191B781A00FA
:10E0900015F0F5FD7B191B7899B23B193A191288D6
:10E0A0008A181A8023E014243B191B88FA68D018B8
:10E0B000BB1D1B785A1E7B1D19781300DB009B1AB1
:10E0C000DB005A180F4BD1181323FB181B781A00CA
:10E0D00015F0D5FD3B1900221A800B4B00221A7057
:10E0E0000A4B18680023002200210DF04FF8172377
:10E0F000FB181B781800BD4606B0B0BD400A0020D2
:10E100006C1200204C0A00206D120020181900200B
:10E1100090B585B000AF040008001100FB1D221C63
:10E120001A70BB1D021C1A707B1D0A1C1A700F236B
:10E13000FB1800221A70054B054A1A60054B012294
:10E140001A700A200AF070FAFDF784FDF03F0220F1
:10E15000EFBEADDE3A0A0020B0B586B002AF0400D3
:10E1600008001100FB1D221C1A70BB1D021C1A7036
:10E170007B1D0A1C1A700F257B1900221A70BB1D0B
:10E180001B785A1E7B1D197816481300DB009B1A5A
:10E19000DB00C318585C00230093192300220021E0
:10E1A000FDF75AF964200AF03FFA0F4B1C78BB1DAB
:10E1B0001B785A1E7B1D19780A481300DB009B1A36
:10E1C000DB00C318595CBB1D1A78FB1D18780B00C7
:10E1D000210002F037FE7B191B781800BD4604B001
:10E1E000B0BDC0464C0A00204C120020F0B589B0EA
:10E1F00002AF040008001100FB1D221C1A70BB1D99
:10E20000021C1A707B1D0A1C1A701623FB180022B0
:10E210001A70BB1D1B78013BB64AD15C15257B19D2
:10E220007A1D12788A1A1A70BB1D1B785A1E7B1D24
:10E230001B780B3318001726B919AF4C1300DB00FD
:10E240009B1ADB00E3181B5C0B707B191B780F2BF0
:10E250000FD1BB1D1B785A1E7B1D1B780D33180078
:10E26000B919A54C1300DB009B1ADB00E3181B5CFB
:10E270000B701523FB181B78112B10D1BB1D1B78BD
:10E280005A1E7B1D1B780F3318001723F9189A4C60
:10E290001300DB009B1ADB00E3181B5C0B70BB1D3B
:10E2A0001B785A1E7B1D19781300DB009B1ADB00BC
:10E2B0005A18914BD1181023FB1805221800F8F7B3
:10E2C000A5FABB1D1B785A1E7B1D1B78191D130058
:10E2D000DB009B1ADB005A18874BD1180C23FB1864
:10E2E00005221800F8F792FA1723FB181B78002B69
:10E2F00000D003E1BB1D1B785A1E7B1D1B78093320
:10E3000019007D481300DB009B1ADB00C3185B5C1F
:10E31000002B43D0BB1D1B785A1E7B1D1B780A3374
:10E32000190075481300DB009B1ADB00C3185B5C07
:10E33000002B33D0BB1D1B785A1E7B1D1B78083366
:10E3400019006D481300DB009B1ADB00C3185C5CEE
:10E350003D69FE68BB1D1B785A1E7B1D1B78093367
:10E36000190065481300DB009B1ADB00C3185B5CD7
:10E370009C46BB1D1B785A1E7B1D1B780A33190057
:10E380005D481300DB009B1ADB00C3185B5C009345
:10E390006346320029002000FCF748FCBB1D1B78B7
:10E3A0005A1E7B1D1B780B33190053481300DB00EA
:10E3B0009B1ADB00C3185B5C002B43D0BB1D1B7892
:10E3C0005A1E7B1D1B780C3319004B481300DB00D1
:10E3D0009B1ADB00C3185B5C002B33D0BB1D1B7882
:10E3E0005A1E7B1D1B780833190043481300DB00BD
:10E3F0009B1ADB00C3185C5C3D69FE68BB1D1B7883
:10E400005A1E7B1D1B780B3319003B481300DB00A1
:10E410009B1ADB00C3185B5C9C46BB1D1B785A1E15
:10E420007B1D1B780C33190033481300DB009B1A4B
:10E43000DB00C3185B5C00936346320029002000B8
:10E44000FCF7F4FBBB1D1B785A1E7B1D1B780D339C
:10E45000190029481300DB009B1ADB00C3185B5C22
:10E46000002B00D15BE1BB1D1B785A1E7B1D1B7866
:10E470000E33190020481300DB009B1ADB00C31881
:10E480005B5C002B00D14AE1BB1D1B785A1E7B1D33
:10E490001B780833190018481300DB009B1ADB00B7
:10E4A000C3185C5C3D69FE68BB1D1B785A1E7B1D52
:10E4B0001B780D33190010481300DB009B1ADB009A
:10E4C000C3185B5C9C46BB1D1B785A1E7B1D1B78CA
:10E4D0000E33190008481300DB009B1ADB00C31839
:10E4E0005B5C00936346320029002000FCF79EFB32
:10E4F00015E1C046400A00204C0A0020BB1D1B78D5
:10E500005A1E7B1D1B780833190088481300DB0056
:10E510009B1ADB00C3185B5C1900E42003F07CFC51
:10E52000BB1D1B785A1E7B1D197880481300DB0029
:10E530009B1ADB00C3185B5C1B0299B2BB1D1B78E6
:10E540005A1E7B1D1B78581C784C1300DB009B1A4D
:10E55000DB00E3181B5CCB189BB21900E52003F02D
:10E560005BFCBB1D1B785A1E7B1D1B78991C6F48DA
:10E570001300DB009B1ADB00C3185B5C1B0299B223
:10E58000BB1D1B785A1E7B1D1B78D81C674C1300C3
:10E59000DB009B1ADB00E3181B5CCB189BB2190055
:10E5A000E62003F039FCBB1D1B785A1E7B1D1B782F
:10E5B000191D5E481300DB009B1ADB00C3185B5C6F
:10E5C0001B0299B2BB1D1B785A1E7B1D1B78581D60
:10E5D000564C1300DB009B1ADB00E3181B5CCB18C6
:10E5E0009BB21900E72003F017FCBB1D1B785A1ED5
:10E5F0007B1D1B78991D4D481300DB009B1ADB0027
:10E60000C3185B5C1B0299B2BB1D1B785A1E7B1D95
:10E610001B78D81D454C1300DB009B1ADB00E31868
:10E620001B5CCB189BB21900E82003F0F5FBBB1D67
:10E630001B785A1E7B1D1B78093319003B481300B9
:10E64000DB009B1ADB00C3185B5C1B0299B2BB1D8D
:10E650001B785A1E7B1D1B780A331800334C13009D
:10E66000DB009B1ADB00E3181B5CCB189BB2190084
:10E67000E92003F0D1FB1523FB181B78132B23D1C2
:10E68000BB1D1B785A1E7B1D1B780B3319002748B6
:10E690001300DB009B1ADB00C3185B5C1B0299B202
:10E6A000BB1D1B785A1E7B1D1B780C3318001F4C9A
:10E6B0001300DB009B1ADB00E3181B5CCB189BB23A
:10E6C0001900EA2003F0A8FB1523FB181B78152B73
:10E6D00023D1BB1D1B785A1E7B1D1B780D331900DF
:10E6E00012481300DB009B1ADB00C3185B5C1B02A3
:10E6F00099B2BB1D1B785A1E7B1D1B780E33180068
:10E700000A4C1300DB009B1ADB00E3181B5CCB18E0
:10E710009BB21900EB2003F07FFBFDF79BFA162359
:10E72000FB181B781800BD4607B0F0BD4C0A00204E
:10E73000F0B5D6464F464646C0B58AB004AF040091
:10E7400008001100FB1D221C1A70BB1D021C1A7050
:10E750007B1D0A1C1A701723FB1800221A70BB1DA0
:10E760001B785A1E7B1D19781300DB009B1ADB00F7
:10E770005A18404BD1181022BB1805221800F8F780
:10E7800045F8BB1D1B785A1E7B1D1B78191D1300F5
:10E79000DB009B1ADB005A18364BD1180C22BB1831
:10E7A00005221800F8F732F8BB1D1B785A1E7B1D96
:10E7B0001B78190009312F481300DB009B1ADB007E
:10E7C000C3185A5C94462C4B1A789046BB1D1B7894
:10E7D0005A1E7B1D1B7819000B3126481300DB00E5
:10E7E0009B1ADB00C3185A5C9146BB1D1B785A1E4E
:10E7F0007B1D1B7819000A311E481300DB009B1A91
:10E80000DB00C3185A5C9246BB1D1B785A1E7B1D49
:10E810001B781900083117481300DB009B1ADB0036
:10E82000C318595C3869FC68BB1D1B785A1E7B1DD8
:10E830001B781D000C350F4E1300DB009B1ADB000C
:10E84000F3185B5D5A1E9341DBB20393029401906F
:10E85000009153464A4641466046FDF771F817233A
:10E86000FB181B781800BD4606B0E0BCBA46B1469E
:10E87000A846F0BD4C0A00204C120020B0B586B06E
:10E8800000AF040008001100FB1D221C1A70BB1D04
:10E89000021C1A707B1D0A1C1A701723FB18002219
:10E8A0001A70BB1D1B785A1E7B1D1978EB4813008C
:10E8B000DB009B1ADB00C3185B5C002B00D0AFE0D1
:10E8C000BB1D1B785A1E7B1D1B78991CE348130047
:10E8D000DB009B1ADB00C3185B5C1906BB1D1B78B1
:10E8E0005A1E7B1D1B78D81CDC4C1300DB009B1AC6
:10E8F000DB00E3181B5C1B04C918BB1D1B785A1EE8
:10E900007B1D1B78181DD54C1300DB009B1ADB0008
:10E91000E3181B5C1B02C918BB1D1B785A1E7B1D0C
:10E920001B78581DCD4C1300DB009B1ADB00E3184D
:10E930001B5CCB183B61BB1D1B785A1E7B1D1B78D3
:10E94000591CC6481300DB009B1ADB00C3185B5C34
:10E95000082B00D9DCE19A00C14BD3181B689F46F5
:10E960003B691A78BF4B1A70FB1D1B7801221F21CF
:10E970001800FCF799FCD0E13B691B785BB2DAB276
:10E98000B84B1A70FB1D1B7801221F211800FCF7E1
:10E990008BFCC2E13B69B34903221800F7F7F4FE90
:10E9A000FB1D1B7802221F211800FCF77DFCB4E13F
:10E9B0003B69AC4904221800F7F7E6FEFB1D1B7803
:10E9C00002221F211800FCF76FFCA6E13B69A54954
:10E9D00005221800F7F7D8FEFB1D1B7804221F2123
:10E9E0001800FCF761FC98E13B699E49062218007B
:10E9F000F7F7CAFEFB1D1B7804221F211800FCF745
:10EA000053FC8AE13B69974907221800F7F7BCFEDF
:10EA1000FB1D1B7808221F211800FCF745FC7CE138
:10EA2000BB1D1B785A1E7B1D19788C481300DB0018
:10EA30009B1ADB00C3185B5C022B00D0B2E0BB1D4D
:10EA40001B785A1EBB1D1B78013B8749CB5C591EA6
:10EA500082481300DB009B1ADB00C31800225A54C3
:10EA6000BB1D1B785A1E7B1D1B78591C1300DB0035
:10EA70009B1ADB005A18794BD3180F257C19180004
:10EA8000F5F79CFB030023707B191B78002B07D143
:10EA9000FB1D1B7801221F211800FCF705FC3CE13F
:10EAA0000F203B181B785A1E704913005B009B18FF
:10EAB0009B005B583B613B181B785A1E6B49130047
:10EAC0005B009B189B00CB1804331A78654B1A70B7
:10EAD000644B1B78082B00D91CE19A00644BD318B7
:10EAE0001B689F463B691A785E4B5A70FB1D1B786A
:10EAF00002221F211800FCF7D7FB0EE13B691B78AF
:10EB00005BB2DAB2574B5A70FB1D1B7802221F21F1
:10EB10001800FCF7C9FB00E13B69564903221800C5
:10EB2000F7F732FEFB1D1B7803221F211800FCF7AC
:10EB3000BBFBF2E03B694F4904221800F7F724FEC3
:10EB4000FB1D1B7803221F211800FCF7ADFBE4E03E
:10EB50003B69484905221800F7F716FEFB1D1B7894
:10EB600005221F211800FCF79FFBD6E03B694149B5
:10EB700006221800F7F708FEFB1D1B7805221F214F
:10EB80001800FCF791FBC8E03B693A4907221800DE
:10EB9000F7F7FAFDFB1D1B7809221F211800FCF76F
:10EBA00083FBBAE0BB1D1B785A1E7B1D19782B48CE
:10EBB0001300DB009B1ADB00C3185B5C022B00D840
:10EBC000ABE0BB1D1B785A1E7B1D19782348130030
:10EBD000DB009B1ADB00C3185B5C1A1F264B9200FC
:10EBE000D358DBB20F221340DAB21E4B1A701D4B02
:10EBF0001B78002B07D1FB1D1B7801221F21180059
:10EC0000FCF752FB89E0BB1D1B785A1E7B1D19784F
:10EC100012481300DB009B1ADB00C3185B5C1A1F51
:10EC2000154B9200D3581B0C144A944663443B6125
:10EC30000C4B1B78082B6FD89A00114BD3181B680C
:10EC40009F463B691A78074B5A70FB1D1B780222BE
:10EC50001F211800FCF728FB5FE0C0464C0A00208B
:10EC6000A4B102082C0B0020400A002084250020BB
:10EC7000C8B102082D0B0020B00D002000000120BB
:10EC8000ECB102083B691B785BB2DAB2264B5A70D2
:10EC9000FB1D1B7802221F211800FCF705FB3CE03E
:10ECA0003B69224903221800F7F76EFDFB1D1B7814
:10ECB00003221F211800FCF7F7FA2EE03B691B49DD
:10ECC00004221800F7F760FDFB1D1B7803221F21AB
:10ECD0001800FCF7E9FA20E03B6914490522180006
:10ECE000F7F752FDFB1D1B7805221F211800FCF7CA
:10ECF000DBFA12E03B690D4907221800F7F744FDE3
:10ED0000FB1D1B7809221F211800FCF7CDFA04E037
:10ED1000C04602E0C04600E0C0461723FB181B783F
:10ED20001800BD4606B0B0BD2C0B00202D0B0020F6
:10ED3000F0B58BB000AF0600080011001F23FB18D0
:10ED4000321C1A701E23FB18021C1A701D23FB189C
:10ED50000A1C1A700F2318229B18DB1900221A7044
:10ED6000C34B1A685B68032A01D1002B08D0C04B43
:10ED70001A685B68022A00D0C6E0002B00D0C3E00E
:10ED80001E257B191B785A1E1D243B191978B9487A
:10ED90001300DB009B1ADB00C3185A5CB64B1A70D9
:10EDA0007B191B785A1E3B191978B2481300DB00F7
:10EDB0009B1ADB00C3185B5C082B00D9A2E09A0009
:10EDC000AE4BD3181B689F46AD4B10221A709AE0C9
:10EDD0001E23FB181B785A1E1D23FB181B78591C79
:10EDE000A4481300DB009B1ADB00C3185B5C3B618B
:10EDF00000237B619E4B39697A6919605A6082E011
:10EE00001E23FB181B785A1E1D23FB181B78591C48
:10EE100098481300DB009B1ADB00C3185B5C5BB2F5
:10EE2000BB60DB17FB60924BB968FA6819605A60E7
:10EE300069E01E23FB181B785A1E1D23FB181B7844
:10EE4000591C1300DB009B1ADB005A18894BD118A0
:10EE5000874B03221800F7F7D9FC54E01E23FB1858
:10EE60001B785A1E1D23FB181B78591C1300DB004E
:10EE70009B1ADB005A187F4BD1187D4B04221800D7
:10EE8000F7F7C4FC3FE01E23FB181B785A1E1D2316
:10EE9000FB181B78591C1300DB009B1ADB005A1867
:10EEA000744BD118724B05221800F7F7AFFC2AE01B
:10EEB0001E23FB181B785A1E1D23FB181B78591C98
:10EEC0001300DB009B1ADB005A186A4BD118684B01
:10EED00006221800F7F79AFC15E01E23FB181B7892
:10EEE0005A1E1D23FB181B78591C1300DB009B1AAC
:10EEF000DB005A185F4BD1185D4B07221800F7F75B
:10EF000085FC00E0C046A2E0594B1A685B6811001E
:10EF1000194300D09BE05B4B1B78082B00D995E090
:10EF20009A00594BD3181B689F461E23FB181B7869
:10EF30005A1E1D23FB1819784E481300DB009B1A3C
:10EF4000DB00C3185B5C3B6000237B60484B396887
:10EF50007A6819605A607AE01E23FB181B785A1EE3
:10EF60001D23FB18197843481300DB009B1ADB00B4
:10EF7000C3185B5C5BB21C00DB171D003C4B1C60C4
:10EF80005D6064E01E23FB181B785A1E1D23FB18CE
:10EF900019781300DB009B1ADB005A18354BD11887
:10EFA000334B03221800F7F731FC50E01E23FB1807
:10EFB0001B785A1E1D23FB1819781300DB009B1ABF
:10EFC000DB005A182B4BD118294B04221800F7F7F5
:10EFD0001DFC3CE01E23FB181B785A1E1D23FB184A
:10EFE00019781300DB009B1ADB005A18214BD1184B
:10EFF0001F4B05221800F7F709FC28E01E23FB1819
:10F000001B785A1E1D23FB1819781300DB009B1A6E
:10F01000DB005A18174BD118154B06221800F7F7CA
:10F02000F5FB14E01E23FB181B785A1E1D23FB184A
:10F0300019781300DB009B1ADB005A180D4BD1180E
:10F040000B4B07221800F7F7E1FB00E0C0460C4B22
:10F050001B78102B02D00A4B00221A700F231822A3
:10F060009B18DB191B781800BD460BB0F0BDC046DD
:10F07000380E00204C0A00207D00002010B202084B
:10F080006D120020400E002034B20208F0B585B0A9
:10F0900000AF060008001100FB1D321C1A70BB1DDA
:10F0A000021C1A707B1D0A1C1A700B23FB1800220D
:10F0B0001A70DB4B00221A70BB1D1B785A1E7B1D79
:10F0C0001978D8481300DB009B1ADB00C3185B5C7F
:10F0D000002B00D13CE3BB1D1B785A1E7B1D197809
:10F0E000D0481300DB009B1ADB00C3185B5C1E2BAF
:10F0F00000D91EE3BB1D1B785A1E7B1D1978C94819
:10F100001300DB009B1ADB00C3185B5C5A1EC64B66
:10F110009200D3581B0CC54A94466344FB60BB1D48
:10F120001B785A1E7B1D1B78591CBE481300DB0040
:10F130009B1ADB00C3185B5C082B00D991E29A0094
:10F14000BB4BD3181B689F46BB1D1B785A1E7B1DEB
:10F150001978B4481300DB009B1ADB00C3185B5C12
:10F160005A1EB14B9200D3580F22134030D10120C8
:10F1700013F00AF80300FB60FB68002B25D0FB6846
:10F18000E0221206944663441904BB1D1B785A1EE4
:10F190007B1D1B78581CA34C1300DB009B1ADB0063
:10F1A000E3181B5C1D00BB1D1B785A1E7B1D1878C5
:10F1B0009C4C1300DB009B1ADB00E3181B5C5A1EFF
:10F1C0004919994B9200D15002E0954B12221A70C6
:10F1D000934B1B78122B00D145E2BB1D1B785A1EA6
:10F1E0007B1D1B78981CF9688E4C1300DB009B1A62
:10F1F000DB00E3181B5C0B7035E2BB1D1B785A1E4D
:10F200007B1D197887481300DB009B1ADB00C318AD
:10F210005B5C5A1E844B9200D3580F22134030D1AE
:10F22000012012F0B1FF0300FB60FB68002B25D02A
:10F23000FB68E0221206944663441904BB1D1B7848
:10F240005A1E7B1D1B78581C764C1300DB009B1A42
:10F25000DB00E3181B5C1D00BB1D1B785A1E7B1DC9
:10F260001878704C1300DB009B1ADB00E3181B5C62
:10F270005A1E49196C4B9200D15002E0684B122281
:10F280001A70674B1B78122B00D1EEE1BB1D1B7867
:10F290005A1E7B1D1B78991C62481300DB009B1AC9
:10F2A000DB00C3185A5CFB6852B21A70DDE1BB1D6B
:10F2B0001B785A1E7B1D19785A481300DB009B1AD5
:10F2C000DB00C3185B5C5A1E574B9200D3580F22C9
:10F2D000134030D1022012F057FF0300FB60FB689F
:10F2E000002B25D0FB68E0221206944663441904E3
:10F2F000BB1D1B785A1E7B1D1B78581C494C1300E4
:10F30000DB009B1ADB00E3181B5C1D00BB1D1B7898
:10F310005A1E7B1D1878434C1300DB009B1ADB0040
:10F32000E3181B5C5A1E49193F4B9200D15002E072
:10F330003B4B12221A703A4B1B78122B00D196E1EC
:10F34000F868BB1D1B785A1E7B1D1B78991C130087
:10F35000DB009B1ADB005A18324BD318032219002A
:10F36000F7F754FA83E1BB1D1B785A1E7B1D1978F1
:10F370002C481300DB009B1ADB00C3185B5C5A1E91
:10F38000294B9200D3580F22134030D1022012F0A3
:10F39000FBFE0300FB60FB68002B25D0FB68E0222E
:10F3A0001206944663441904BB1D1B785A1E7B1D2C
:10F3B0001B78581C1B4C1300DB009B1ADB00E31866
:10F3C0001B5C1D00BB1D1B785A1E7B1D1878154C3D
:10F3D0001300DB009B1ADB00E3181B5C5A1E491963
:10F3E000114B9200D15002E00D4B12221A700C4BBF
:10F3F0001B78122B00D13CE1F868BB1D1B785A1E0C
:10F400007B1D1B78991C1300DB009B1ADB005A182C
:10F41000044BD31804221900F7F7F8F929E1C04684
:10F420006D1200204C0A0020B00D002000000120C9
:10F4300058B20208BB1D1B785A1E7B1D1978BF48A5
:10F440001300DB009B1ADB00C3185B5C5A1EBC4B2D
:10F450009200D3580F22134030D1042012F094FEB2
:10F460000300FB60FB68002B25D0FB68E02212063E
:10F47000944663441904BB1D1B785A1E7B1D1B78E0
:10F48000581CAE4C1300DB009B1ADB00E3181B5C1E
:10F490001D00BB1D1B785A1E7B1D1878A74C13003E
:10F4A000DB009B1ADB00E3181B5C5A1E4919A44BB6
:10F4B0009200D15002E0A34B12221A70A14B1B788C
:10F4C000122B00D1D7E0F868BB1D1B785A1E7B1D9C
:10F4D0001B78991C1300DB009B1ADB005A18974B12
:10F4E000D31805221900F7F791F9C4E0BB1D1B786A
:10F4F0005A1E7B1D197891481300DB009B1ADB0014
:10F50000C3185B5C5A1E8E4B9200D3580F221340D7
:10F5100030D1042012F038FE0300FB60FB68002BA2
:10F5200025D0FB68E0221206944663441904BB1DF3
:10F530001B785A1E7B1D1B78581C804C1300DB0067
:10F540009B1ADB00E3181B5C1D00BB1D1B785A1EB9
:10F550007B1D1878794C1300DB009B1ADB00E31845
:10F560001B5C5A1E4919764B9200D15002E0754B34
:10F5700012221A70734B1B78122B00D17DE0F868B1
:10F58000BB1D1B785A1E7B1D1B78991C1300DB00CA
:10F590009B1ADB005A18694BD31806221900F7F79B
:10F5A00035F96AE0BB1D1B785A1E7B1D197863482C
:10F5B0001300DB009B1ADB00C3185B5C5A1E604B18
:10F5C0009200D3580F22134030D1042012F0DCFDFA
:10F5D0000300FB60FB68002B25D0FB68E0221206CD
:10F5E000944663441904BB1D1B785A1E7B1D1B786F
:10F5F000581C524C1300DB009B1ADB00E3181B5C09
:10F600001D00BB1D1B785A1E7B1D18784B4C130028
:10F61000DB009B1ADB00E3181B5C5A1E4919484BA0
:10F620009200D15002E0474B12221A70454B1B78D2
:10F63000122B24D0BB1D1B785A1E7B1D1B78991CD6
:10F640001300DB009B1ADB005A183C4BD1183E4BD1
:10F6500007221800F7F7DAF83B4AFB6812681A60CD
:10F660000DE0C0460CE0C0460AE0C04608E0C046D7
:10F6700006E0C04604E0C04602E0C04600E0C046E6
:10F68000BB1D1B785A1E7B1D19782C481300DB000C
:10F690009B1ADB00C3185B5C5A1E294B9200D3589F
:10F6A0000F2213401900BB1D1B785A1E7B1D1B78AF
:10F6B000581C224C1300DB009B1ADB00E3181B5C78
:10F6C000994200D169E1BB1D1B785A1E7B1D197838
:10F6D0001A481300DB009B1ADB00C3185B5C5A1E40
:10F6E000174B9200D158BB1D1B785A1E7B1D1B78EF
:10F6F000581C124C1300DB009B1ADB00E3181B5C48
:10F70000124A944663441D00BB1D1B785A1E7B1D84
:10F7100018780A4C1300DB009B1ADB00E3181B5C13
:10F720005A1E2940064B9200D150064B14221A70E3
:10F7300033E1044B13221A702FE1C0464C0A00201B
:10F74000B00D00206D120020380E0020F0FF0000E8
:10F75000BB1D1B785A1E7B1D1B78991C9F481300EC
:10F76000DB009B1ADB00C3185B5C1906BB1D1B7812
:10F770005A1E7B1D1B78D81C984E1300DB009B1A69
:10F78000DB00F3181B5C1B04C918BB1D1B785A1E39
:10F790007B1D1B78181D914E1300DB009B1ADB00AC
:10F7A000F3181B5C1B02C918BB1D1B785A1E7B1D5E
:10F7B0001B78581D894E1300DB009B1ADB00F318E1
:10F7C0001B5CCB18FB60FA6880239B059A4200D231
:10F7D000E0E0FB68824A934200D9DBE0BB1D1B7866
:10F7E0005A1E7B1D1B78591C7C481300DB009B1A9A
:10F7F000DB00C3185B5C082B00D9C9E09A00794B89
:10F80000D3181B689F46BB1D1B785A1E7B1D1B7897
:10F81000981DF968714C1300DB009B1ADB00E3189C
:10F820001B5C0B70B5E0BB1D1B785A1E7B1D1B7843
:10F83000991D6A481300DB009B1ADB00C3185A5C51
:10F84000FB6852B21A70A4E0F868BB1D1B785A1E00
:10F850007B1D1B78991D1300DB009B1ADB005A18D7
:10F860005E4BD31803221900F6F7D0FF91E0BB1DC1
:10F870001B785A1E7B1D1B78991D58481300DB000E
:10F880009B1ADB00C3185B5C1C00BB1D1B785A1E57
:10F890007B1D1B78D91D51481300DB009B1ADB0030
:10F8A000C3185B5C1B029BB2E3189AB2FB6812B2EE
:10F8B0001A806EE0F868BB1D1B785A1E7B1D1B78F2
:10F8C000991D1300DB009B1ADB005A18434BD31819
:10F8D00005221900F6F79AFF5BE0F868BB1D1B785C
:10F8E0005A1E7B1D1B78991D1300DB009B1ADB0041
:10F8F0005A183A4BD31806221900F6F787FF48E04A
:10F90000BB1D1B785A1E7B1D1B78991D33481300A5
:10F91000DB009B1ADB00C3185B5C1E00BB1D1B7861
:10F920005A1E7B1D1B78D91D2C481300DB009B1A27
:10F93000DB00C3185B5C1B02F118BB1D1B785A1E51
:10F940007B1D1B7808331800244E1300DB009B1A24
:10F95000DB00F3181B5C1B04C918BB1D1B785A1E67
:10F960007B1D1B78093318001C4E1300DB009B1A0B
:10F97000DB00F3181B5C1B06CB181C0000231D00CA
:10F98000194B1C605D60184AFB6812681A6000E041
:10F99000C04602E0154B15221A70154B1B786022E9
:10F9A0001340DBB2602B06D0114B1B786022134052
:10F9B000DBB2202B0AD10D4B1A780E4B1A70FB1DAF
:10F9C0001B78012221211800FBF76EFC0B23FB188A
:10F9D0001B781800BD4605B0F0BDC0464C0A00209B
:10F9E000FFFF01207CB20208380E00206D120020BB
:10F9F0006C1200202C0B002090B585B000AF0400E5
:10FA000008001100FB1D221C1A70BB1D021C1A707D
:10FA10007B1D0A1C1A700F243B1900221A70BB1D93
:10FA20001B785A1E7B1D197807481300DB009B1AB0
:10FA3000DB00C3185A5C054B1A703B191B78180081
:10FA4000BD4605B090BDC0464C0A00206D12002096
:10FA5000B0B586B002AF040008001100FB1D221CE7
:10FA60001A70BB1D021C1A707B1D0A1C1A700F2411
:10FA70003B1900221A70BB1D1B78013B1C4AD15C4C
:10FA80000E257B197A1D12788A1A1A70BB1D1B78F5
:10FA90005A1E7B1D197817481300DB009B1ADB00E8
:10FAA000C318585CBB1D1B785A1E7B1D1B78591C44
:10FAB0001300DB009B1ADB005A180E4BD1187B1980
:10FAC0001B789BB2013B9AB20A2300930A2304F0ED
:10FAD000CFFE031E05D03B19FF221A703B191B787D
:10FAE00002E00F23FB181B781800BD4604B0B0BD20
:10FAF000400A00204C0A002090B585B000AF0400F9
:10FB000008001100FB1D221C1A70BB1D021C1A707C
:10FB10007B1D0A1C1A700F23FB1800221A70BB1DD4
:10FB20001B785A1E7B1D197822481300DB009B1A94
:10FB3000DB00C3185B5C1A001F4B1A80BB1D1B78CF
:10FB40005A1E7B1D1B78591C1A481300DB009B1A98
:10FB5000DB00C3185B5C1A00184B1A80174B1B881C
:10FB6000002B0ED1144B1B88DBB2180003F0E2F916
:10FB7000114B1B88DBB2124A0021180003F020FA57
:10FB800011E00E4B1B88012B0DD10B4B1B88DBB2F8
:10FB9000180003F0CFF9084B1B88DBB2084A01219B
:10FBA000180003F00DFA0F23FB181B781800BD4650
:10FBB00005B090BD4C0A00202E1F0020301F0020F1
:10FBC000341F002090B585B000AF0400080011007C
:10FBD000FB1D221C1A70BB1D021C1A707B1D0A1C07
:10FBE0001A700F243B1900221A70064A064B1100A6
:10FBF000180003F0B5FA3B191B781800BD4605B094
:10FC000090BDC046401F00203C1F002090B585B02D
:10FC100000AF040008001100FB1D221C1A70BB1D60
:10FC2000021C1A707B1D0A1C1A700F217B180022FF
:10FC30001A70044B01221A707B181B781800BD46FD
:10FC400005B090BD9809002090B585B000AF0400C4
:10FC500008001100FB1D221C1A70BB1D021C1A702B
:10FC60007B1D0A1C1A700F217B1800221A70044B8E
:10FC700001221A707B181B781800BD4605B090BD94
:10FC80009909002090B585B000AF0400080011006C
:10FC9000FB1D221C1A70BB1D021C1A707B1D0A1C46
:10FCA0001A700F23FB1800221A70D84B01221A7009
:10FCB000BB1D1B785A1E7B1D1B78D91CD448130012
:10FCC000DB009B1ADB00C3185B5C19B2BB1D1B7801
:10FCD0005A1E7B1D1B78181DCD4C1300DB009B1A90
:10FCE000DB00E3181B5C1B021BB20B431AB20C2394
:10FCF000FB181A80BB1D1B785A1E7B1D1978C4483F
:10FD00001300DB009B1ADB00C3185B5C082B00D9D7
:10FD100086E29A00BF4BD3181B689F46BB1D1B7819
:10FD20005A1E7B1D1B78591CB9481300DB009B1A17
:10FD3000DB00C3185B5C002B07D10F23FB180022EC
:10FD40001A70B54B10221A706BE20F23FB18FF22BA
:10FD50001A7066E2BB1D1B785A1E7B1D1B78591C4E
:10FD6000AB481300DB009B1ADB00C3185B5C002B65
:10FD700022D10F23FB1800221A70BB1D1B785A1EBC
:10FD80007B1D1B78991CA2481300DB009B1ADB002B
:10FD9000C3185A5CA14B1A70BB1D1B785A1E7B1DE1
:10FDA0001B78591D9A481300DB009B1ADB00C3180F
:10FDB0005A5C9B4B1A6034E20F23FB18FF221A7027
:10FDC0002FE2BB1D1B785A1E7B1D1B78591C9048C7
:10FDD0001300DB009B1ADB00C3185B5C002B40D1D7
:10FDE0000F23FB1800221A70BB1D1B785A1E7B1DA7
:10FDF0001B78991C86481300DB009B1ADB00C31894
:10FE00005A5C864B1A70BB1D1B785A1E7B1D1B78D3
:10FE1000591D7F481300DB009B1ADB00C3185A5C96
:10FE20007F4B1A60BB1D1B785A1E7B1D1B78991DCA
:10FE300077481300DB009B1ADB00C3185A5C794B30
:10FE40001A60BB1D1B785A1E7B1D1B78D91D70487C
:10FE50001300DB009B1ADB00C3185A5C724B1A605C
:10FE6000DFE10F23FB18FF221A70DAE1BB1D1B78BC
:10FE70005A1E7B1D1B78591C65481300DB009B1A1A
:10FE8000DB00C3185B5C002B22D10F23FB18002280
:10FE90001A70BB1D1B785A1E7B1D1B78991C5C4871
:10FEA0001300DB009B1ADB00C3185A5C5B4B1A7013
:10FEB000BB1D1B785A1E7B1D1B78591D544813000F
:10FEC000DB009B1ADB00C3185A5C554B1A60A8E193
:10FED0000F23FB18FF221A70A3E1BB1D1B785A1ECB
:10FEE0007B1D1B78591C4A481300DB009B1ADB0062
:10FEF000C3185B5C002B4AD10F23FB1800221A7039
:10FF0000BB1D1B785A1E7B1D1B78991C4048130093
:10FF1000DB009B1ADB00C3185A5C404B1A70BB1DF8
:10FF20001B785A1E7B1D1B78591D1300DB009B1A82
:10FF3000DB005A18364BD118394B03221800F6F75C
:10FF400065FCBB1D1B785A1E7B1D1B78D91D130039
:10FF5000DB009B1ADB005A182D4BD118314B0322C2
:10FF60001800F6F753FCBB1D1B785A1E7B1D1B782F
:10FF7000093319001300DB009B1ADB005A18244BCD
:10FF8000D118294B03221800F6F740FC49E10F2352
:10FF9000FB18FF221A7044E1BB1D1B785A1E7B1D03
:10FFA0001B78591C1A481300DB009B1ADB00C3188E
:10FFB0005B5C002B25D10F23FB1800221A70BB1DA0
:10FFC0001B785A1E7B1D1B78991C11481300DB00FF
:10FFD0009B1ADB00C3185A5C104B1A70BB1D1B78B0
:10FFE0005A1E7B1D1B78591D1300DB009B1ADB007A
:10FFF0005A18074BD1180A4B03221800F6F706FCD3
:020000040801F1
:100000000FE10F23FB18FF221A700AE1E819002004
:100010004C0A0020A0B202086D120020E91900204D
:10002000EC190020F0190020F4190020BB1D1B78EA
:100030005A1E7B1D1B78591C7D481300DB009B1A40
:10004000DB00C3185B5C002B25D10F23FB180022BB
:100050001A70BB1D1B785A1E7B1D1B78991C744897
:100060001300DB009B1ADB00C3185A5C714B1A703B
:10007000BB1D1B785A1E7B1D1B78591D1300DB000E
:100080009B1ADB005A186A4BD1186B4B05221800DB
:10009000F6F7BCFBC5E00F23FB18FF221A70C0E087
:1000A000BB1D1B785A1E7B1D1B78591C6048130012
:1000B000DB009B1ADB00C3185B5C002B4BD10F23CA
:1000C000FB1800221A70BB1D1B785A1E7B1D1B7863
:1000D000991C57481300DB009B1ADB00C3185A5CBD
:1000E000544B1A70BB1D1B785A1E7B1D1B78591D63
:1000F0001300DB009B1ADB005A184D4BD1184E4BF6
:1001000005221800F6F782FBBB1D1B785A1E7B1DCB
:100110001B78093319001300DB009B1ADB005A1807
:10012000434BD118454B05221800F6F76FFBBB1D5A
:100130001B785A1E7B1D1B780D3319001300DB0042
:100140009B1ADB005A183A4BD1183D4B0522180078
:10015000F6F75CFB65E00F23FB18FF221A7060E0E6
:10016000BB1D1B785A1E7B1D1B78591C3048130081
:10017000DB009B1ADB00C3185B5C002B4BD10F2309
:10018000FB1800221A70BB1D1B785A1E7B1D1B78A2
:10019000991C27481300DB009B1ADB00C3185A5C2C
:1001A000244B1A70BB1D1B785A1E7B1D1B78591DD2
:1001B0001300DB009B1ADB005A181D4BD1181E4B95
:1001C00005221800F6F722FBBB1D1B785A1E7B1D6B
:1001D0001B78093319001300DB009B1ADB005A1847
:1001E000134BD118154B05221800F6F70FFBBB1D5A
:1001F0001B785A1E7B1D1B780D3319001300DB0082
:100200009B1ADB005A180A4BD1180D4B0522180017
:10021000F6F7FCFA05E00F23FB18FF221A7000E046
:10022000C0460F23FB181B781800BD4605B090BDD3
:100230004C0A0020E9190020EC190020F0190020D8
:10024000F419002090B585B000AF0400080011003B
:10025000FB1D221C1A70BB1D021C1A707B1D0A1C80
:100260001A700F243B1900221A70BB1D1B785A1EEE
:100270007B1D19780E481300DB009B1ADB00C318A6
:100280005A5C0C4B1A700B4B1B78180000F006FBE5
:1002900003001A003B191B78934202D03B19FF223E
:1002A0001A700F23FB181B781800BD4605B090BDCF
:1002B0004C0A00202C1F002090B585B000AF040030
:1002C00008001100FB1D221C1A70BB1D021C1A70B5
:1002D0007B1D0A1C1A700F243B1900221A70BB1DCB
:1002E0001B785A1E7B1D19780E481300DB009B1AE1
:1002F000DB00C3185A5C0C4B1A700B4B1B781800B0
:1003000000F02AFB03001A003B191B78934202D02D
:100310003B19FF221A700F23FB181B781800BD46EB
:1003200005B090BD4C0A00202D1F002090B585B06F
:1003300000AF040008001100FB1D221C1A70BB1D39
:10034000021C1A707B1D0A1C1A700F23FB18002256
:100350001A70BB1D1B78013B244AD15C0E243B194B
:100360007A1D12788A1A1A70214B1B881A00214BA9
:10037000D018BB1D1B785A1E7B1D19781300DB009B
:100380009B1ADB005A181C4BD1183B191B781A001A
:1003900013F075FC3B191B789AB2154B1B88D318C8
:1003A0009AB2134B1A80154B1B787F229343DBB212
:1003B000002B13D10E4B1B881A000E49104B18004E
:1003C00013F05DFC0B4B64220021180013F02FFB8F
:1003D000074B00221A800B4B02221A700F23FB18C6
:1003E0001B781800BD4605B090BDC046400A0020ED
:1003F000DE200020E02000204C0A00206C120020AB
:100400005C0B00203A0A0020F0B587B002AF05006F
:100410000C0010001900FB1D2A1C1A70BB1D221CA9
:100420001A703B1D021C1A80FB1C0A1C1A700F203C
:100430003B1800221A70BB1D1B785A1E1C49130062
:10044000DB009B1ADB005A5C0C217B181A807B189E
:100450001B88DDB206003C18FB1D1A78BB1D1978FD
:100460003B1D1888FB1C1B7800932B00FCF772FDCA
:1004700003002370BB191B78012B12D10C217B18B0
:100480001B88DDB2BC19FB1D1A78BB1D19783B1DFA
:100490001888FB1C1B7800932B0000F063FE030000
:1004A00023700F23FB181B781800BD4605B0F0BD64
:1004B0004C0A002080B582B000AF7860134B012257
:1004C0001A70134BDA78134B1A70114B1A79114BBF
:1004D0005A700F4B5A790F4B9A700D4B9A790D4BFE
:1004E000DA700B4BDA790C4B1A70094B1A7A0A4BFB
:1004F0005A70074B5A7A084B9A70054B9A7A064BFA
:10050000DA70C046BD4602B080BDC046B3210020AF
:10051000A8210020B4210020B821002080B584B09B
:1005200000AF786039603B1DBB600F23FB180022D1
:100530001A700FE00F203B181B78BA68D2183B18CE
:100540001B783968CB1812781A703B181A783B1848
:1005500001321A700F23FB181B78032BEAD90023F2
:100560001800BD4604B080BD80B584B000AF020065
:100570003960BB1D1A80BB1DBB600F23FB18002216
:100580001A700FE00F203B181B78BA68D2183B187E
:100590001B783968CB1812781A703B181A783B18F8
:1005A00001321A700F23FB181B78012BEAD90023A4
:1005B0001800BD4604B080BD80B584B000AF020015
:1005C0003960BB1D1A80BB1DBB600F23FB180022C6
:1005D0001A700FE00F203B181B78BA68D2183B182E
:1005E0001B783968CB1812781A703B181A783B18A8
:1005F00001321A700F23FB181B78012BEAD9002354
:100600001800BD4604B080BD80B582B000AF0200C6
:10061000FB1D1A70174B48221A70164B5A225A703B
:10062000144BFA1D12789A70134B1A78114BDA702A
:10063000114B5A780F4B1A710F4B9A780D4B5A7118
:100640000D4BDA780B4B9A710C4B1A78094BDA7117
:100650000A4B5A78074B1A72084B9A78054B5A7214
:10066000064BDA78034B9A7200231800BD4602B09D
:1006700080BDC04694210020A0210020A42100209C
:1006800080B500AF124B00221A70114B00225A7035
:100690000F4B00229A700E4B0022DA700D4B002295
:1006A0001A700C4B00225A700A4B00229A70094BA8
:1006B0000022DA700120FFF7A7FF0749074B0B2242
:1006C00018000FF003FD00231800BD4680BDC04692
:1006D000A0210020A4210020942100200C22002031
:1006E00080B582B000AF786039600D4A7B68110038
:1006F000181CFFF713FF0B4A3B681100181CFFF78B
:100700000DFF0520FFF780FF0749084B0B2218005B
:100710000FF0DCFC00231800BD4602B080BDC046CF
:10072000A0210020A4210020942100200C220020E0
:1007300080B582B000AF0200BB1D1A803B1D0A1CB1
:100740001A800E4ABB1D1B8811001800FFF70CFF12
:100750000B4A3B1D00215B5E11001800FFF72CFFC8
:100760000320FFF751FF0749074B0B2218000FF03A
:10077000ADFCC0461800BD4602B080BDA0210020DF
:10078000A4210020942100200C22002080B582B0FA
:1007900000AF0200BB1D1A803B1D0A1C1A800E4AC6
:1007A000BB1D1B8811001800FFF7DEFE0B4A3B1D26
:1007B00000215B5E11001800FFF7FEFE0420FFF72A
:1007C00023FF0749074B0B2218000FF07FFCC046A0
:1007D0001800BD4602B080BDA0210020A421002049
:1007E000942100200C22002090B595B000AF142475
:1007F0003B1918003C231A00002113F018F93B1D87
:10080000180010231A00002113F011F980239B0017
:1008100018000DF0E9FD3B1903221A603B198022F4
:1008200052025A603B1980225200DA6021007B1884
:1008300000221A617B1840225A617B1802221A6238
:100840007B1803225A627B1800229A627B181022BE
:10085000DA627B18802292021A637B18802292044B
:100860005A637B18802292059A637B1818000DF05A
:1008700007FE3B1D07221A603B1D02225A603B1DEA
:1008800000229A603B1D0022DA603B1D0221180005
:100890000EF056F9C046BD4615B090BD80B586B085
:1008A00000AF0200FB1D1A70FB1D1B78180004F03E
:1008B00095F803007B617B691B68244A934209D049
:1008C0007B691B68224A934204D07B691B68214ADA
:1008D000934235D1C0467B691B68DA6980235B028D
:1008E0001A4080235B029A42F5D0C0467B691B68A0
:1008F000DA698023DB031A408023DB039A42F5D1B7
:100900000C217B18802292031A607B187869196881
:100910005A6811F0ADF97B691B689A687B691B689E
:100920008021C9030A439A607B69180011F008FA14
:100930008023DB01012118000DF0F6FC002300E00C
:10094000FF231800BD4606B080BDC04600380140F8
:10095000004400400048004080B582B000AF020073
:10096000FB1D1A70124B134A9A61FB1D1B78042B56
:1009700015D89A00104BD3181B689F4601200DF024
:100980009FFC0CE008200DF09BFC08E020200DF0FF
:1009900097FC04E002200DF093FC00E0C0460DF04F
:1009A00015FD0DF0F9FC00231800BD4602B080BD16
:1009B000007000403F00010070B4020880B582B0B2
:1009C00000AF0200FB1D1A701F4B1A6980235B00E9
:1009D0001A4080235B009A4231D11B4B1B4A9A611B
:1009E000FB1D1B78042B15D89A00194BD3181B68D4
:1009F0009F4601200DF084FC0CE008200DF080FCE7
:100A000008E020200DF07CFC04E002200DF078FCD2
:100A100000E0C04680235901A023DB050122180015
:100A20000DF015FCFA239B0018000BF041F9802310
:100A30005901A023DB05002218000DF008FC00235B
:100A40001800BD4602B080BD0070004000010100EA
:100A500084B40208F0B585B000AF0B26BB190022A4
:100A60001A700E23FB1808221A800823FB18002294
:100A70001A800DF0FFF87623FF331A0080231B0243
:100A8000110018000DF02EFABE19FA239B00180071
:100A90000DF036F9030033700B26BB191B78002BC1
:100AA00003D0564B5B68DBB2A3E0554B5A69544BFD
:100AB00002218A435A61534B1B78002B00D195E0E9
:100AC000514B1B781B029AB24E4B1B781900082021
:100AD0003B1852181A803B181B889BB23B600023BE
:100AE0007B604A493A687B6801200DF075F80B235A
:100AF000FE18FA239B0018000DF002F90300337072
:100B00000B23FB181B78002B03D03C4B5B68DBB23C
:100B10006FE03B4B5A693A4B01218A435A610D23DE
:100B2000FB1801221A705AE00C23FB1800221A70DD
:100B30004AE00D203B181B785A1E354B16214A43BC
:100B4000D35A002B3AD00E23FB181B882F4A9E182D
:100B50003B181B785A1E0C23FB1818782C491300DD
:100B60009B009B185B009B181B185B005B5A1C00CA
:100B700000231D0022002B00310001200DF02CF875
:100B80000B23FE18FA239B0018000DF0B9F80300A0
:100B900033700B23FB181B78002B03D0174B5B68BB
:100BA000DBB226E0164B5A69154B01218A435A6184
:100BB0000E22BB18BA18128808321A800C217B1832
:100BC0001A787B1801321A700C23FB181B780A2B39
:100BD000AFD90D217B181A787B1801321A700A4B95
:100BE0001B780D22BA1812789A429DD90DF066F83A
:100BF00000231800BD4605B0F0BDC046D48F0120CB
:100C0000002002404C1200207C00002000A80708B1
:100C1000440E0020B0B588B000AF18243B19002264
:100C20001A703B0000221A600433112200211800C0
:100C300012F0FDFE0DF01EF8BB235A0080231B02AC
:100C4000110018000DF04EF925003C19FA239B0005
:100C500018000DF055F8030023707B191B78002B4A
:100C600003D0654B5B68DBB2C2E0644B5A69634BEF
:100C700002218A435A61624BFB611B23FB1800224D
:100C80001A70AAE01B203B181A785E4913009B00DB
:100C90009B189B005B5C002B00D198E03B00FE2280
:100CA0001A703B181A7813009B009B189B00554A3A
:100CB00099183B0001331422180012F0E0FF1A23A8
:100CC000FB1800221A702BE0F9691A23FB181B7815
:100CD000DB003A00D3181A685B6801200CF07CFF37
:100CE00018257C19FA239B0018000DF009F8030061
:100CF00023707B191B78002B03D03F4B5B68DBB262
:100D000076E03E4B5A693D4B01218A435A61FB69AB
:100D10000833FB611A217B181A787B1801321A708C
:100D20001A23FB181B78042BCED91923FB18002299
:100D30001A7036E0F8691B23FB181A783149130042
:100D40009B009B189B00CB180C331B681922BA1808
:100D5000127892009B181A685B68010001200CF061
:100D60003BFF18257C19FA239B0018000CF0C8FFE4
:100D7000030023707B191B78002B03D01E4B5B688C
:100D8000DBB235E01D4B5A691C4B01218A435A6185
:100D9000FB690833FB6119217B181A787B18013233
:100DA0001A701923FB181C781B23FB181A78154995
:100DB00013009B009B189B00CB180C331B6818007A
:100DC000EFF7ACF9030001339B089C42B2D31B211F
:100DD0007B181A787B1801321A700B4B1B781B2278
:100DE000BA1812789A4200D24CE70CF067FF002341
:100DF0001800BD4608B0B0BDD48F012000200240CD
:100E000000B00708001300203D0A002080B500AFA5
:100E10008F239A00084B0021180012F008FE074BA0
:100E200001221A70064B00221A70FFF713FE03000E
:100E30001800BD4680BDC046440E00207C00002046
:100E40004C120020F0B589B004AF05000C00100072
:100E50001900FB1D2A1C1A70BB1D221C1A707B1D59
:100E6000021C1A703B1D0A1C1A700F257B190022E8
:100E70001A700E26BB1900221A704A4B1A787C1978
:100E8000BB1D1B7819001000F4F72CFA0300237027
:100E90003B1D1B78002B0ED0424B1B78BA1D1278DD
:100EA0009A4208D17B193A1D12781A70BB193D4A33
:100EB00012781A701BE03B1D1B78002B17D1BB1D4D
:100EC0001B78013B384AD35C012B05D10E23FB185C
:100ED000344A12781A700AE0BB1D1B78013B324A73
:100EE000D35C5A1E0E23FB1830498A5C1A702D4BB6
:100EF0001B78FA1D12789A422FD107F00DFD0300DE
:100F0000BB603B1D1B78002B08D1294B1968BB1D0A
:100F10001A78BB68180012F00BFD08E0254B196821
:100F2000BB1D1A783B1D1B78B86812F001FD224BDF
:100F30001A68BB681100180012F081FDBB68180028
:100F4000EFF7ECF803009AB2B9687B1D18783223EA
:100F500003F0E4FC64200AF0ABFE7B1D1B78180054
:100F600000F02CF80F257B191B78180000F026F8EC
:100F70000C4B19780B4B1C787B191A787B1D187851
:100F80000023039301235B42029301235B420193FD
:100F9000022300932300FAF7D3FCC046BD4605B0F8
:100FA000F0BDC0464C12002080100020FC1900202B
:100FB0006C000020740000207000002080B584B018
:100FC00000AF0200FB1D1A70FB1D1B78180003F018
:100FD00005FD0300FB60FB6818000EF08BFFFB684B
:100FE0008022D2001A61FB68802252019A60FB685D
:100FF00018000EF029FFFB681B681A68FB681B6865
:1010000020210A431A60C046BD4604B080BD0000DE
:1010100080B582B000AF03F09BF803F0D7F803F07F
:1010200013F903F04FF903F07DF901237B6061E0D0
:101030007B68DBB2180003F0D1FC0200314B9A420E
:1010400006D17B685A1E304B92003049D1504EE099
:101050007B68DBB2180003F0C1FC02002C4B9A4203
:1010600006D17B685A1E284B92002A49D1503EE097
:101070007B68DBB2180003F0B1FC0200264B9A42F9
:1010800006D17B685A1E204B92002449D1502EE095
:101090007B68DBB2180003F0A1FC0200204B9A42EF
:1010A00006D17B685A1E184B92001E49D1501EE093
:1010B0007B68DBB2180003F091FC02001A4B9A42E5
:1010C00006D17B685A1E104B92001849D1500EE091
:1010D0007B68DBB2180003F081FC0200144B9A42DB
:1010E00005D17B685A1E084B92001249D1507B688B
:1010F00001337B607B68042B9ADDC046C046BD4649
:1011000002B080BD0C220020280E00200C000240FE
:10111000A02200202000024034230020340002409E
:10112000C8230020480002405C2400205C000240EC
:10113000F02400207000024080B584B000AF0200AF
:101140003960FB1D1A700F217B1800221A707B1862
:1011500067221A70C0467B181B781800BD4604B081
:1011600080BD0000F0B589B000AF05000C00100094
:101170001900BB1D2A1C1A807B1D221C1A703B1DE6
:10118000021C1A70FB1C0A1C1A701F23FB18002279
:101190001A700023BB6100237B611223FB1800221D
:1011A0001A801023FB1800221A80BB1D1B88924A4C
:1011B000934200DD14E1914A934200DBA4E0904A9F
:1011C000934203D08F4A934207D009E11F23FC18B2
:1011D00000F068F90300237007E17B1D1B785A1E9D
:1011E00030250826AB19DB19197887481300DB0076
:1011F0009B1ADB00C3185B5C1C007B1D1B785A1E0E
:10120000AB19DB191B78591C7F481300DB009B1AB4
:10121000DB00C3185B5C1B02E1187B1D1B785A1EA8
:10122000AB19DB191B78981C774C1300DB009B1A59
:10123000DB00E3181B5C1B04C9187B1D1B785A1EBE
:10124000A819C3191B78D81C6F4C1300DB009B1A1C
:10125000DB00E3181B5C1B06CB18FB600C26BB19DC
:101260001B68BB617B1D1B785A1E0823E918CB192C
:101270001B78191D64481300DB009B1ADB00C318A0
:101280005B5C1C007B1D1B785A1E0823E918CB19D8
:101290001B78591D5C481300DB009B1ADB00C31848
:1012A0005B5C1B02E1187B1D1B785A1E0823E818A3
:1012B000C3191B78981D544C1300DB009B1ADB00EC
:1012C000E3181B5C1B04C9187B1D1B785A1E0823DE
:1012D000EB18DB191B78D81D4B4C1300DB009B1A55
:1012E000DB00E3181B5C1B06CB18FB60BB191B68FB
:1012F0007B611F23FC187A69BB69111C181C00F064
:10130000D9F80300237070E07B1D1B785A1E30252E
:101310000826AB19DB1919783B481300DB009B1A30
:10132000DB00C3185B5C1C007B1D1B785A1EA919CF
:10133000CB191B78591C34481300DB009B1ADB00C7
:10134000C3185B5C1B029AB21226BB19A2181A8042
:101350007B1D1B785A1E0823E918CB191B78991C92
:1013600029481300DB009B1ADB00C3185B5C1C00E0
:101370007B1D1B785A1E0823EB18DB191B78D91C20
:1013800021481300DB009B1ADB00C3185B5C1B02C7
:101390009BB2E3189AB210217B181A80BB1D1B88E0
:1013A000164A93420BD17B1800229A5EBB191B8808
:1013B0001100180000F094F803001A000CE010234C
:1013C000FB1800229A5E1223FB181B8811001800DC
:1013D00000F09DF803001A001F23FB181A7004E0A8
:1013E0001F23FB1801221A70C0461F23FB181B780D
:1013F0001800BD4609B0F0BDE5040000E40400009B
:10140000E2040000E30400004C0A002080B582B032
:1014100000AF78607B681B680F4A934201D10123BB
:1014200015E07B681B680D4A934201D102230EE050
:101430007B681B680A4A934201D1032307E07B685B
:101440001B68084A934201D1042300E000231800DE
:10145000BD4602B080BDC046003C01400044004093
:10146000004800400050004080B500AF094B180014
:1014700007F09CF9084B180007F098F9074B180083
:1014800007F094F9064B180007F090F9C046BD46E6
:1014900080BDC046F8B2020874B30208E8B302087F
:1014A00060B4020880B500AFFFF7EAF80023180027
:1014B000BD4680BD80B582B000AF786039607B6882
:1014C000191C181CEFF7BCF9031C1A1C3B68191CEB
:1014D000101CFFF705F900231800BD4602B080BDBF
:1014E00080B582B000AF0200BB1D1A803B1D0A1CF4
:1014F0001A803B1D00229A5EBB1D1B88110018003C
:10150000FFF716F900231800BD4602B080BD80B574
:1015100082B000AF0200BB1D1A803B1D0A1C1A805E
:101520003B1D00229A5EBB1D1B8811001800FFF7AF
:101530002DF900231800BD4602B080BDB0B586B0BD
:1015400000AFF860B9607A6017257C19FFF7AAFF31
:10155000030023707B191B78002B01D1064B00E0A0
:10156000064BFA681900100012F081FB00231800E6
:10157000BD4606B0B0BDC04698B40208ACB402087F
:10158000F0B58DB002AFF860B9607A601823FA1830
:101590007B680121180007F0C7F90300002118003B
:1015A00012F00CF8031C7B621423FA187B680221EA
:1015B000180007F0B9F903000021180011F0FEFF30
:1015C000031C3B621F257C193A6A7B6A111C181C9C
:1015D000FFF770FF030023707B191B78002B01D1EC
:1015E0000C4E00E00C4E786AF1F7F6FC04000D009A
:1015F000386AF1F7F1FC02000B00F86800920193E1
:1016000022002B00310012F093F900231800BD4690
:101610000BB0F0BDC4B40208E4B40208F0B589B060
:1016200000AFF860B9607A601423FA187B68012172
:10163000180007F079F90300180010F098FD020077
:101640001E257B191A801023FA187B6802211800C6
:1016500007F06AF90300180010F089FD02001C2150
:101660007B181A801B26BC197B1800229A5E7B19F6
:101670001B8811001800FFF733FF03002370BB190C
:101680001B78002B01D1094900E009491C23FB18F4
:1016900000229A5E1E23FB181B88F86812F048F996
:1016A00000231800BD4609B0F0BDC04600B50208D1
:1016B00018B50208F0B589B000AFF860B9607A607B
:1016C0001423FA187B680121180007F02DF9030094
:1016D000180010F04CFD02001E257B191A80102303
:1016E000FA187B680221180007F01EF903001800A1
:1016F00010F03DFD02001C217B181A801B26BC192E
:101700007B1800229A5E7B191B8811001800FFF7D6
:10171000FEFE03002370BB191B78002B01D1094981
:1017200000E009491C23FB1800229A5E1E23FB18C7
:101730001B88F86812F0FCF800231800BD4609B0B9
:10174000F0BDC04630B5020848B5020880B582B089
:1017500000AF1A4B9A6B194B01210A439A63174B3E
:101760009B6B012213407B607B68144B9A6B134B7D
:1017700002210A439A63114B9B6B022213403B6088
:101780003B680022002109200BF048FC09200BF0E7
:101790005AFC002200210A200BF040FC0A200BF02A
:1017A00052FC002200210B200BF038FC0B200BF028
:1017B0004AFCC046BD4602B080BDC0460010024093
:1017C00080B582B000AFFB1D00221A70284B5B78F9
:1017D000002B0ED1274B1A68274B1100180000F080
:1017E00053F8031E05D0FB1DFF221A70FB1D1B784A
:1017F0003AE01F4B9B78002B0ED11E4B5A681F4BB3
:101800001100180000F040F8031E05D0FB1DFF2258
:101810001A70FB1D1B7827E0154BDB78002B0ED1CF
:10182000144B9A68164B1100180000F02DF8031E97
:1018300005D0FB1DFF221A70FB1D1B7814E00C4B1A
:101840001B79002B0ED10B4BDA680E4B11001800E0
:1018500000F01AF8031E05D0FB1DFF221A70FB1DB5
:101860001B7801E0FB1D1B781800BD4602B080BD4F
:10187000440A0020E0250020F0240020A0220020BF
:10188000342300205C24002090B585B000AF786040
:1018900039600F243B1900221A707B681800FFF78B
:1018A000B5FD03005A1E13005B009B189B010F4AF5
:1018B00099187B68C022180010F060FB031E05D049
:1018C0003B19FF221A703B191B780AE03B681B6822
:1018D0001A683B681B6804218A431A600F23FB18AF
:1018E0001B781800BD4605B090BDC046701500209D
:1018F000F0B587B000AFF860B960BB1D1A8017253E
:101900007B1900221A701626BC19FB681800FFF715
:101910007DFD030023701523FC18BB681800FFF73A
:1019200075FD03002370BB191B785A1E294B9200CA
:10193000D3583B611523FB181B78002B27D1FB687C
:101940001800FFF763FD0300013B234A0021D15437
:1019500080239A00214B0021180012F068F8BB1D6B
:101960001A881E49FB68180010F008FB031E05D0FA
:101970007B19FF221A707B191B7826E03B691B68D4
:101980001A683B691B6804218A431A601AE0BB6825
:101990001B6828331900BB1D1A88FB68180010F05B
:1019A000EDFA031E06D017217B18FF221A707B1850
:1019B0001B780AE03B691B681A683B691B680421B5
:1019C0008A431A601723FB181B781800BD4607B01E
:1019D000F0BDC046E02500201C1F00205C0B00204D
:1019E00090B587B000AF0200FB1D1A7017243B1999
:1019F00000221A70FB1D1B78180002F0EFFF030095
:101A00003B61FB1D1B785A1E174B9200D358FB609D
:101A10003B6918000EF002FC031E05D03B19FF22A3
:101A20001A703B191B781AE0FB681B6800225A6089
:101A3000FB1D1B780D4AD35C022B0DD1FB1D1B78BF
:101A40005A1E0B4B92000021D150FB1D1B785A1ED1
:101A5000084B92000021D1501723FB181B78180067
:101A6000BD4607B090BDC046E0250020440A0020D6
:101A7000801800209018002090B585B000AF0200BB
:101A8000FB1D1A700F243B1900221A70FB1D1B78D6
:101A90001800FFF7A5FF031E05D03B19FF221A709F
:101AA0003B191B780DE0FB1D1B78180002F096FF18
:101AB0000300BB60BB68180002F064FC0F23FB1836
:101AC0001B781800BD4605B090BD000090B585B0EC
:101AD00000AF0200FB1D1A700F243B1900221A7080
:101AE000FB1D1B781800FFF77BFF031E05D03B1979
:101AF000FF221A703B191B7840E0FB1D1B78180071
:101B000002F06CFF0300BB60BB68180002F03AFCF7
:101B1000FB1D1B785A1E1B4B9200D3589B6A180062
:101B2000FFF774FC03001A00174B00219954FB1DAA
:101B30001B785A1E154B92000021D150FB1D1B78BB
:101B4000013B134A0021D154FB1D1B78180002F001
:101B500045FFFB1D1B785A1E0A4B9200D3581900F3
:101B6000FFF792FE031E06D00F217B18FF221A708A
:101B70007B181B7802E00F23FB181B781800BD466A
:101B800005B090BDE0250020440A00207018002018
:101B90001C1F002080B500AF0D4B0E4A1A600C4B85
:101BA0001022DA600A4B00225A71094B00221A7186
:101BB000074B00225A61064B00229A61044B032214
:101BC0001A62034B18000BF05BFAC046BD4680BD9D
:101BD000F82500200030024080B584B000AF786066
:101BE000084B9A6B074B802149010A439A63054BC6
:101BF0009A6B80235B011340FB60FB68C046BD46C7
:101C000004B080BD0010024080B586B000AF78609F
:101C10000A00BB1C1A800823FB1800221A607B688C
:101C2000002B00D192E0BB1C1B88002B00D18DE063
:101C3000BB1C1B88032B33D81623FB1800221A70F9
:101C400000233B611BE01622BB181B78BA18591CF5
:101C500011701A007B689B1819780823FA183B69E1
:101C6000D3180A1C1A70BB1CBA1C1288013A1A80BD
:101C7000BB1C1B88002B06D03B6901333B613B69D1
:101C8000032BE0DD00E0C0460823F918324B0122A7
:101C900018000BF0A2FA02001723FB181A7051E08B
:101CA000BB1C1B889B089BB21A0079682A4B180042
:101CB0000BF093FA02001723FB181A70BB1C1B8849
:101CC000032213409BB2002B3CD0BB1C1B88DAB212
:101CD0001623FB1803218A431A70BB1CBA1C1288F6
:101CE00003210A401A800023FB601BE01622BB1868
:101CF0001B78BA18591C11701A007B689B18197848
:101D00000823FA18FB68D3180A1C1A70BB1CBA1CEB
:101D10001288013A1A80BB1C1B88002B06D0FB6876
:101D20000133FB60FB68032BE0DD00E0C0460823C5
:101D3000F918094B012218000BF008FA02001723CA
:101D4000FB181A701723FB181B7800E000231800FB
:101D5000BD4606B080BDC046F825002080B500AF66
:101D6000BFF34F8FC046044B044ADA60BFF34F8F76
:101D7000C046C046FDE7C04600ED00E00400FA059D
:101D800090B583B000AFFB1D00221A703B1D0022EE
:101D90001A800BF06FFF3C1D002003F061F8030078
:101DA00023803B1D1B88022B07D03B1D1B880A2B61
:101DB00003D03B1D1B880C2B05D100F066F80BF0FF
:101DC0007DFFFFF7CBFF0BF079FFFB1D1B781800A1
:101DD000BD4603B090BD90B585B000AF020039603C
:101DE000BB1D1A800F243B1900221A703A68BB1DD4
:101DF0001B881100180004F0C1FD031E05D03B191B
:101E00000A221A703B191B7802E00F23FB181B787B
:101E10001800BD4605B090BDB0B584B000AF02005B
:101E2000BB1D1A803B1D0A1C1A800F23FB180022C1
:101E30001A700C257B1900221A800BF01BFF7C19ED
:101E40003B1D1A88BB1D1B881100180004F0C6FD3D
:101E5000030023807B191A8880235B009A4202D1F9
:101E600004F0E0FD08E00C23FB181B88002B03D0D6
:101E70000BF024FF0A2304E00BF020FF0F23FB18D4
:101E80001B781800BD4604B0B0BD80B582B000AF6D
:101E9000FB1D00221A700BF0EDFE002004F01AFC6E
:101EA000031E07D00BF00AFFFB1D0A221A70FB1D50
:101EB0001B7803E00BF002FFFB1D1B781800BD46EA
:101EC00002B080BD80B500AF074B1B68074A934244
:101ED00006D0FFF7DAFF031E02D1034B034A1A6054
:101EE000C046BD4680BDC046F07F0020ADDEEFBEDF
:101EF00080B586B000AF214B5A6B204B04210A43BA
:101F00005A631E4B5B6B042213407B617B691B4B46
:101F10005A6B1A4B01210A435A63184B5B6B01221F
:101F200013403B613B69154B5A6B144B08210A4324
:101F30005A63124B5B6B08221340FB60FB680F4B2C
:101F40005A6B0E4B02210A435A630C4B5B6B022205
:101F50001340BB60BB68094B5A6B084B20210A43F6
:101F60005A63064B5B6B202213407B607B6800F05A
:101F700007F8C046BD4606B080BDC046001002400E
:101F800080B586B000AF3B1D802252011A603B1D18
:101F900001225A603B1D00229A603B1D0222DA603A
:101FA0003A1DA023DB05110018000BF0C7FFC04647
:101FB000BD4606B080BD0000F0B593B002AF534BF4
:101FC0005A6B524B01210A435A63504B5B6B0122FF
:101FD00013403B613B694D4B5A6B4C4B02210A430A
:101FE0005A634A4B5B6B02221340FB60FB68474B12
:101FF0005A6B464B04210A435A63444B5B6B0422E1
:102000001340BB60BB68414B5A6B404B08210A43ED
:102010005A633E4B5B6B082213407B607B68242332
:10202000F8181A257A192823F9181823FB18009391
:102030000300012000F06EF81C23F8181623FA188C
:102040002023F9181426BB1900930300042000F084
:1020500061F82C217B1801225A607B1800229A60BB
:102060007B191B881A007B181A60BB6A1A000C00C7
:102070007B18190010000BF061FF21007B18002273
:102080005A607B1802229A60BB191B881A007B18C1
:102090001A60FB691A007B18190010000BF04EFF44
:1020A000BB6A18007B191B88002219000CF0CFF8BE
:1020B000052002F029F8FB691A00BB191B881900DA
:1020C00010000CF0A7F8031E17D1BB6A18007B198B
:1020D0001B88012219000CF0BAF8052002F014F850
:1020E000FB691A00BB191B88190010000CF092F84C
:1020F0000300012B01D1012304E0054B01225242D0
:102100001A6000231800BD4611B0F0BD0010024057
:10211000F07F002080B586B000AFB9607A603B6088
:102120000F217B18021C1A701723FB1800221A704B
:102130007B181B78180002F051FC03003B613A69E0
:10214000344B9A4210D1BB68A022D2051A607B683A
:10215000802292001A803B68A022D2051A603B6A56
:102160008022D2001A804DE03A692B4B9A420ED160
:10217000BB68A022D2051A607B6804221A803B68E3
:10218000A022D2051A603B6A08221A803AE03A6916
:10219000224B9A420ED1BB68214A1A607B6880228A
:1021A000D2001A803B681E4A1A603B6A80221201E4
:1021B0001A8027E03A691B4B9A420CD1BB681A4A35
:1021C0001A607B6808221A803B68174A1A603B6ACB
:1021D00004221A8016E03A69144B9A420ED1BB6869
:1021E0000F4A1A607B68802252001A803B680C4AB2
:1021F0001A603B6A802292001A8003E01723FB18C2
:10220000FF221A701723FB181B781800BD4606B072
:1022100080BDC0460C220020A022002034230020D4
:10222000000400505C240020000C0050F02400202A
:1022300080B500AF1D4B1E4A1A601C4B802212064F
:102240005A601A4B00229A60184B0022DA60174B32
:10225000802212061A61154B04225A61134B002288
:102260001A76124B00225A76104B01229A760F4BA7
:102270002022002199540D4B00225A620B4B002260
:102280009A620A4B2C2200219954084B00221A63AF
:10229000064B180009F0B2FE031E01D000F062F8F0
:1022A000044B01221A70C046BD4680BDCC260020DA
:1022B00000240140B226002090B58BB000AF7860BA
:1022C00014243B19180014231A00002111F0AFFB4D
:1022D000214B1A6C204B802149030A431A641E4B80
:1022E0001A6C80235B0313403B613B691A4B5A6BAA
:1022F000194B01210A435A63174B5B6B01221340B0
:10230000FB60FB68154B1B78012B10D13B190C228D
:102310001A603B1903225A603B1900229A603A194D
:10232000A023DB05110018000BF008FE10E01421BB
:102330007B18C02212011A607B1803225A607B1896
:1023400000229A607B18064A190010000BF0F6FD77
:10235000C046BD460BB090BD00100240B026002024
:102360000004005080B500AF642009F0A1FCC04615
:10237000BD4680BD80B582B000AF78600A00FB1C0E
:102380001A707B681B68174A934205D1FB1C1B78A7
:10239000002B01D1144B20E07B681B68114A93424B
:1023A00005D1FB1C1B78012B01D1104B15E07B687C
:1023B0001B680F4A934205D1FB1C1B78002B01D1EF
:1023C0000C4B0AE07B681B68094A934205D1FB1C51
:1023D0001B78012B01D1084BFFE71800BD4602B066
:1023E00080BDC04600440040040000080800000C06
:1023F000004800400008002C0080003C80B582B0FE
:1024000000AF0200FB1D1A70BB1D0A1C1A70FB1DD9
:102410001B78032B07D1BB1D1B78002B03D1164B58
:1024200000221A7022E0FB1D1B78032B07D1BB1D75
:102430001B78012B03D1104B01221A7016E0FB1DF3
:102440001B78022B07D1BB1D1B78002B03D10A4B35
:1024500002221A700AE0FB1D1B78022B06D1BB1D5D
:102460001B78012B02D1044B03221A70024B1B78FC
:102470001800BD4602B080BDB326002090B587B0DD
:1024800002AF0F23FB1800221A700E23FB18002244
:102490001A700D23FB1801221A705AE20D203B1806
:1024A0001A78C04913005B009B18CB1801331B78C6
:1024B000002B00D147E2BC4B1B7801225340DBB21A
:1024C000002B07D03B181A78B64913005B009B1805
:1024D00000225A543C1DBA1C0823F9180D23FB187E
:1024E00018783B0000932300FFF714FEBB68180028
:1024F000BB1C1B88002219000BF0A9FE0A2001F06A
:10250000DFFD7B681A003B001B88190010000BF0F0
:1025100081FE031E16D1BB681800BB1C1B8801225C
:1025200019000BF094FE0A2001F0CAFD7B681A0026
:102530003B001B880F217C18190010000BF06AFE6D
:1025400003002370BB681800BB1C1B880022190005
:102550000BF07DFE0D23FB181A78924913005B00E7
:102560009B18CB1801331B78012B02D0022B14D0FF
:102570002AE00F23FB181B78012B04D10E23FB1834
:1025800004221A701DE00F23FB181B78002B18D1B2
:102590000E23FB1803221A7013E00F23FB181B787D
:1025A000012B04D10E23FB1804221A700BE00F2319
:1025B000FB181B78002B06D10E23FB1803221A7080
:1025C00001E0C04600E0C0460E22BB181B78042B79
:1025D00003D0BB181B78022B19D10D217B181A7858
:1025E000724B9200D358724A934209D87B181B78D9
:1025F0006E4A99008A58511C6C4A9B00995006E01B
:102600000D23FB181A78694B92000021D1500E223D
:10261000BB181B78032B03D0BB181B78012B40D1B0
:102620000D217B181A78634B9200D358604A93426D
:1026300009D87B181B785F4A99008A58511C5D4A5B
:102640009B00995006E00D23FB181A78594B920015
:102650000021D150584B1B78022B11D10D217B1832
:102660001B78564AD25C564B5B799A4208D87B1845
:102670001B78524AD25C0132D1B2504AD15410E098
:102680000D217B181B784D4AD25C4D4B5B799A42E9
:1026900007D9494B00221A707B181B78474A002142
:1026A000D1540D217B181A78404B9200D358444ADC
:1026B0001288934200D286E07B181A783B4B920036
:1026C000D3583F4A1288934208D17B181B78374A67
:1026D00099008A58511C354A9B0099500D217B184E
:1026E0001A78344B9200D358354A1288934205D950
:1026F0007B181A782F4B92000021D1500D217B18A6
:102700001A782A4B9200D3582D4A528893422ED9D8
:102710007B181A78254B9200D258FA235B009A4214
:1027200025D2254B1B78002B03D1234B01221A7095
:1027300048E0214B1B78022B44D10D217B181B78DC
:102740001E4AD25C1E4B1B799A423BD97B181B78E0
:102750001A4AD25C1A4B5B799A4233D2164B032247
:102760001A707B181B78154A0021D1542AE00D21DC
:102770007B181A780D4B9200D258FA235B009A42CC
:1027800021D37B181A78094B9200D358084A9342F8
:1027900019D8094B1B78002B15D0074B00221A7053
:1027A00011E0C046A02600206C26002078260020DC
:1027B000FEFF00008C2600203C2700207026002011
:1027C00050120020C0460D217B181A78664B9200EB
:1027D000D358664A128893425DD37B181A78624BAD
:1027E0009200D358614A1288934211D108007B1895
:1027F0001A785F4913005B009B1807225A543B1854
:102800001B78594A99008A58511C574A9B00995085
:102810000D217B181A78574B9200D358534A1288CF
:10282000934205D97B181A78524B92000021D1505F
:102830000D217B181A784C4B9200D3584B4A528882
:10284000934228D97B181A78474B9200D258FA2322
:102850005B009A421FD2484B1B78012B0BD17B188F
:102860001A78434913005B009B1805225A54424BC7
:1028700002221A700FE0404B1B78032B0BD10D2363
:10288000FB181A783A4913005B009B1806225A5429
:10289000394B00221A700D23FB181A7834491300A3
:1028A0005B009B185B5C072B05D047DC052B09D030
:1028B000062B25D042E00D23FB181B78180000F0F2
:1028C0006DFD40E02D4B1B7801225340DBB2002B05
:1028D00036D00D203B181A78254913005B009B1851
:1028E000CB1802331B781A000123134028D0234B46
:1028F00001221A703B181B78180000F059FD1FE0E8
:102900001E4B1B7801225340DBB2002B1AD00D2046
:102910003B181A78164913005B009B18CB1802333A
:102920001B781A00022313400CD0144B01221A709A
:102930003B181B78180000F045FD03E0C04602E09C
:10294000C04600E0C0460D217B181A787B18013282
:102950001A700D23FB181B78042B00D89EE5C04687
:10296000C046BD4605B090BD8C2600205012002008
:10297000A0260020782600203C2700206C2600207E
:10298000F0B58FB002AF0200FB1D1A70BB1D0A1C10
:102990001A702F23FB1800221A702E23FB18002216
:1029A0001A708C4B1B78002B0FD0BB1D1A788A4BEA
:1029B0009200D358180005F0BBFEBB1D1A78874B58
:1029C0009200D358180005F0B3FEBB1D1B78844A53
:1029D0000421D1547F4B1B78002B08D0BB1D1B78E2
:1029E000180001F0FBFF030018000DF083FA10231C
:1029F000FC180E257A191423F918BB1D18780C261B
:102A0000BB1900932300FFF785FB7B191B881A0075
:102A100018243B191A603B1901225A603B19002205
:102A20009A603B190022DA607B691A003B19190091
:102A300010000BF083FABB191B881A003B191A60AF
:102A40003B1900225A603B1902229A603B691A0026
:102A50003B19190010000BF071FABB1D1A7861497F
:102A600013005B009B18CB180133FA1D12781A7003
:102A7000BB1D1B783A339BB29B009BB20A243A19C8
:102A800011001800FFF7A7F903001A002C217B188A
:102A90001A807B181B88002B57D13B191B881B0AF7
:102AA0009AB22E217B181A707B181B781B09DBB297
:102AB000BA1D12789A4209D17B181B780F221A404E
:102AC000FB1D1B789A4201D100237FE0BB1D1B78C0
:102AD0001B031AB2FB1D1B781B021BB213431BB254
:102AE0009AB20A217B181A80BB1D1B783A339BB21D
:102AF0009B009AB27B181B8819001000FFF78CF915
:102B0000BB1D1B783A339BB29B009BB201339BB237
:102B100000211800FFF780F9BB1D1B783A339BB2E8
:102B20009B009BB202339BB200211800FFF774F99F
:102B3000BB1D1B783A339BB29B009BB203339BB205
:102B400000211800FFF768F93DE0BB1D1B781B034F
:102B50001AB2FB1D1B781B021BB213431BB29AB2A5
:102B60000A217B181A80BB1D1B783A339BB29B004D
:102B70009AB27B181B8819001000FFF74DF9BB1D96
:102B80001B783A339BB29B009BB201339BB200216E
:102B90001800FFF741F9BB1D1B783A339BB29B002D
:102BA0009BB202339BB200211800FFF735F9BB1D21
:102BB0001B783A339BB29B009BB203339BB200213C
:102BC0001800FFF729F92F23FB181B781800BD46C2
:102BD0000DB0F0BD3B0A00201C1900203819002060
:102BE000440A0020A026002080B586B000AF020075
:102BF000FB1D1A701723FB1800221A70FB1D1A7890
:102C0000554913005B009B18CB18013300221A7042
:102C1000FB1D1A78504913005B009B1800225A5480
:102C2000FB1D1A784C4913005B009B18CB1802332C
:102C300000221A70FB1D1B783A339BB29B009BB29B
:102C40000E22BA1811001800FFF7C5F803001A0089
:102C500014217B181A807B181B88002B2DD1FB1D9B
:102C60001B783A339BB29B009BB200211800FFF700
:102C7000D3F8FB1D1B783A339BB29B009BB2013308
:102C80009BB200211800FFF7C7F8FB1D1B783A33F1
:102C90009BB29B009BB202339BB200211800FFF74E
:102CA000BBF8FB1D1B783A339BB29B009BB20333EE
:102CB0009BB200211800FFF7AFF8FB1D1B7818002E
:102CC00001F08CFE03003B613B691B68234A934281
:102CD00002D101F03DFA28E03B691B68204A93428B
:102CE00002D101F073FA20E03B691B681D4A934250
:102CF00002D101F0A9FA18E03B691B681A4A934215
:102D000013D03B691B68194A934202D101F0DAFAE9
:102D10000BE03B691B68164A934202D101F002FBAB
:102D200003E01723FB18FF221A70FB1D1B78114AC2
:102D30000021D154FB1D1B785A1E0F4B9200D25814
:102D40003B6911001800FEF79FFD1723FB181B7845
:102D50001800BD4606B080BDA02600200038014006
:102D60000044004000480040004C0040005000403B
:102D7000003C0140440A0020E0250020B0B584B0AA
:102D800000AF040008001100FB1D221C1A70BB1DBF
:102D9000021C1A707B1D0A1C1A700F23FB180022DC
:102DA0001A70FB1D1A78624913005B009B18CB1840
:102DB00001331B78002B01D10B23B4E07B1D1B7862
:102DC000012B07D07B1D1B78002B19D1BB1D1B7855
:102DD000052B15D1FB1D1A78554913005B009B1874
:102DE000CB1802331B78FA1D127801210B43D8B29D
:102DF0004F4913005B009B18CB180233021C1A705A
:102E00007B1D1B78012B07D07B1D1B78002B19D154
:102E1000BB1D1B78062B15D1FB1D1A7844491300E6
:102E20005B009B18CB1802331B78FA1D1278022125
:102E30000B43D8B23E4913005B009B18CB180233FA
:102E4000021C1A707B1D1B78012B07D07B1D1B7881
:102E5000002B19D1BB1D1B78072B15D1FB1D1A7830
:102E6000334913005B009B18CB1802331B78FA1D03
:102E7000127803210B43D8B22D4913005B009B1835
:102E8000CB180233021C1A70FB1D1B783A339BB21D
:102E90009B009BB208243A1911001800FEF79BFF13
:102EA00003001A000C217B181A807B181B88002B4A
:102EB00034D13B191B881B0A9AB20B257B191A7057
:102EC0003B191B88D9B2FB1D1A78194813005B0007
:102ED0009B18C31802331B78994221D07B191B78A9
:102EE0001B0219B2FB1D1A78114813005B009B18D6
:102EF000C31802331B781BB20B431BB29AB23B19A7
:102F00001A80FB1D1B783A339BB29B009AB23B1987
:102F10001B8819001000FEF77FFF01E00B2302E081
:102F20000F23FB181B781800BD4604B0B0BDC04687
:102F3000A026002080B584B000AF0200FB1D1A70EF
:102F40000F23FB1800221A70FB1D1B78022B03D0E5
:102F5000FB1D1B78032B1FD1FB1D1B78022B03D1FC
:102F6000144B01221A7002E0124B01225A70FB1D11
:102F70001B78180001F032FD030018000CF0BAFFB6
:102F8000FB1D1B780C4A0621D1540C4B1B78002BDF
:102F900009D1FFF74DF906E00F217B1819221A70AD
:102FA0007B181B7802E00F23FB181B781800BD4626
:102FB00004B080BDB0260020440A0020B2260020C4
:102FC00080B586B000AF3A60FB1D021C1A70BB1DB5
:102FD0000A1C1A700F23FB1800221A701723FB1803
:102FE00000221A7000233B61FB1D1B78022B04D0CA
:102FF000FB1D1B78032B00D09CE0514B1B78012B51
:1030000000D07FE0FB1D1B78180001F0E7FC0200F8
:10301000BB1D1B7819001000FFF7ACF903009AB232
:10302000484B1A80BB1D1A78FB1D1B781100180035
:10303000FFF7E4F903001A00434B1A70414B1B8859
:103040001A00424B1A60414B01225A603F4B062244
:103050009A603E4A3E4B1100180009F0A1FA3C4B21
:10306000180009F033FE28E0394B180009F06EF91A
:10307000374B6421180009F0F3F9354B180009F0BB
:1030800083FA0100304B1B781A0089B2314B520091
:10309000D1522F4B180009F0A7F92B4B1B781A00BF
:1030A0002C4B5200D35A1A003B699B183B611721E5
:1030B0007B181A787B1801321A701722BB181B78FC
:1030C000092BD1D9BB181B7819003869EDF742F8E4
:1030D000030019001C4B1B781A0089B21D4B5200CB
:1030E000D152184B1B881A00184B1A60174B02223A
:1030F0005A60164B06229A60144A154B11001800AC
:1031000009F04EFA104B1B781A00124B5200D35A9A
:103110001A00114B534311491800EDF7A5F80300AD
:103120001800EEF751F8021C3B681A600F23FB18D9
:103130001B7800E019231800BD4606B080BDC046CC
:10314000B2260020B4260020B3260020302700201D
:10315000CC260020B8260020E40C0000FF0F000061
:10316000B0B582B000AF78603960614B1B78002B3E
:1031700001D1FFF75DF85F4B5F4A1A605D4B01229A
:103180005A605C4B02229A605A4A5C4B110018004C
:1031900009F006FA594B180009F0D8F8574B64218A
:1031A000180009F05DF9554B180009F0EDF903001E
:1031B0009AB2534B1A80524B1B881800EFF7BAFE95
:1031C000504A514BEEF7F4FF02000B0010001900BB
:1031D00000224E4BEEF7A8FB02000B001000190076
:1031E0004B4A4C4BEFF7ACFA02000B0010001900F1
:1031F000494A4A4BEEF798FB02000B0010001900F9
:103200000022474BEEF72CF802000B0010001900CB
:10321000EFF72AFF021C7B681A60384B180009F090
:10322000E3F8344B344A1A60324B02225A60314B75
:1032300002229A602F4A314B1100180009F0B0F9B0
:103240002C4B384A1A602B4B01225A60294B06221C
:103250009A60284A294B1100180009F0A1F9274B60
:10326000180009F073F8254B6421180009F0F8F8EC
:10327000224B180009F088F903009AB22A4B1A80F1
:103280002A4B1B881800EFF755FE1E4A1E4BEEF71F
:103290008FFF02000B0014001D00234B1B88180039
:1032A000EFF748FE02000B0020002900EEF73CFB80
:1032B00002000B0010001900EFF7D6FE021C3B685D
:1032C0001A600E4B180009F08FF80A4B154A1A6065
:1032D000084B02225A60074B02229A60054A074BAC
:1032E0001100180009F05CF9C046BD4602B0B0BD3F
:1032F000B226002030270020001000B0CC2600208D
:10330000C02600206666666666660A4000FEAF401C
:103310008FC2F5285C8FF63F33333333333311409C
:1033200000003940002000B4C2260020AA75FF1F0B
:1033300090B585B000AF3A60FB1D021C1A70BB1D32
:103340000A1C1A700F243B1900221A700023BB605C
:103350000823FA18BB1D1978FB1D1B781800FFF70E
:103360002FFE031E10D1BB680A49181CEDF7D8FDCB
:10337000031C0949181CEDF7EDFB031C1A1C3B68E4
:103380001A603B191B7800E019231800BD4605B0F0
:1033900090BDC0460000C84200404E4580B582B096
:1033A00000AF0200FB1D1A70C046BD4602B080BDD2
:1033B00080B582B000AF0200FB1D1A70C046BD464A
:1033C00002B080BD80B582B000AF0200FB1D1A7054
:1033D000C046BD4602B080BD80B500AFBFF34F8F81
:1033E000C046044B044ADA60BFF34F8FC046C04664
:1033F000FDE7C04600ED00E00400FA0580B500AF2F
:1034000008F03AFC05F0C6F9C046BD4680BD000094
:1034100080B584B002AF0B4B7B600B4B187879689A
:10342000FF230093FF23112201F022FA064B1878A4
:10343000064B1968FF230093FF230F2201F018FAAF
:10344000FFF7CAFF78B50208380A0020C40100203F
:1034500080B584B000AF78600A00BB1C1A80144BA2
:10346000BA1C12881A80134B1B780133DAB2114B45
:103470001A707B681800FDF7C9FF03001A000E4B95
:103480009B5C022B10D00023FB600C4B1B680C22B2
:10349000BA181100180007F09BFFFB68002B03D03F
:1034A000074B802252051A60C046BD4604B080BD5D
:1034B0009027002092270020440A002014190020A1
:1034C00004ED00E080B58AB000AF00237B62264B9C
:1034D00018000CF037FF244B1B681B688022134038
:1034E000802B36D1204B88229B58202B31D1EFF3F3
:1034F00010837B607B683B620123BB60BB6883F306
:103500001088C046184B1B681A68174B1B6880212F
:103510008A431A603B6AFB60FB6883F31088C046ED
:10352000EFF310833B613B69FB6101237B617B69A6
:1035300083F31088C0460C4B1B681A680A4B1B6843
:1035400040210A431A60FB69BB61BB6983F31088A1
:10355000C0467B6A002B03D0044B802252051A60C0
:10356000C046BD460AB080BD0C22002004ED00E03C
:1035700080B58AB000AF00237B62264B18000CF0A8
:10358000E1FE244B1B681B6880221340802B36D140
:10359000204B88229B58202B31D1EFF310837B6086
:1035A0007B683B620123BB60BB6883F31088C04625
:1035B000184B1B681A68174B1B6880218A431A60D6
:1035C0003B6AFB60FB6883F31088C046EFF310830F
:1035D0003B613B69FB6101237B617B6983F310885D
:1035E000C0460C4B1B681A680A4B1B6840210A43F3
:1035F0001A60FB69BB61BB6983F31088C0467B6AB4
:10360000002B03D0044B802252051A60C046BD46F1
:103610000AB080BDA022002004ED00E080B59AB081
:1036200000AF00237B66684B18000CF08BFE664BE6
:103630001B681B6880221340802B36D1624B882286
:103640009B58202B31D1EFF310837B637B6B3B6660
:103650000123BB63BB6B83F31088C0465A4B1B68C6
:103660001A68594B1B6880218A431A603B6EFB63C2
:10367000FB6B83F31088C046EFF310833B643B6C15
:10368000FB6501237B647B6C83F31088C0464E4B43
:103690001B681A684C4B1B6840210A431A60FB6D7B
:1036A000BB64BB6C83F31088C046484B18000CF019
:1036B00049FE464B1B681B6880221340802B36D185
:1036C000424B88229B58202B31D1EFF31083FB61B2
:1036D000FB69BB6501233B623B6A83F31088C046EC
:1036E0003A4B1B681A68394B1B6880218A431A6061
:1036F000BB6D7B627B6A83F31088C046EFF3108357
:10370000BB62BB6A7B650123FB62FB6A83F31088A3
:10371000C0462E4B1B681A682C4B1B6840210A437D
:103720001A607B6D3B633B6B83F31088C046284B6C
:1037300018000CF007FE264B1B681B688022134004
:10374000802B36D1224B88229B58202B31D1EFF38E
:1037500010837B607B683B650123BB60BB6883F3A0
:103760001088C0461A4B1B681A68194B1B688021C9
:103770008A431A603B6DFB60FB6883F31088C04688
:10378000EFF310833B613B69FB6401237B617B6941
:1037900083F31088C0460E4B1B681A680C4B1B68DD
:1037A00040210A431A60FB6CBB61BB6983F310883C
:1037B000C0467B6E002B03D0064B802252051A6058
:1037C000C046BD461AB080BD342300205C240020D2
:1037D000F024002004ED00E080B500AF054B180098
:1037E000FDF714FE03001800F6F79CFFC046BD4627
:1037F00080BDC0460C22002080B500AF104B1B6876
:1038000010221340102B07D10E4B1800FDF7FEFDC0
:1038100003001800F6F786FF094B1A6880235B0047
:103820001A4080235B009A4207D1074B1800FDF72E
:10383000EDFD03001800F6F775FFC046BD4680BDDC
:1038400000000240A02200203423002080B500AFF9
:10385000124B1A6880235B021A4080235B029A4253
:1038600007D10F4B1800FDF7D1FD03001800F6F744
:1038700059FF0A4B1A6880235B031A4080235B03BD
:103880009A4207D1074B1800FDF7C0FD030018004E
:10389000F6F748FFC046BD4680BDC0460000024066
:1038A0005C240020F024002080B584B000AF786054
:1038B0000023FB607B681800FDF7A8FD03001A00D9
:1038C000064B9200D3580C22BA181100180005F0CC
:1038D0006EFEC046BD4604B080BDC046381900200B
:1038E000B0B584B000AF78607B6888222021995001
:1038F0000F257C197B681800FDF788FD03002370F5
:1039000029007B181B78254AD35C022B13D17B1826
:103910001B785A1E224B9200D3581B68283319007B
:103920007B6880229B581B685B689AB27B68180092
:103930000EF024FB2EE00F243B191B78013B194AA3
:103940000021D1543B191B78013B174A0021D15467
:103950003B191B785A1E13005B009B189B01134AEE
:103960009B18C0220021180010F061F83B191B7849
:103970005A1E13005B009B189B010C4A99187B6828
:10398000C02218000EF0FAFA3B191B78013B084AD6
:103990000121D154C046BD4604B0B0BD440A002048
:1039A00070180020201F00201C1F00207015002010
:1039B000A018002080B582B000AF7860104B0122C3
:1039C0001A707B681B680F4A934203D17B6818000A
:1039D0000EF0E7F97B681B680B4A934203D17B68C2
:1039E00018000EF0DEF97B681B68084A934203D189
:1039F0007B6818000EF0D5F9C046BD4602B080BD08
:103A0000F418002000380140004400400048004005
:103A100080B586B002AF786039600B4BFB600B4B12
:103A20001878F968FF230093FF23102200F020FF8D
:103A3000064B1878064B1968FF230093FF230F22CB
:103A400000F016FFFFF7C8FC8CB50208380A00200A
:103A5000C401002080B584B002AF0B4B7B600B4BE0
:103A600018787968FF230093FF23142200F000FFE9
:103A7000064B1878064B1968FF230093FF230F228B
:103A800000F0F6FEFFF7A8FCA0B50208380A0020F7
:103A9000C401002080B500AF2F4B304A1A602E4B76
:103AA00000229A602C4B7F22DA602B4BFF221A6196
:103AB000294B00225A61284B00229A61264B002292
:103AC000DA61254B8022D2051A62234B00225A620A
:103AD000214B882212025A601F4B180000F01EFA78
:103AE0001D4B002118000CF041F80300012B02D1FE
:103AF000194B40229A60184B18000BF007FC031E6C
:103B000001D0FF2325E0144B012118000CF02EF802
:103B10000300134A934202D000F028F811E0114B41
:103B20001A6E80231B05134002D00F4B00221A701F
:103B30000C4B1A6E8023DB04134002D00A4B012287
:103B40001A70084B1A6E074B802109040A431A6643
:103B500000231800BD4680BDE82700200028004053
:103B6000F232000000100240E4270020B0B58EB011
:103B700000AF0C257B195A4A13CA13C33B00594A9C
:103B800003CA03C312781A707B19093318000EF0A8
:103B9000EEFA02003523FB181A707B1900229A7185
:103BA0007B19043318000EF0E2FA02003423FB18EC
:103BB0001A707B190022DA703623FB1800221A7063
:103BC00019E036243B191A78474B9200D2580C233F
:103BD000FB1811001800ECF797FA031E05D13723E4
:103BE000FB183A19127801321A7036217B181A78AC
:103BF0007B1801321A703623FB181B780B2BE0D987
:103C00003B00063318000EF0B2FA02003323FB1813
:103C10001A700C243B1900225A713B000333180020
:103C20000EF0A5FA02003223FB181A703B1900228D
:103C30009A703B0018000EF09AFA02003123FB182C
:103C40001A702C217B183522BA181278DA707B187A
:103C50003722BA1812785A707B183422BA181278A0
:103C60009A707B1801221A707918204B00221800D4
:103C70000BF08EFD031E01D0FF232CE018217B18D2
:103C80003122BA1812781A707B183222BA181278B8
:103C90005A707B183322BA1812789A707B18002257
:103CA000DA70134B18225A737B180022DA607B18E3
:103CB00000221A6179180D4B002218000BF064FCE9
:103CC000031E01D0FF2306E00A4A084B0121180019
:103CD0000BF02FFF00231800BD460EB0B0BDC0464C
:103CE000C0B50208CCB502081C000020E82700205F
:103CF00050120020F2320000B0B588B000AF0500CD
:103D00000C0010001900FB1D2A1C1A70BB1D221C80
:103D10001A703B1D021C1A80FB1C0A1C1A703B1DEA
:103D20001B88DBB23033DAB21C217B18DA707B18C7
:103D3000FA1D12785A707B18BA1D12789A707B1887
:103D4000FA1C12781A7008243B1938217A18127854
:103D50001A703B193422BA1812785A703A19302363
:103D6000FB181B7893703B1900221A613C23FB1847
:103D70001B78012B1BD17B181B780C2B17D8404BC1
:103D80000122002118000BF0D4FE3B190022DA704A
:103D90003C4B0C225A733A4B18000BF059FB384B32
:103DA00040229A60364B18000BF0B0FA36E03C2304
:103DB000FB181B78022B1DD13823FB181B780C2B0A
:103DC00018D82F4B0122002118000BF0B2FE082357
:103DD000FB180122DA702B4B0C225A73284B180067
:103DE0000BF036FB264B40229A60254B18000BF057
:103DF0008DFA13E0224B0022002118000BF099FEEF
:103E0000204B18225A731E4B18000BF021FB1C4B41
:103E100000229A601A4B18000BF078FA0823F91860
:103E2000174B002218000BF0AFFB031E01D0FF233D
:103E300021E01C23F918124B002218000BF0A8FCFB
:103E4000031E01D0FF2316E00E4B5B7B1B021AB250
:103E50000C4B1B791BB213431BB29AB28D235B0030
:103E600011001800FDF7D8FF074A054B0121180083
:103E70000BF05FFE00231800BD4608B0B0BDC04681
:103E8000E827002050120020F232000090B587B0E1
:103E900000AF39001F4B002218000BF01DFC14244A
:103EA00039191C4B002218000BF004FD3B00DB7895
:103EB000DB09DBB20133DAB2174BDA743B005B6823
:103EC0005B089AB2144BDA813B009A78124B1A7451
:103ED0003B005A78104B5A743B001A780E4B9A7478
:103EE0003B199A780C4B5A753B195A780A4B9A75BC
:103EF0003B191A78084B1A753B19DB78FA22D20065
:103F0000944663449AB2044B1A83C046BD4607B038
:103F100090BDC046E82700205012002090B597B011
:103F200000AF78600C243B1918004C231A000021C4
:103F30000FF07DFD7B681B68134A934220D13B192B
:103F4000802292021A603B19802292001A643B1967
:103F500018000AF09FFF0D4BDA6D0C4B802109020F
:103F60000A43DA65094BDA6B084B8021C9000A4322
:103F7000DA63064BDA6B8023DB001340BB60BB685F
:103F8000C046BD4617B090BD00280040001002405A
:103F900080B582B000AF78607B681B68094A9342A5
:103FA0000BD1094BDA6D084B08490A40DA65064B1C
:103FB000DA6B054B06490A40DA63C046BD4602B0DB
:103FC00080BDC0460028004000100240FF7FFFFF78
:103FD000FFFBFFFF80B582B000AF174B1A6C164B8A
:103FE000802189020A431A64134B1A6C80239B02B6
:103FF00013407B607B68114B114A1A600F4B2F22D4
:104000005A600E4B00229A600C4B0E4ADA600B4B42
:1040100000221A61094B00225A61084B00229A6162
:10402000064B18000BF0BDFD044B18000BF01AFEF8
:10403000C046BD4602B080BD00100240642800208A
:1040400000440140FFFF000080B582B000AF174B75
:104050001A6C164B8021C9020A431A64134B1A6C5E
:104060008023DB0213407B607B68114B114A1A608E
:104070000F4B114A5A600E4B00229A600C4B0F4AAC
:10408000DA600B4B00221A61094B00225A61084B7F
:1040900000229A61064B18000BF083FD044B1800B8
:1040A0000BF0E0FDC046BD4602B080BD00100240EE
:1040B000B0280020004801407FBB0000FFFF000047
:1040C00080B584B000AF0200BB1D1A800023FB60E6
:1040D00004F0A6FEBB1D1B88002B0DD0094B1B68EE
:1040E0005B6AFB60C046074B1B685A6AFB68D21AC2
:1040F000BB1D1B889A42F6D904F0A4FEC046BD46FB
:1041000004B080BD6428002080B584B000AF0200F8
:10411000BB1D1A800023FB6004F082FEBB1D1B88C0
:10412000002B0DD0094B1B685B6AFB60C046074B38
:104130001B685A6AFB68D21ABB1D1B889A42F6D9C3
:1041400004F080FEC046BD4604B080BDB02800200B
:1041500080B500AF1B4B1C4A1A601A4B9622D20145
:104160005A60184B00229A60164B0022DA60154BF9
:1041700000221A61134B0C225A61124B00229A61E1
:10418000104B0022DA610F4B00221A620D4B002205
:104190005A620C4B00229A620A4B18000BF054FE34
:1041A000084B002118000DF067FE064B0021180097
:1041B0000DF0A2FE034B18000DF024FEC046BD46D4
:1041C00080BDC0460C2200200038014080B500AF01
:1041D0001B4B1C4A1A601A4BE12212035A60184BFF
:1041E00000229A60164B0022DA60154B00221A61F9
:1041F000134B0C225A61124B00229A61104B002281
:10420000DA610F4B00221A620D4B00225A620C4BEE
:1042100000229A620A4B18000BF016FE084B002190
:1042200018000DF029FE064B002118000DF064FE69
:10423000034B18000DF0E6FDC046BD4680BDC046EC
:10424000A02200200044004080B500AF1B4B1C4A58
:104250001A601A4BE12212035A60184B00229A602E
:10426000164B0022DA60154B00221A61134B0C2208
:104270005A61124B00229A61104B0022DA610F4BF7
:1042800000221A620D4B00225A620C4B00229A62E5
:104290000A4B18000BF0D8FD084B002118000DF058
:1042A000EBFD064B002118000DF026FE034B180015
:1042B0000DF0A8FDC046BD4680BDC0463423002099
:1042C0000048004080B500AF144B154A1A60134BEC
:1042D000E12212035A60114B00229A600F4B002218
:1042E000DA600E4B00221A610C4B0C225A610B4B08
:1042F00000229A61094B0022DA61084B00221A62FF
:10430000064B00225A62054B00229A62034B1800AA
:104310000BF09AFDC046BD4680BDC0465C2400201F
:104320000050004080B500AF144B154A1A60134B83
:10433000E12212035A60114B00229A600F4B0022B7
:10434000DA600E4B00221A610C4B0C225A610B4BA7
:1043500000229A61094B0022DA61084B00221A629E
:10436000064B00225A62054B00229A62034B18004A
:104370000BF06AFDC046BD4680BDC046F02400205B
:10438000003C0140B0B5A4B000AF78607C243B197C
:10439000180014231A0000210FF049FB30257B1967
:1043A00018004C231A0000210FF041FB7B681B68AA
:1043B000E24A93426DD17B1901221A607B190222D5
:1043C0005A607B1918000AF065FDDD4B1A6CDC4B56
:1043D0008021C9010A431A64D94B1A6C8023DB017E
:1043E0001340FB62FB6AD64B5A6BD54B01210A4343
:1043F0005A63D34B5B6B01221340BB62BB6A3B1910
:10440000C022D2001A6021007B1802225A607B1859
:1044100000229A607B180022DA607B1801221A6160
:104420007A18A023DB051100180009F087FDC54BA1
:10443000C54A1A60C34B32225A60C24B00229A60AE
:10444000C04B0022DA60BF4B80221A61BD4B0022B4
:104450005A61BC4B00229A61BA4B2022DA61B94BF7
:1044600000221A62B94BB74ADA60B64B180009F05D
:1044700041F87B688021B34A5A50B24B7A689A62FD
:10448000002200211B2008F0C9FD1B2008F0DBFDE5
:10449000DDE17B681B68AE4A93426DD130217B1809
:1044A00002221A607B1808229A607B1818000AF012
:1044B000F1FCA34BDA6BA24B802189020A43DA6339
:1044C0009F4BDA6B80239B0213407B627B6A9C4B81
:1044D0005A6B9B4B01210A435A63994B5B6B012238
:1044E00013403B623B6A7C217B180C221A607B18CC
:1044F00002225A607B1800229A607B180022DA6040
:104500007B1801221A617A18A023DB05110018001C
:1045100009F014FD8F4B904A1A608E4B34225A607A
:104520008C4B00229A608B4B0022DA60894B8022F0
:104530001A61884B00225A61864B00229A61854B92
:104540002022DA61834B00221A62804B814A5A6032
:10455000804B180008F0CEFF7B6880217D4A5A50BE
:104560007C4B7A689A62002200211C2008F056FDDC
:104570001C2008F068FD6AE17B681B68774A93425B
:104580006DD130217B1804221A607B182022DA605A
:104590007B1818000AF07EFC694BDA6B684B8021AF
:1045A000C9020A43DA63664BDA6B8023DB021340ED
:1045B000FB61FB69624B5A6B614B02210A435A63F0
:1045C0005F4B5B6B02221340BB61BB697C217B1894
:1045D000C02212011A607B1802225A607B18002246
:1045E0009A607B180022DA607B1804221A617B181B
:1045F0005B4A1900100009F0A1FC5A4B5A4A1A6094
:10460000584B36225A60574B00229A60554B002275
:10461000DA60544B80221A61524B00225A61514B8E
:1046200000229A614F4B2022DA614E4B00221A621F
:10463000464B4C4A9A604B4B180008F05BFF7B6876
:104640008021484A5A50474B7A689A6200220021DA
:104650001D2008F0E3FC1D2008F0F5FCF7E07B6866
:104660001B68424A934200D1F1E07B681B68404AD4
:10467000934200D084E0324BDA6B314B8021490009
:104680000A43DA632E4BDA6B80235B0013407B61B5
:104690007B692B4B5A6B2A4B08210A435A63284BE0
:1046A0005B6B082213403B613B697C217B180C2229
:1046B0001A607B1802225A607B1800229A607B18CD
:1046C0000022DA607B1803221A617B18294A19003C
:1046D000100009F033FC284B284A1A60264B4A2266
:1046E0005A60254B00229A60234B0022DA60224B4D
:1046F00080221A61204B00225A611F4B00229A61CE
:104700001D4B2022DA611C4B00221A620F4B1A4A01
:104710001A61194B180008F0EDFE7B688021164ADB
:104720005A50154B7A689A62002200211D2008F029
:1047300075FC1D2008F087FC89E0C0460038014068
:10474000001002405C29002008000240E025002003
:1047500000440040BC2900201C00024000480040EA
:10476000000400501C2A002030000240004C004091
:1047700000500040000C0050DC2A0020580002408D
:104780007B681B68344A934261D1344BDA6B334BFC
:10479000802189000A43DA63304BDA6B80239B0067
:1047A0001340FB60FB682D4B5A6B2C4B02210A43D4
:1047B0005A632A4B5B6B02221340BB60BB687C21AF
:1047C0007B18C02292001A607B1802225A607B1864
:1047D00000229A607B180022DA607B1808221A6196
:1047E0007B181F4A1900100009F0A8FB1D4B1E4A38
:1047F0001A601C4B4C225A601A4B00229A60194BCB
:104800000022DA60174B80221A61164B00225A618F
:10481000144B00229A61134B2022DA61114B0022C3
:104820001A62124B0F4A5A610E4B180008F062FED2
:104830007B6880210B4A5A500A4B7A689A620022A0
:1048400000211D2008F0EAFB1D2008F0FCFBC046FB
:10485000BD4624B0B0BDC046003C0140001002403F
:10486000000400503C2B00206C000240E02500209A
:10487000B0B586B000AFB96011007B600F243B1962
:10488000021C1A700C23FB180A1C1A801723FB1831
:1048900001221A703B191B78180000F09FF8031EC4
:1048A00032D03B191A781C4B9200D3587A68110009
:1048B000180003F0F3FE031E26D113E00F23FB18AC
:1048C0001B78180000F08AF805001723FC18B86A56
:1048D0000C23FB181A88B968030028000BF052FB60
:1048E000030023701722BB181B78002B03D0BB18C2
:1048F0001B78032BE2D10F23FB181A78064B92008A
:10490000D358180003F014FF1723FB181B78180066
:10491000BD4606B0B0BDC04638190020F0B587B01E
:1049200000AFB96011007B600F243B19021C1A70A4
:104930000C257B190A1C1A801726BB1901221A7034
:104940003B191B78180000F049F8031E19D03B19D9
:104950001A78114B9200D3587A681100180003F0AE
:104960009DFE031E0DD13B191B78180000F036F890
:10497000BC197B191A88BB6819000BF0A7FB030050
:104980002370052007F094F91723FB181B781800F3
:10499000BD4607B0F0BDC0463819002090B585B0BF
:1049A00000AF02003960FB1D1A700F243B19002272
:1049B0001A70FB1D1B78180000F010F80300BB6094
:1049C000BB683A685A60BB6818000BF03DFA3B19A7
:1049D0001B781800BD4605B090BD000080B582B0C0
:1049E00000AF0200FB1D1A70FB1D1B78042B0ED0BC
:1049F0000FDC032B09D00CDC012B02D0022B02D0E0
:104A000007E0064B06E0064B04E0064B02E0064BCF
:104A100000E000231800BD4602B080BDF024002055
:104A2000A0220020342300205C24002080B582B026
:104A300000AF78600A00FB1C1A707B68002B76D0F0
:104A4000FB1C1B78012B37D17B681800FCF7DEFCC0
:104A50000300013B802212021A411100364B1B78E1
:104A60005A1E364B5200D35A1AB20BB2134319B224
:104A7000314B1B785A1E89B2304B5200D1527B68A1
:104A800008229A627B68802212029A637B6818006F
:104A90000BF0DAF97B681800FCF7B8FC03005A1E2B
:104AA00013005B009B189B01254A99187B68C02264
:104AB00018000DF063FA3AE0FB1C1B78002B36D18E
:104AC0007B681800FCF7A2FC0300013B8022120265
:104AD0001A411300D943184B1B785A1E174B52002A
:104AE000D35A1BB20AB2134019B2134B1B785A1E89
:104AF00089B2124B5200D1527B6808229A627B68BD
:104B000000229A637B6818000BF09EF97B681800FE
:104B1000FCF77CFC03005A1E13005B009B189B01F2
:104B2000074A99187B68C02218000DF027FAC04682
:104B3000BD4602B080BDC0464C12002018120020B5
:104B40007015002080B582B000AFFB1D00221A70E6
:104B5000BB1D01221A7035E0204B1B78BA1D12785C
:104B60009A4211D0BB1D1B78002213211800F6F7C2
:104B70009BFB3220FFF7C8FA194B1B78002B1CD087
:104B8000FB1D02221A7018E07B1D01221A7010E032
:104B9000124B1B78591E114B1B785A1E114B4900A2
:104BA000C95A104B5200D1527B1D1A787B1D01321D
:104BB0001A707B1D1B78042BEAD9BB1D1A78BB1D0C
:104BC00001321A70084B1B78BA1D12789A42C3D969
:104BD000FB1D1B781800BD4602B080BD4C120020A2
:104BE0006D120020181200207C00002080B586B0D5
:104BF00000AF0200FB1D1A700F23FB1800221A7071
:104C00001623FB1800221A8001233B6118E03B6940
:104C1000DBB21800FFF7E2FE03009A6B80231B0251
:104C20009A420AD11622BB181B88BA18591C118047
:104C30001A003B69D9B20C4B99543B6901333B6173
:104C40003B69042BE3DD1623FB181A88FB1D1B7838
:104C500014211800F6F728FB0F23FB181B78180007
:104C6000BD4606B080BDC0462C0B002080B582B08A
:104C700000AFBB1D00221A70FB1D01221A7029E033
:104C8000194B1B785A1E194B5200D35A1900FB1DA1
:104C90001B78013B802212021A4113000B400AD1FB
:104CA000FB1D1B781800FFF799FE03000021180078
:104CB000FFF7BCFE09E0FB1D1B781800FFF78EFE16
:104CC000030001211800FFF7B1FEFB1D1A78FB1D40
:104CD00001321A70FB1D1B78042BD1D9BB1D1B7828
:104CE0001800BD4602B080BD4C12002018120020F2
:104CF0001748854600F045F816481749174A00231B
:104D000002E0D458C4500433C4188C42F9D3144A76
:104D1000144C002301E013600432A242FBD312487A
:104D20001249026800608A4205D000F02AF80EF0AD
:104D30006BFF0DF00DFA0E480E4901600E480D494B
:104D400001600E4801688D4640680047FEE700009C
:104D500000400220000000202409002074BD020849
:104D60002809002000930120F03F0220EFBEADDEB5
:104D70004010024001000000000001400000FF1F41
:104D8000FEE780B500AFC046BD4680BD80B582B0AD
:104D900000AF78607B689B6801221A437B689A6049
:104DA000C046BD4602B080BD80B582B000AF78601D
:104DB00039607B689B68182293431A003B681A434A
:104DC0007B689A60C046BD4602B080BD80B582B0A7
:104DD00000AF786039607B683A685A61C046BD466A
:104DE00002B080BD80B582B000AF786039607B686A
:104DF0003A681A60C046BD4602B080BD80B584B036
:104E000000AF78600A00BB1C1A807B68FB60FB68FF
:104E1000BA1C12881A80C046BD4604B080BD80B559
:104E200082B000AF78607B681B689BB21800BD46FB
:104E300002B080BD80B584B000AF7860074B996B3D
:104E4000064B7A680A439A63044B9B6B7A6813405B
:104E5000FB60FB68C046BD4604B080BD0010024048
:104E6000B0B590B000AF0200FB1D1A701A23FB18FA
:104E700005221A700023FB630023BB6300237B63BE
:104E800000233B630023FB620023BB6200237B62A1
:104E900000233B620023FB61002200233A617B6117
:104EA0001B23FB1800221A700E23FB1800221A8005
:104EB00003F098FB031E02D00E2301F0FDFB03F06C
:104EC00063FAC44B01221A70C34B1A68C0239B04B7
:104ED00013400ED0C04B1A68C0239B041A40802395
:104EE0005B049A420BD1BD4B1A6880239B0313408D
:104EF00005D1BB4B1B689B02BA4A134005E0B84B77
:104F00001B689B025B08B84A1340F722D2021900C3
:104F10001000EBF7A5F90B00DB0AFB636BE0FB6B02
:104F20008022520294466344DC02AB4B1A68C023D1
:104F30009B0413400ED0A84B1A68C0239B041A4050
:104F400080235B049A420BD1A44B1A6880239B03F5
:104F5000134005D1A24B1B689B02A24A134005E0F7
:104F60009F4B1B689B025B089F4A13401900F72365
:104F7000D802EBF7EFF803001900974B1A68C0232B
:104F80009B0413400ED0944B1A68C0239B041A4014
:104F900080235B049A420BD1904B1A6880239B03B9
:104FA000134005D18E4B1B689B028E4A134005E0CF
:104FB0008B4B1B689B025B088B4A13404B43E318E7
:104FC000BB6300237B630EE0BA6B7B6BD218874B0D
:104FD0001A60BA6B7B6BD3181A685B683A617B61A5
:104FE0007B6B08337B637A6B80231B019A42EBD384
:104FF000FB6B0133FB63784B1A68C0239B0413409F
:105000000ED0754B1A68C0239B041A4080235B04A2
:105010009A420BD1714B1A6880239B03134005D130
:105020006F4B1B689B026F4A134005E06C4B1B687B
:105030009B025B086C4A1340F722D2021900100051
:10504000EBF70EF90B00DB0A0833FA6B9A4200D239
:1050500065E7604B00221A705F4B1A68C0239B04FF
:1050600013400ED05C4B1A68C0239B041A40802367
:105070005B049A420BD1594B1A6880239B0313405F
:1050800005D1574B1B689B02564A134005E0544B11
:105090001B689B025B08544A1340F722D202190096
:1050A0001000EBF7DDF80B00DB0AFB6377E0FB6B2E
:1050B0008022520294466344DC02474B1A68C023A4
:1050C0009B0413400ED0444B1A68C0239B041A4023
:1050D00080235B049A420BD1404B1A6880239B03C8
:1050E000134005D13E4B1B689B023E4A134005E02E
:1050F0003B4B1B689B025B083B4A13401900F7239C
:10510000D802EBF727F803001900334B1A68C023C5
:105110009B0413400ED0304B1A68C0239B041A40E6
:1051200080235B049A420BD12C4B1A6880239B038B
:10513000134005D12A4B1B689B022A4A134005E005
:10514000274B1B689B025B08274A13404B43E3181D
:10515000BB631A257C19BB6B180003F0C5F803006C
:1051600023707B191B78022B03D07B191B78012B32
:1051700003D1FB6A0133FB620EE01A23FB181B7894
:10518000032B09D1BB6A002B01D1FB6B3B62FB6B8C
:105190007B62BB6A0133BB62FB6B0133FB630E4B6B
:1051A0001A68C0239B0413400ED00B4B1A68C0230F
:1051B0009B041A4080235B049A4219D1074B1A685A
:1051C00080239B03134013D1054B1B689B02054AA8
:1051D000134013E0A42B00200075FF1F2020024085
:1051E000E075FF1F00FC0F0000FE0700A02B002051
:1051F000BE4B1B689B025B08BD4A1340F722D202DC
:1052000019001000EBF72CF80B00DB0A0833FA6BDF
:105210009A4200D24BE7FB6A002B00D01AE1BB6A2E
:10522000002B00D110E1B34B1A68C0239B0413403C
:105230000ED0B04B1A68C0239B041A4080235B0435
:105240009A420BD1AC4B1A6880239B03134005D1C3
:10525000A64B1B689B02A94A134005E0A34B1B68A1
:105260009B025B08A24A1340F722D20219001000E9
:10527000EAF7F6FF0B00DB0A3A6AD31A0733072274
:1052800013401C009B4B1A68C0239B0413400ED094
:10529000984B1A68C0239B041A4080235B049A42EF
:1052A0000BD1954B1A6880239B03134005D18F4B7C
:1052B0001B689B02914A134005E08C4B1B689B02C4
:1052C0005B088B4A1340F722D20219001000EAF75C
:1052D000C7FF0B00DB0AE3188022520294466344A6
:1052E000DC02844B1A68C0239B0413400ED0814B10
:1052F0001A68C0239B041A4080235B049A420BD196
:105300007D4B1A6880239B03134005D1774B1B68A4
:105310009B027A4A134005E0744B1B689B025B08B2
:10532000734A13401900F723D802EAF713FF03006A
:105330001900704B1A68C0239B0413400ED06D4BAC
:105340001A68C0239B041A4080235B049A420BD145
:10535000694B1A6880239B03134005D1634B1B687C
:105360009B02664A134005E0604B1B689B025B088A
:105370005F4A13404B43E318180002F0B5FF0300E7
:10538000042B67D15B4B1A68C0239B0413400ED0DB
:10539000584B1A68C0239B041A4080235B049A422E
:1053A0000BD1554B1A6880239B03134005D14F4BFB
:1053B0001B689B02514A134005E04C4B1B689B0243
:1053C0005B084B4A1340F722D20219001000EAF79B
:1053D00047FF0B00DB0A7A6AD31A01330722134016
:1053E0001C00444B1A68C0239B0413400ED0414B51
:1053F0001A68C0239B041A4080235B049A420BD195
:105400003D4B1A6880239B03134005D1374B1B6823
:105410009B023A4A134005E0344B1B689B025B0831
:10542000334A1340F722D20219001000EAF718FF9E
:105430000B00DB0AE3180121180002F0A3FD031E94
:1054400008D0022301F038F9002001F043F90300ED
:1054500001F032F9274B1A68C0239B0413400ED089
:10546000244B1A68C0239B041A4080235B049A4291
:105470000BD1214B1A6880239B03134005D11B4B92
:105480001B689B021D4A134005E0184B1B689B02DA
:105490005B08174A1340F722D20219001000EAF7FE
:1054A000DFFE0B00DB0AFB635AE2FB6B8022520239
:1054B00094466344DC020F4B1A68C0239B041340DC
:1054C0000ED00C4B1A68C0239B041A4080235B0447
:1054D0009A4215D1084B1A6880239B0313400FD1C1
:1054E000024B1B689B02054A13400FE0E075FF1F4B
:1054F00000FE07000075FF1F2020024000FC0F0087
:10550000CD4B1B689B025B08CC4A13401900F72364
:10551000D802EAF71FFE03001900C94B1A68C0231E
:105520009B0413400ED0C64B1A68C0239B041A403C
:1055300080235B049A420BD1C24B1A6880239B03E1
:10554000134005D1BC4B1B689B02BF4A134005E0CA
:10555000B94B1B689B025B08B84A13404B43E318E6
:10556000BB631A257C19BB6B180002F0BDFE03005B
:1055700023707B191B78012B00D0EEE1B04B1A6829
:10558000C0239B0413400ED0AD4B1A68C0239B046C
:105590001A4080235B049A420BD1AA4B1A688023DD
:1055A0009B03134005D1A44B1B689B02A64A1340E2
:1055B00005E0A14B1B689B025B08A04A1340F72241
:1055C000D20219001000EAF74BFE0B00DB0AFA6B5F
:1055D0009A4200D1E6E09A4B1A68C0239B0413401C
:1055E0000ED0974B1A68C0239B041A4080235B049B
:1055F0009A420BD1934B1A6880239B03134005D129
:105600008D4B1B689B02904A134005E08A4B1B6838
:105610009B025B08894A1340F722D202190010004E
:10562000EAF71EFE0B00DB0A0433FA6B9A4200D144
:10563000B8E0834B1A68C0239B0413400ED0804B04
:105640001A68C0239B041A4080235B049A420BD142
:105650007C4B1A6880239B03134005D1764B1B6853
:105660009B02794A134005E0734B1B689B025B0861
:10567000724A1340F722D20219001000EAF7F0FD37
:105680000B00DB0AFA6BD31A0733072213401C0006
:105690006B4B1A68C0239B0413400ED0684B1A68EA
:1056A000C0239B041A4080235B049A420BD1654BB4
:1056B0001A6880239B03134005D15F4B1B689B0234
:1056C000614A134005E05C4B1B689B025B085B4A28
:1056D0001340F722D20219001000EAF7C1FD0B00B7
:1056E000DB0AE3188022520294466344DC02544BE6
:1056F0001A68C0239B0413400ED0514B1A68C02374
:105700009B041A4080235B049A420BD14D4B1A68CC
:1057100080239B03134005D1474B1B689B024A4AD9
:10572000134005E0444B1B689B025B08434A13404F
:105730001900F723D802EAF70DFD03001900404BCA
:105740001A68C0239B0413400ED03D4B1A68C02337
:105750009B041A4080235B049A420BD1394B1A6890
:1057600080239B03134005D1334B1B689B02364AB1
:10577000134005E0304B1B689B025B082F4A134027
:105780004B43E318180002F0AFFD0300032B04D1D4
:105790001B23FB1800221A70C5E01B23FB180122F3
:1057A0001A70C0E0264B1A68C0239B0413400ED029
:1057B000234B1A68C0239B041A4080235B049A423F
:1057C0000BD1204B1A6880239B03134005D11A4B41
:1057D0001B689B021C4A134005E0174B1B689B0289
:1057E0005B08164A1340F722D20219001000EAF7AC
:1057F00037FD0B00DB0AFA6BD31A01330722134083
:105800001C000F4B1A68C0239B0413400ED00C4B96
:105810001A68C0239B041A4080235B049A4215D166
:10582000084B1A6880239B0313400FD1024B1B685F
:105830009B02054A13400FE0E075FF1F00FE0700C2
:105840000075FF1F2020024000FC0F00C54B1B68A5
:105850009B025B08C44A1340F722D20219001000D1
:10586000EAF7FEFC0B00DB0AE318802252029446A2
:105870006344DC02BD4B1A68C0239B0413400ED066
:10588000BA4B1A68C0239B041A4080235B049A42D7
:105890000BD1B74B1A6880239B03134005D1B14B42
:1058A0001B689B02B34A134005E0AE4B1B689B028A
:1058B0005B08AD4A13401900F723D802EAF74AFC07
:1058C00003001900A94B1A68C0239B0413400ED093
:1058D000A64B1A68C0239B041A4080235B049A429B
:1058E0000BD1A34B1A6880239B03134005D19D4B1A
:1058F0001B689B029F4A134005E09A4B1B689B0262
:105900005B08994A13404B43E318180002F0ECFC83
:10591000031E04D11B23FB1800221A7003E01B2373
:10592000FB1801221A701B23FB181B78002B14D1C3
:10593000FB6BDAB2904B1A7001220021002001F0BB
:10594000D5FD03001A0080235B009A4202D00C238D
:1059500000F0B2FE0123FB6130E0FB6B0133FB631F
:10596000824B1A68C0239B0413400ED07F4B1A68E9
:10597000C0239B041A4080235B049A420BD17C4BCA
:105980001A6880239B03134005D1764B1B689B024A
:10599000784A134005E0734B1B689B025B08724A10
:1059A0001340F722D20219001000EAF759FC0B004D
:1059B000DB0A0833FA6B9A4200D276E500233B6398
:1059C0006A4B1A68C0239B0413400ED0674B1A68B9
:1059D000C0239B041A4080235B049A420BD1644B82
:1059E0001A6880239B03134005D15E4B1B689B0202
:1059F000604A134005E05B4B1B689B025B085A4AF8
:105A00001340F722D20219001000EAF729FC0B001C
:105A1000DB0AFB635EE2FB6B802252029446634426
:105A2000DC02524B1A68C0239B0413400ED04F4B2C
:105A30001A68C0239B041A4080235B049A420BD14E
:105A40004B4B1A6880239B03134005D1454B1B68C1
:105A50009B02484A134005E0424B1B689B025B08CF
:105A6000414A13401900F723D802EAF773FB0300F9
:105A700019003E4B1A68C0239B0413400ED03B4BC9
:105A80001A68C0239B041A4080235B049A420BD1FE
:105A9000374B1A6880239B03134005D1314B1B6899
:105AA0009B02344A134005E02E4B1B689B025B08A7
:105AB0002D4A13404B43E318BB631A257C19BB6B7B
:105AC000180002F011FC030023707B191B78022BD5
:105AD00000D0F5E1254B1A68C0239B0413400ED07B
:105AE000224B1A68C0239B041A4080235B049A420D
:105AF0000BD11F4B1A6880239B03134005D1194B10
:105B00001B689B021B4A134005E0164B1B689B0257
:105B10005B08154A1340F722D20219001000EAF779
:105B20009FFB0B00DB0AFA6B9A4200D1F2E00F4BAD
:105B30001A68C0239B0413400ED00C4B1A68C02374
:105B40009B041A4080235B049A4217D1084B1A68C1
:105B500080239B03134011D1024B1B689B02054A13
:105B6000134011E0E075FF1F00FE07000075FF1FE6
:105B70002020024000FC0F009E2B0020CA4B1B6817
:105B80009B025B08C94A1340F722D2021900100099
:105B9000EAF766FB0B00DB0A0433FA6B9A4200D18A
:105BA000B8E0C34B1A68C0239B0413400ED0C04B0F
:105BB0001A68C0239B041A4080235B049A420BD1CD
:105BC000BC4B1A6880239B03134005D1B64B1B685E
:105BD0009B02B94A134005E0B34B1B689B025B086C
:105BE000B24A1340F722D20219001000EAF738FB3C
:105BF0000B00DB0AFA6BD31A0733072213401C0091
:105C0000AB4B1A68C0239B0413400ED0A84B1A68F4
:105C1000C0239B041A4080235B049A420BD1A54BFE
:105C20001A6880239B03134005D19F4B1B689B027E
:105C3000A14A134005E09C4B1B689B025B089B4AF2
:105C40001340F722D20219001000EAF709FB0B00FB
:105C5000DB0AE3188022520294466344DC02944B30
:105C60001A68C0239B0413400ED0914B1A68C023BE
:105C70009B041A4080235B049A420BD18D4B1A6817
:105C800080239B03134005D1874B1B689B028A4AE4
:105C9000134005E0844B1B689B025B08834A13405A
:105CA0001900F723D802EAF755FA03001900804BD0
:105CB0001A68C0239B0413400ED07D4B1A68C02382
:105CC0009B041A4080235B049A420BD1794B1A68DB
:105CD00080239B03134005D1734B1B689B02764ABC
:105CE000134005E0704B1B689B025B086F4A134032
:105CF0004B43E318180002F0F7FA0300032B04D11A
:105D00001B23FB1800221A70BBE01B23FB18012287
:105D10001A70B6E0664B1A68C0239B0413400ED07D
:105D2000634B1A68C0239B041A4080235B049A4289
:105D30000BD1604B1A6880239B03134005D15A4B4B
:105D40001B689B025C4A134005E0574B1B689B0293
:105D50005B08564A1340F722D20219001000EAF7F6
:105D60007FFA0B00DB0AFA6BD31A013307221340C8
:105D70001C004F4B1A68C0239B0413400ED04C4BA1
:105D80001A68C0239B041A4080235B049A420BD1FB
:105D9000484B1A6880239B03134005D1424B1B6874
:105DA0009B02454A134005E03F4B1B689B025B0882
:105DB0003E4A1340F722D20219001000EAF750FAC7
:105DC0000B00DB0AE3188022520294466344DC0293
:105DD000374B1A68C0239B0413400ED0344B1A680B
:105DE000C0239B041A4080235B049A420BD1314BA1
:105DF0001A6880239B03134005D12B4B1B689B0221
:105E00002D4A134005E0284B1B689B025B08274A7C
:105E100013401900F723D802EAF79CF90300190090
:105E2000234B1A68C0239B0413400ED0204B1A68E2
:105E3000C0239B041A4080235B049A420BD11D4B64
:105E40001A6880239B03134005D1174B1B689B02E4
:105E5000194A134005E0144B1B689B025B08134A68
:105E600013404B43E318180002F03EFA031E04D11E
:105E70001B23FB1800221A7003E01B23FB180122CE
:105E80001A701B23FB181B78002B20D13B6B002BB7
:105E900007D1FB6BDAB2094B1A703B6B01333B63E2
:105EA00015E00A2300F008FCE075FF1F00FE070064
:105EB0000075FF1F2020024000FC0F009E2B0020D9
:105EC0001A23FB181B78032B01D1FB6B7B62FB6B46
:105ED0000133FB63CD4B1A68C0239B0413400ED0E3
:105EE000CA4B1A68C0239B041A4080235B049A4261
:105EF0000BD1C74B1A6880239B03134005D1C54BB8
:105F00001B689B02C44A134005E0C24B1B689B02FE
:105F10005B08C24A1340F722D20219001000EAF7C8
:105F20009FF90B00DB0A0833FA6B9A4200D272E544
:105F30003B6B002B00D06BE07B6ADCB2B34B1A6882
:105F4000C0239B0413400ED0B04B1A68C0239B049F
:105F50001A4080235B049A420BD1AD4B1A68802310
:105F60009B03134005D1AB4B1B689B02AA4A13400D
:105F700005E0A84B1B689B025B08A84A1340F72268
:105F8000D20219001000EAF76BF90B00DB0ADBB252
:105F9000E31ADBB20133DBB207221340DCB29B4BC6
:105FA0001A68C0239B0413400ED0984B1A68C02374
:105FB0009B041A4080235B049A420BD1944B1A68CD
:105FC00080239B03134005D1924B1B689B02924A8E
:105FD000134005E08F4B1B689B025B088F4A134000
:105FE000F722D20219001000EAF73AF90B00DB0A97
:105FF000DBB2E318DAB28A4B1A70894B1B780221A4
:10600000180001F0BFFF031E02D0022300F054FB72
:10601000844B00221A80844B20221A6020237B6349
:106020006DE07F4B1B788022520294466344DC0271
:10603000764B1A68C0239B0413400ED0734B1A682A
:10604000C0239B041A4080235B049A420BD1704BFF
:106050001A6880239B03134005D16E4B1B689B027B
:106060006D4A134005E06B4B1B689B025B086B4A53
:1060700013401900F723D802EAF76CF8030019005F
:10608000624B1A68C0239B0413400ED05F4B1A6802
:10609000C0239B041A4080235B049A420BD15C4BC3
:1060A0001A6880239B03134005D15A4B1B689B023F
:1060B000594A134005E0574B1B689B025B08574A3F
:1060C00013404B43E2187B6BD3181A685B683A6144
:1060D0007B613B69013303D17B69013300D113E05C
:1060E000504B1B8801339AB24E4B1A804E4B1B68A3
:1060F00008331A004C4B1A607B6B08337B637A6B56
:1061000080231B019A428CD3454B1B78FB63444B85
:106110001B783B62D0E03D4B1A68C0239B041340C0
:106120000ED03A4B1A68C0239B041A4080235B04AC
:106130009A420BD1364B1A6880239B03134005D13A
:10614000344B1B689B02344A134005E0314B1B68FB
:106150009B025B08314A1340F722D202190010005B
:10616000EAF77EF80B00DB0AFA6BD31A0733072233
:1061700013401C00254B1A68C0239B0413400ED00B
:10618000224B1A68C0239B041A4080235B049A4266
:106190000BD11F4B1A6880239B03134005D11D4B65
:1061A0001B689B021C4A134005E01A4B1B689B02AC
:1061B0005B081A4A1340F722D20219001000EAF7CE
:1061C0004FF80B00DB0AE318FB63FB6B80225202E3
:1061D00094466344DC020D4B1A68C0239B041340B1
:1061E0000ED00A4B1A68C0239B041A4080235B041C
:1061F0009A421BD1064B1A6880239B03134015D18A
:10620000044B1B689B02044A134015E00075FF1FF6
:1062100020200240E075FF1F00FC0F0000FE070079
:106220009E2B00209C2B0020CC010020C44B1B681F
:106230009B025B08C34A13401900F723D802E9F711
:1062400089FF03001900C04B1A68C0239B04134048
:106250000ED0BD4B1A68C0239B041A4080235B04F8
:106260009A420BD1B94B1A6880239B03134005D186
:10627000B34B1B689B02B64A134005E0B04B1B684A
:106280009B025B08AF4A13404B43E3181A257C1965
:10629000180002F029F8030023707B191B78032BE8
:1062A00008D1AC4B1B88FC339AB2AA4B1A80FB6B0B
:1062B0003B6201E00A23FFE1A34B1A68C0239B0461
:1062C00013400ED0A04B1A68C0239B041A408023B1
:1062D0005B049A420BD19D4B1A6880239B031340A9
:1062E00005D1974B1B689B02994A134005E0944BDC
:1062F0001B689B025B08934A1340F722D2021900E5
:106300001000E9F7ADFF0B00DB0AFA6B9A422DD0C3
:106310008D4B1A68C0239B0413400ED08A4B1A6819
:10632000C0239B041A4080235B049A420BD1874B05
:106330001A6880239B03134005D1814B1B689B0285
:10634000834A134005E07E4B1B689B025B087D4A35
:106350001340F722D20219001000E9F781FF0B0069
:10636000DB0A0433FA6B9A4200D0D4E67A4B1B78EE
:106370001C00754B1A68C0239B0413400ED0724B4F
:106380001A68C0239B041A4080235B049A420BD1F5
:106390006E4B1A6880239B03134005D1684B1B6822
:1063A0009B026B4A134005E0654B1B689B025B0830
:1063B000644A1340F722D20219001000E9F750FF97
:1063C0000B00DB0AE31A0133072213401C005E4B6B
:1063D0001A68C0239B0413400ED05B4B1A68C0237D
:1063E0009B041A4080235B049A420BD1574B1A68D6
:1063F00080239B03134005D1514B1B689B02544AD9
:10640000134005E04E4B1B689B025B084D4A13404E
:10641000F722D20219001000E9F722FF0B00DB0A75
:10642000E318FB63FB6B8022520294466344DC0258
:10643000454B1A68C0239B0413400ED0424B1A6888
:10644000C0239B041A4080235B049A420BD13F4B2C
:106450001A6880239B03134005D1394B1B689B02AC
:106460003B4A134005E0364B1B689B025B08354AEC
:1064700013401900F723D802E9F76CFE0300190056
:10648000314B1A68C0239B0413400ED02E4B1A6860
:10649000C0239B041A4080235B049A420BD12B4BF0
:1064A0001A6880239B03134005D1254B1B689B0270
:1064B000274A134005E0224B1B689B025B08214AD8
:1064C00013404B43E318BB63D9E0FB1D1B78002B43
:1064D00008D1FB6B0121180001F0A6FF031E14D0A8
:1064E0000123E9E080231A01BB6B1100180000F0C2
:1064F000B4FD0300102B08D1FB6B0121180001F043
:1065000093FF031E01D00123D6E00F4B1A68C0236E
:106510009B0413400ED00C4B1A68C0239B041A40F6
:1065200080235B049A4219D1084B1A6880239B038D
:10653000134013D1024B1B689B02054A134013E022
:10654000E075FF1F00FE07000075FF1F20200240BE
:1065500000FC0F009C2B00209E2B0020584B1B683A
:106560009B025B08574A1340F722D2021900100021
:10657000E9F776FE0B00DB0AFA6BD31A0133072228
:1065800013401C00504B1A68C0239B0413400ED0CC
:106590004D4B1A68C0239B041A4080235B049A4227
:1065A0000BD14A4B1A6880239B03134005D1444BFF
:1065B0001B689B02464A134005E0414B1B689B0247
:1065C0005B08404A1340F722D20219001000E9F795
:1065D00047FE0B00DB0AE318FB63FB6B80225202D1
:1065E00094466344DC02384B1A68C0239B04134072
:1065F0000ED0354B1A68C0239B041A4080235B04DD
:106600009A420BD1314B1A6880239B03134005D16A
:106610002B4B1B689B022E4A134005E0284B1B683E
:106620009B025B08274A13401900F723D802E9F7B9
:1066300091FD03001900244B1A68C0239B041340EA
:106640000ED0214B1A68C0239B041A4080235B04A0
:106650009A420BD11D4B1A6880239B03134005D12E
:10666000174B1B689B021A4A134005E0144B1B682A
:106670009B025B08134A13404B43E318BB63FA6B5E
:106680003B6A9A4200D020E701F05EFFFB69002BD5
:1066900011D10E257C190021002001F09DFB030083
:1066A00023807B191B88002B05D07B191B88122B9C
:1066B00001D0022300E000231800BD4610B0B0BD99
:1066C000E075FF1F00FE07000075FF1F202002403D
:1066D00000FC0F0090B585B000AF0200FB1D1A70E2
:1066E0000023FB6001F07EFF031E01D00E2331E189
:1066F0009A4B1A68C0239B0413400ED0974B1A681C
:10670000C0239B041A4080235B049A420BD1944B14
:106710001A6880239B03134005D1924B1B689B0290
:10672000914A134005E08F4B1B689B025B088F4A20
:106730001340F722D20219001000E9F791FD0B0077
:10674000DB0AFB6072E0FB1D1B78002B08D1FB68A5
:106750000121180001F068FE031E64D00123F9E056
:10676000FB688022520294466344DC027B4B1A6829
:10677000C0239B0413400ED0784B1A68C0239B049F
:106780001A4080235B049A420BD1754B1A68802310
:106790009B03134005D1734B1B689B02724A134045
:1067A00005E0704B1B689B025B08704A13401900A0
:1067B000F723D802E9F7CEFC03001900674B1A68EB
:1067C000C0239B0413400ED0644B1A68C0239B0463
:1067D0001A4080235B049A420BD1614B1A688023D4
:1067E0009B03134005D15F4B1B689B025E4A13401D
:1067F00005E05C4B1B689B025B085C4A13404B4303
:10680000E318802212011100180000F026FC03009A
:10681000102B08D1FB680121180001F005FE031EB2
:1068200001D0012396E0FB680133FB604B4B1A68F3
:10683000C0239B0413400ED0484B1A68C0239B040E
:106840001A4080235B049A420BD1454B1A6880237F
:106850009B03134005D1434B1B689B02424A1340E4
:1068600005E0404B1B689B025B08404A1340F7223F
:10687000D20219001000E9F7F3FC0B00DB0A083321
:10688000FA689A4200D25EE701F05EFE334B1A6866
:10689000C0239B0413400ED0304B1A68C0239B04C6
:1068A0001A4080235B049A420BD12D4B1A68802337
:1068B0009B03134005D12B4B1B689B022A4A1340B4
:1068C00005E0284B1B689B025B08284A1340F7220F
:1068D000D20219001000E9F7C3FC0B00DB0A022109
:1068E000180001F04FFB031E01D0022332E0204BC1
:1068F00000221A80194B1A68C0239B0413400ED043
:10690000164B1A68C0239B041A4080235B049A42EA
:106910000BD1134B1A6880239B03134005D1114BF5
:106920001B689B02104A134005E00E4B1B689B023C
:106930005B080E4A1340F722D20219001000E9F753
:106940008FFC0B00DB0ADAB20A4B1A700A4B2022CA
:106950001A6000231800BD4605B090BD0075FF1FEA
:1069600020200240E075FF1F00FC0F0000FE070022
:106970009C2B00209E2B0020CC010020B0B584B0C1
:1069800000AF02003960BB1D1A80BB1D1B88002BA5
:106990001CD0BB1D1B88104A934217D00023BB603C
:1069A0000E257B1900221A807C190823FA18BB1DBA
:1069B0001B881100180000F087F903002380BB68D2
:1069C0009AB23B681A807B191B8800E008231800E4
:1069D000BD4604B0B0BDC046FFFF000080B582B028
:1069E00000AF0200BB1D1A803B1D0A1C1A80BB1D94
:1069F0001B88002B0ED0BB1D1B88094A934209D06F
:106A00003B1D1A88BB1D1B881100180000F0FCFA02
:106A1000030000E008231800BD4602B080BDC04658
:106A2000FFFF000090B587B000AF00237B6100231B
:106A30003B610023FB600023BB60FB1D05221A7035
:106A4000BB1D05221A709B4B1A68C0239B04134080
:106A50000ED0984B1A68C0239B041A4080235B0415
:106A60009A420BD1944B1A6880239B03134005D1A3
:106A7000924B1B689B02924A134005E08F4B1B68A8
:106A80009B025B088F4A1340F722D20219001000C4
:106A9000E9F7E6FB0B00DB0A7B61D8E07B6980222B
:106AA000520294466344DC02824B1A68C0239B0462
:106AB00013400ED07F4B1A68C0239B041A408023DA
:106AC0005B049A420BD17C4B1A6880239B031340D2
:106AD00005D17A4B1B689B02794A134005E0774B3E
:106AE0001B689B025B08774A13401900F723D80202
:106AF000E9F730FB030019006E4B1A68C0239B04B2
:106B000013400ED06B4B1A68C0239B041A4080239D
:106B10005B049A420BD1684B1A6880239B03134095
:106B200005D1664B1B689B02654A134005E0634B29
:106B30001B689B025B08634A13404B43E318FB60EE
:106B4000FC1DFB68180001F0CFFB03002370FB1D48
:106B50001B78042B00D077E07B6901333B6161E057
:106B60003B698022520294466344DC02514B1A680E
:106B7000C0239B0413400ED04E4B1A68C0239B04C5
:106B80001A4080235B049A420BD14B4B1A68802336
:106B90009B03134005D1494B1B689B02484A134095
:106BA00005E0464B1B689B025B08464A13401900F0
:106BB000F723D802E9F7CEFA030019003D4B1A6813
:106BC000C0239B0413400ED03A4B1A68C0239B0489
:106BD0001A4080235B049A420BD1374B1A688023FA
:106BE0009B03134005D1354B1B689B02344A13406D
:106BF00005E0324B1B689B025B08324A13404B4353
:106C0000E318BB60BC1DBB68180001F06DFB0300FE
:106C10002370BB1D1B78042B01D0052346E03B6984
:106C200001333B617B6904333A699A4298D37B69AB
:106C30000421180001F0F8FB031E01D0012335E008
:106C400001F082FC002331E07B6904337B61194B46
:106C50001A68C0239B0413400ED0164B1A68C02339
:106C60009B041A4080235B049A420BD1124B1A6892
:106C700080239B03134005D1104B1B689B02104AD5
:106C8000134005E00D4B1B689B025B080D4A134047
:106C9000F722D20219001000E9F7E2FA0B00DB0A32
:106CA00008337A699A4200D2F8E605231800BD46F7
:106CB00007B090BD0075FF1F20200240E075FF1F48
:106CC00000FC0F0000FE0700F0B58FB000AF02001F
:106CD00039611623FB181A80002200233A627B6276
:106CE00000237B6300233B630023FB620023FB61E3
:106CF0001B2310229B18DB1905221A70002000F0BC
:106D0000D3F903007B637B6B013301D103236CE177
:106D10007B6B8022520294466344DE02B54B1A68B4
:106D2000C0239B0413400ED0B24B1A68C0239B04AF
:106D30001A4080235B049A420BD1AF4B1A68802320
:106D40009B03134005D1AD4B1B689B02AC4A13401B
:106D500005E0AA4B1B689B025B08AA4A1340190076
:106D6000F723D802E9F7F6F903001900A14B1A68D6
:106D7000C0239B0413400ED09E4B1A68C0239B0473
:106D80001A4080235B049A420BD19B4B1A688023E4
:106D90009B03134005D1994B1B689B02984A1340F3
:106DA00005E0964B1B689B025B08964A13404B43D9
:106DB000F3183B631B2310229B18DE193B6B180052
:106DC00001F092FA03003370FAE0FF23DB00FB626C
:106DD0003DE03A6BFB6AD3181A685B683A627B62E3
:106DE0003B6A013302D17B6A01332DD03A6A7B6A58
:106DF000131C9BB21622BA1812889A4224D17B6ABD
:106E00001B00BB600023FB60B8683A6A7B6A131CF6
:106E10009BB2190001F0D2FA0300FB617B6A1B04EC
:106E20003A6A140C1C437B6A1D0CA3B21A00FB695E
:106E3000934209D17B6A1B003B6000237B603A6868
:106E40003B691A600023D0E0FB6A083BFB62FB6AE7
:106E50001F2BBED8674B1A68C0239B0413400ED06B
:106E6000644B1A68C0239B041A4080235B049A4237
:106E70000BD1614B1A6880239B03134005D15F4BF4
:106E80001B689B025E4A134005E05C4B1B689B023B
:106E90005B085C4A1340F722D20219001000E9F7A0
:106EA000DFF90B00DB0A7A6BD31A07330722134092
:106EB0001E00504B1A68C0239B0413400ED04D4B4C
:106EC0001A68C0239B041A4080235B049A420BD1AA
:106ED000494B1A6880239B03134005D1474B1B681D
:106EE0009B02474A134005E0444B1B689B025B082A
:106EF000444A1340F722D20219001000E9F7B0F912
:106F00000B00DB0AF3187B637B6B802252029446F2
:106F10006344DE02374B1A68C0239B0413400ED033
:106F2000344B1A68C0239B041A4080235B049A42A6
:106F30000BD1314B1A6880239B03134005D12F4B93
:106F40001B689B022E4A134005E02C4B1B689B02DA
:106F50005B082C4A13401900F723D802E9F7FAF826
:106F600003001900234B1A68C0239B0413400ED062
:106F7000204B1A68C0239B041A4080235B049A426A
:106F80000BD11D4B1A6880239B03134005D11B4B6B
:106F90001B689B021A4A134005E0184B1B689B02B2
:106FA0005B08184A13404B43F3183B631B23102222
:106FB0009B18DE193B6B180001F096F90300337043
:106FC0001B2210215318DB191B78022B00D1FCE681
:106FD0005318DB191B78032B00D1F6E65318DB1985
:106FE0001B78042B00D1F0E607231800BD460FB034
:106FF000F0BDC0460075FF1F20200240E075FF1F56
:1070000000FC0F0000FE0700B0B584B000AF020026
:107010003960BB1D1A800E257B1900221A807C194D
:107020003A68BB1D1B881100180000F0D5FE030054
:1070300023807B191B88122B08D13968BB1D1B8844
:107040000022180000F052FA030002E00E23FB18A1
:107050001B881800BD4604B0B0BD80B584B000AF39
:10706000786039600E23FB1811221A800023BB6060
:107070000FE07A68BB68D3181A685B68511C01D1AD
:10708000013303D00E23FB1810221A80BB6808338B
:10709000BB60BA683B689A42EBD30E23FB181B888F
:1070A0001800BD4604B080BD90B587B000AF0200A7
:1070B000FB1D1A701723FB1805221A701623FB18E4
:1070C00005221A7000233B610023FB600023BB6094
:1070D000CB4B1B783B613B69802252029446634450
:1070E000DC02C84B1A68C0239B0413400ED0C54B6A
:1070F0001A68C0239B041A4080235B049A420BD178
:10710000C14B1A6880239B03134005D1BF4B1B68FA
:107110009B02BF4A134005E0BC4B1B689B025B0807
:10712000BC4A13401900F723D802E9F713F803000B
:107130001900B44B1A68C0239B0413400ED0B14B06
:107140001A68C0239B041A4080235B049A420BD127
:10715000AD4B1A6880239B03134005D1AB4B1B68D2
:107160009B02AB4A134005E0A84B1B689B025B08DF
:10717000A84A13404B43E3181722BC18180001F02B
:10718000B3F8030023709F4B1A68C0239B0413407D
:107190000ED09C4B1A68C0239B041A4080235B04CA
:1071A0009A420BD1984B1A6880239B03134005D158
:1071B000964B1B689B02964A134005E0934B1B6855
:1071C0009B025B08934A1340F722D2021900100079
:1071D000E9F746F80B00DB0A3A69D31A01330722B4
:1071E00013401C00874B1A68C0239B0413400ED029
:1071F000844B1A68C0239B041A4080235B049A4284
:107200000BD1814B1A6880239B03134005D17F4B20
:107210001B689B027E4A134005E07C4B1B689B0267
:107220005B087C4A1340F722D20219001000E9F7EC
:1072300017F80B00DB0AE318FB60FB6880225202A0
:1072400094466344DC026F4B1A68C0239B041340CE
:107250000ED06C4B1A68C0239B041A4080235B0439
:107260009A420BD1684B1A6880239B03134005D1C7
:10727000664B1B689B02664A134005E0634B1B6824
:107280009B025B08634A13401900F723D802E8F712
:1072900061FF030019005B4B1A68C0239B04134075
:1072A0000ED0584B1A68C0239B041A4080235B04FD
:1072B0009A420BD1544B1A6880239B03134005D18B
:1072C000524B1B689B02524A134005E04F4B1B6810
:1072D0009B025B084F4A13404B43E3181622BC182D
:1072E000180001F001F803002370464B1A68C02310
:1072F0009B0413400ED0434B1A68C0239B041A40D2
:1073000080235B049A420BD13F4B1A6880239B0376
:10731000134005D13D4B1B689B023D4A134005E0DD
:107320003A4B1B689B025B083A4A1340F722D20291
:1073300019001000E8F794FF0B00DB0A3A69D31A32
:107340000733072213401C002E4B1A68C0239B04EE
:1073500013400ED02B4B1A68C0239B041A40802385
:107360005B049A420BD1284B1A6880239B0313407D
:1073700005D1264B1B689B02254A134005E0234B91
:107380001B689B025B08234A1340F722D2021900B4
:107390001000E8F765FF0B00DB0AE318BB60FB1D7C
:1073A0001B78022B00D18EE000DD96E0002B00D18F
:1073B00078E0012B00D090E01723FB181B78022BFC
:1073C0003BD1154B1A6880231B019A4201D23B69BD
:1073D00085E01623FB181B78042B06D1FFF722FB50
:1073E000031E02D001235B4279E03B6903211800B0
:1073F00000F0C8FD031E11D001235B426FE0C046C0
:107400009E2B00200075FF1F20200240E075FF1F0B
:1074100000FC0F0000FE0700CC010020FB680221E9
:10742000180000F0AFFD031E02D001235B4256E0BE
:107430002D4B20221A60FB6851E01723FB181B78A4
:10744000012B2CD1284B1A6880231B019A4201D2B0
:107450003B6944E01623FB181B78042B06D1FFF789
:10746000E1FA031E02D001235B4238E03B690321AD
:10747000180000F087FD031E02D001235B422EE0BE
:10748000FB680121180000F07DFD031E02D00123DE
:107490005B4224E0144B20221A60FB681FE00123AA
:1074A0005B421CE01723FB181B78022B01D13B69C0
:1074B00015E01723FB181B78012B01D1BB680EE0E8
:1074C00001235B420BE01623FB181B78002B01D134
:1074D000FB6804E001235B4201E001235B421800EA
:1074E000BD4607B090BDC046CC010020B0B58AB003
:1074F00000AF39601100BB1D021C1A807B1D0A1CE5
:107500001A702723FB1805221A700023BB61002381
:107510003B620023FB61002200233A617B610E2362
:10752000FB1800221A800023BB607B1D1B78002BF8
:1075300001D1022300E001231800FFF7B5FD03008D
:107540003B623B6A013302D1042300F032FCCC4B96
:1075500000221A803B6ADAB2CA4B1A70CA4B202248
:107560001A607B1D1B78002B09D13B6A0121180092
:1075700000F008FD031E02D0022300F01AFCC34BEA
:107580001A68C0239B0413400ED0C04B1A68C02356
:107590009B041A4080235B049A420BD1BC4B1A68AF
:1075A00080239B03134005D1BA4B1B689B02BA4A48
:1075B000134005E0B74B1B689B025B08B74A1340BA
:1075C000F722D20219001000E8F74AFE0B00DB0A8E
:1075D0003A6AD31A0733072213401C00AB4B1A68D0
:1075E000C0239B0413400ED0A84B1A68C0239B04F1
:1075F0001A4080235B049A420BD1A54B1A68802362
:107600009B03134005D1A34B1B689B02A24A134066
:1076100005E0A04B1B689B025B08A04A1340F722C1
:10762000D20219001000E8F71BFE0B00DB0AE3187A
:107630003B623B6A8022520294466344DC02934BD5
:107640001A68C0239B0413400ED0904B1A68C023C5
:107650009B041A4080235B049A420BD18C4B1A681E
:1076600080239B03134005D18A4B1B689B028A4AE7
:10767000134005E0874B1B689B025B08874A134059
:107680001900F723D802E8F765FD030019007F4BC6
:107690001A68C0239B0413400ED07C4B1A68C02389
:1076A0009B041A4080235B049A420BD1784B1A68E2
:1076B00080239B03134005D1764B1B689B02764ABF
:1076C000134005E0734B1B689B025B08734A134031
:1076D0004B43E318BB6127257C19BB69180000F0F8
:1076E00003FE030023707B191B78022B04D07B1947
:1076F0001B78042B00D0A1E12723FB181B78022B59
:1077000009D13B6A0421180000F03CFC031E02D0A2
:10771000022300F04EFB5D4B1A68C0239B0413400C
:107720000ED05A4B1A68C0239B041A4080235B0476
:107730009A420BD1564B1A6880239B03134005D104
:10774000544B1B689B02544A134005E0514B1B6885
:107750009B025B08514A1340F722D2021900100025
:10776000E8F77EFD0B00DB0A3A6AD31A07330722DB
:1077700013401C00454B1A68C0239B0413400ED0D5
:10778000424B1A68C0239B041A4080235B049A4230
:107790000BD13F4B1A6880239B03134005D13D4B0F
:1077A0001B689B023C4A134005E03A4B1B689B0256
:1077B0005B083A4A1340F722D20219001000E8F79A
:1077C0004FFD0B00DB0AE3183B623B6A802252024A
:1077D00094466344DC022D4B1A68C0239B0413407B
:1077E0000ED02A4B1A68C0239B041A4080235B04E6
:1077F0009A420BD1264B1A6880239B03134005D174
:10780000244B1B689B02244A134005E0214B1B6854
:107810009B025B08214A13401900F723D802E8F7BE
:1078200099FC03001900194B1A68C0239B041340EC
:107830000ED0164B1A68C0239B041A4080235B04A9
:107840009A420BD1124B1A6880239B03134005D137
:10785000104B1B689B02104A134005E00D4B1B6840
:107860009B025B080D4A13404B43E318BB6127237F
:10787000FC18BB69180000F037FD03002370D1E04D
:107880009C2B00209E2B0020CC0100200075FF1FA8
:1078900020200240E075FF1F00FC0F0000FE0700E3
:1078A0002723FB181B78032B08D13B6A04211800FF
:1078B00000F068FB031E01D002237AE2CA4B1A686B
:1078C000C0239B0413400ED0C74B1A68C0239B04EF
:1078D0001A4080235B049A420BD1C44B1A68802360
:1078E0009B03134005D1C24B1B689B02C14A134046
:1078F00005E0BF4B1B689B025B08BF4A1340F722A1
:10790000D20219001000E8F7ABFC0B00DB0A3A6A60
:10791000D31A0733072213401C00B34B1A68C02345
:107920009B0413400ED0B04B1A68C0239B041A402E
:1079300080235B049A420BD1AC4B1A6880239B03D3
:10794000134005D1AA4B1B689B02AA4A134005E0CD
:10795000A74B1B689B025B08A74A1340F722D20281
:1079600019001000E8F77CFC0B00DB0AE3183B620F
:107970003B6A8022520294466344DC029A4B1A68A6
:10798000C0239B0413400ED0974B1A68C0239B045E
:107990001A4080235B049A420BD1944B1A688023CF
:1079A0009B03134005D1924B1B689B02914A1340E5
:1079B00005E08F4B1B689B025B088F4A1340190040
:1079C000F723D802E8F7C6FB03001900864B1A68B4
:1079D000C0239B0413400ED0834B1A68C0239B0422
:1079E0001A4080235B049A420BD1804B1A68802393
:1079F0009B03134005D17E4B1B689B027D4A1340BD
:107A000005E07B4B1B689B025B087B4A13404B43A2
:107A1000E318BB612723FC18BB69180000F064FC65
:107A2000030023702722BB181B78032B00D137E7F4
:107A3000BB181B78042B00D132E70AE07B1D1B78B2
:107A4000012B04D12723FB181B78032B01D00A2319
:107A5000AFE17B1D1B78012B00D050E12023FB619F
:107A60006DE0664B1B788022520294466344DC0230
:107A70005D4B1A68C0239B0413400ED05A4B1A6802
:107A8000C0239B041A4080235B049A420BD1574BBE
:107A90001A6880239B03134005D1554B1B689B023A
:107AA000544A134005E0524B1B689B025B08524A44
:107AB00013401900F723D802E8F74CFB0300190024
:107AC000494B1A68C0239B0413400ED0464B1A68DA
:107AD000C0239B041A4080235B049A420BD1434B82
:107AE0001A6880239B03134005D1414B1B689B02FE
:107AF000404A134005E03E4B1B689B025B083E4A30
:107B000013404B43E218FB69D3181A685B683A616B
:107B10007B613B69013303D17B69013300D113E001
:107B2000374B1B8801339AB2354B1A80354B1B6893
:107B300008331A00334B1A60FB690833FB61FA699A
:107B400080231B019A428CD32C4B1B783B62002371
:107B5000FB61CEE0244B1A68C0239B0413400ED077
:107B6000214B1A68C0239B041A4080235B049A426D
:107B70000BD11E4B1A6880239B03134005D11C4B6D
:107B80001B689B021B4A134005E0194B1B689B02B4
:107B90005B08194A1340F722D20219001000E8F7D7
:107BA0005FFB0B00DB0A3A6AD31A07330722134044
:107BB0001C000D4B1A68C0239B0413400ED00A4BC7
:107BC0001A68C0239B041A4080235B049A421BD18D
:107BD000064B1A6880239B03134015D1044B1B6886
:107BE0009B02044A134015E00075FF1F202002404D
:107BF000E075FF1F00FC0F0000FE07009E2B002019
:107C00009C2B0020CC0100206C4B1B689B025B0866
:107C10006B4A1340F722D20219001000E8F720FB4C
:107C20000B00DB0AE3183B623B6A80225202944657
:107C30006344DC02634B1A68C0239B0413400ED0DC
:107C4000604B1A68C0239B041A4080235B049A424D
:107C50000BD15D4B1A6880239B03134005D1574B12
:107C60001B689B02594A134005E0544B1B689B025A
:107C70005B08534A13401900F723D802E8F76AFA61
:107C8000030019004F4B1A68C0239B0413400ED009
:107C90004C4B1A68C0239B041A4080235B049A4211
:107CA0000BD1494B1A6880239B03134005D1434BEA
:107CB0001B689B02454A134005E0404B1B689B0232
:107CC0005B083F4A13404B43E31827257C191800F3
:107CD00000F00AFB030023707B191B78032B0DD1E6
:107CE0003B4B1B88FC339AB2394B1A80FB6901333A
:107CF000FB61FB69072B00D82CE700E0C0463A681F
:107D0000BB1D1B881100180000F066F8031E01D08F
:107D100002234EE02E4B1B88022B03D92C4B1B88D1
:107D2000023B00E00123FB6132E0BB1D1B88FA69C6
:107D30009A422AD0FB699BB20E257C190822BA18F8
:107D400011001800FEF7C0FF0300238029007B18F4
:107D50001B88002B11D1FB699BB2BA680D007C18FF
:107D60001100180000F038F8030023807B191B88ED
:107D7000002B0AD07B191B881BE00E22BB181B8826
:107D8000072B02D0BB181B8813E0FB690133FB6192
:107D9000FA69FA239B009A42C7D90E4B1B7802213D
:107DA000180000F0EFF8031E01D0022301E0802349
:107DB0005B001800BD460AB0B0BDC046E075FF1FAD
:107DC00000FE07000075FF1F2020024000FC0F008E
:107DD0009C2B00209E2B0020F0B591B000AF03003B
:107DE000B9622E22BA1813800023FB635E4B1A88F7
:107DF000FC239B009A4201D31223B1E00120FFF73C
:107E000053F90300BB6300237B63BB6B013301D1D8
:107E10000323A5E0BB6B8022520294466344DE023A
:107E2000524B1A68C0239B0413400ED04F4B1A6864
:107E3000C0239B041A4080235B049A420BD14C4B15
:107E40001A6880239B03134005D14A4B1B689A0292
:107E5000494B134005E0474B1B689B025A08474BB0
:107E600013401900F723D802E8F774F9030019004A
:107E70003E4B1A68C0239B0413400ED03B4B1A683C
:107E8000C0239B041A4080235B049A420BD1384BD9
:107E90001A6880239B03134005D1364B1B689A0256
:107EA000354B134005E0334B1B689B025A08334B9C
:107EB00013404B43F3187B63BB6A002B07D12E237F
:107EC000FB181B88002B02D10023FB6309E02E2343
:107ED000FB181A88BB6A1100180000F06FFA030043
:107EE000FB63274B1A687B6BD118BB6ABB6100230D
:107EF000FB61BB691B007B6200233B62FB6B1B04C5
:107F00003B6100237B61386A3A697B691600304324
:107F10000400786A184305002E23FB181B889BB2C7
:107F2000BB600023FB60BA68FB6810002043386028
:107F30002B437B603A687B68080000F063FA031EFD
:107F400001D002230CE00E4B1B6808331A000C4BC7
:107F50001A60054B1B8801339AB2034B1A80002329
:107F60001800BD4611B0F0BD9C2B00200075FF1F0E
:107F700020200240E075FF1F00FC0F0000FE0700FC
:107F8000CC01002090B587B000AF78600A00FB1CE0
:107F90001A7000237B6100233B610023FB600023F8
:107FA000BB607B688022520294466344DC02C44B6F
:107FB0001A68C0239B0413400ED0C14B1A68C0231B
:107FC0009B041A4080235B049A420BD1BD4B1A6874
:107FD00080239B03134005D1BB4B1B689B02BB4A0C
:107FE000134005E0B84B1B689B025B08B84A13407E
:107FF0001900F723D802E8F7ADF803001900B04BD9
:108000001A68C0239B0413400ED0AD4B1A68C023DE
:108010009B041A4080235B049A420BD1A94B1A6837
:1080200080239B03134005D1A74B1B689B02A74AE3
:10803000134005E0A44B1B689B025B08A44A134055
:108040004B43E3187B617B68802252029446634471
:10805000DC029B4B1A68C0239B0413400ED0984B44
:108060001A68C0239B041A4080235B049A420BD1F8
:10807000944B1A6880239B03134005D1924B1B68D5
:108080009B02924A134005E08F4B1B689B025B08E2
:108090008F4A13401900F723D802E8F75BF8030072
:1080A0001900874B1A68C0239B0413400ED0844BE1
:1080B0001A68C0239B041A4080235B049A420BD1A8
:1080C000804B1A6880239B03134005D17E4B1B68AD
:1080D0009B027E4A134005E07B4B1B689B025B08BA
:1080E0007B4A13404B43E31808333B617B68802293
:1080F000520294466344DC02714B1A68C0239B040D
:1081000013400ED06E4B1A68C0239B041A40802384
:108110005B049A420BD16B4B1A6880239B0313407C
:1081200005D1694B1B689B02684A134005E0664B0A
:108130001B689B025B08664A13401900F723D802AC
:10814000E8F708F8030019005D4B1A68C0239B0488
:1081500013400ED05A4B1A68C0239B041A40802348
:108160005B049A420BD1574B1A6880239B03134040
:1081700005D1554B1B689B02544A134005E0524BF6
:108180001B689B025B08524A13404B43E3181033B1
:10819000FB607B688022520294466344DC02484BB9
:1081A0001A68C0239B0413400ED0454B1A68C023A5
:1081B0009B041A4080235B049A420BD1414B1A68FE
:1081C00080239B03134005D13F4B1B689B023F4A12
:1081D000134005E03C4B1B689B025B083C4A134084
:1081E0001900F723D802E7F7B5FF03001900344B55
:1081F0001A68C0239B0413400ED0314B1A68C02369
:108200009B041A4080235B049A420BD12D4B1A68C1
:1082100080239B03134005D12B4B1B689B022B4AE9
:10822000134005E0284B1B689B025B08284A13405B
:108230004B43E3181833BB60FB1C1B78042B30D076
:1082400039DC032B23D036DC012B02D0022B0FD0DC
:1082500031E0204A1F4B7969080000F0D3F8031E73
:1082600001D002233CE07B68DAB21B4B1A7036E087
:10827000184A184B3969080000F0C4F8031E01D0F1
:1082800002232DE07B68DAB2134B1A7027E0114A03
:10829000104BF968080000F0B5F8031E0DD002235A
:1082A0001EE00C4A0B4BB968080000F0ABF8031E47
:1082B00014D0022314E0C04611E0C0460FE0C046CF
:1082C0000075FF1F20200240E075FF1F00FC0F001B
:1082D00000FE0700AAAAAAAA9E2B0020C0460023DF
:1082E0001800BD4607B090BD80B58AB000AF786079
:1082F000002200233A627B6200220023BA61FB6104
:10830000002200233A617B6100220023BA60FB60F7
:108310007B681A685B683A627B627B6808331A681C
:108320005B68BA61FB617B6810331A685B683A610D
:108330007B617B6818331A685B68BA60FB60BB6856
:10834000013302D1FB68013301D0042318E03B69FB
:10835000013302D17B69013301D0032310E0BB69F3
:10836000013302D1FB69013301D0022308E03B6AEB
:10837000013302D17B6A013301D0012300E00023E5
:108380001800BD460AB080BD80B500AF80235B01F8
:108390001800FCF74FFD074A074B11001800FCF7C7
:1083A00015FD054B08211800FCF7FEFCC046BD4634
:1083B00080BDC046058000000030024080B582B01C
:1083C00000AF78600A00BB1C1A800D4B1800FCF748
:1083D000DDFC7B680A4A19001000FCF703FDBB1C9A
:1083E0001B88074A19001000FCF708FD044B180011
:1083F000FCF715FD03001800BD4602B080BDC04665
:108400000030024080B584B000AFF8603A607B6015
:108410003A687B68F968012005F0DEFB030018006C
:10842000BD4604B080BD000090B58BB000AF786051
:108430000A00BB1C1A802623FB1800221A80002386
:10844000FB607B688022520294466344DC02394B15
:108450001A68C0239B0413400ED0364B1A68C02301
:108460009B041A4080235B049A420BD1324B1A685A
:1084700080239B03134005D1304B1B689B02304A7D
:10848000134005E02D4B1B689B025B082D4A1340EF
:108490001900F723D802E7F75DFE03001900254B0A
:1084A0001A68C0239B0413400ED0224B1A68C023C5
:1084B0009B041A4080235B049A420BD11E4B1A681E
:1084C00080239B03134005D11C4B1B689B021C4A55
:1084D000134005E0194B1B689B025B08194A1340C7
:1084E0004B43E318180000F035F803003B621021FD
:1084F0007B183A6A5A607B1802221A60BB1C1A88E1
:108500007B18DA607B187A689A600C23FA187B185B
:108510001100180005F062FC031E03D02623FB188F
:1085200001221A802623FB181B881800BD460BB0B9
:1085300090BDC0460075FF1F20200240E075FF1F60
:1085400000FC0F0000FE070080B500AFC046BD462E
:1085500080BD000080B584B000AF78600023FB6070
:108560001B4B1A68C0239B0413400ED0184B1A688B
:10857000C0239B041A4080235B049A420FD1154B01
:108580001A6880239B03134009D1134B1B689B027D
:10859000124A1340802212059446634409E00E4BB0
:1085A0001B689B025B080E4A13408022120594460A
:1085B00063447A68934202D90423FB6002E080237B
:1085C0001B02FB60FB681800BD4604B080BDC046BE
:1085D0000075FF1F20200240E075FF1F00FC0F0008
:1085E00000FE070080B582B000AFBB1D00221A80DC
:1085F000BB1D1B881800BD4602B080BD80B582B08F
:1086000000AFEFF305837B607B685A1E9341DBB2BA
:108610001800BD4602B080BD80B500AF01F0A0FDDE
:1086200000231800BD4680BD80B584B000AF7860DF
:108630007B68FB60FB68002B01D0FB6800E0012336
:10864000180001F065FC00231800BD4604B080BD91
:1086500080B584B000AF786039603B68012B11D1E0
:1086600003220021012000F052FE0300FB60FB68A2
:10867000002B05D0F86800230022002100F0AFFE97
:10868000FB6806E03B683A681100180000F08FFEB6
:1086900003001800BD4604B080BD000080B584B062
:1086A00000AF786039600023BB607B68002B01D18C
:1086B000802336E00023FB603B68013303D10123B4
:1086C0005B42FB6009E03B68002B06D03B68FB6027
:1086D000FB68002B01D10123FB60FFF78FFF031E16
:1086E00013D00823FA187B680021180001F0FAF86B
:1086F0000300012B01D0FF2313E0BB68002B0FD038
:108700000A4B802252051A600AE0FA687B68110061
:10871000180001F02BF80300012B01D0FF2300E02B
:1087200000231800BD4604B080BDC04604ED00E043
:1087300080B584B000AF78600023FB600023BB608D
:10874000FFF75CFF031E13D00823FA187B681100A3
:10875000180000F02CFF0300012B01D0FF2313E0D1
:10876000BB68002B0FD00A4B802252051A600AE02A
:10877000786800230022002100F031FE0300012B65
:1087800001D0FF23FB60FB681800BD4604B080BD2C
:1087900004ED00E080B500AF02F018FA0300012BF1
:1087A00001D000F091FBC046BD4680BD80B584B0CD
:1087B00000AF78600023FB60082000F0C1FB0300DD
:1087C000BB60BB68002B12D000F02AFBBB687A6844
:1087D0001A60BB6800225A60074B1B68BA685A606F
:1087E000054BBA681A6000F02DFB0123FB60FB68A3
:1087F0001800BD4604B080BDD801002080B588B007
:1088000000AFF860B9607A600123FB613E4B1B68E2
:10881000002B46D13C4B3D4A1A603CE03A4B1B686A
:108820001B681B68BB61BB691800E7F777FC030096
:108830007B61FA687B69D3181B785BB2202B06D06A
:10884000FA687B69D3181B785BB2002B1ED17A695A
:10885000B969FB6818000BF00DF9031E16D12A4BFD
:108860001B681B681B7B5BB2002B19DBFB681800C5
:1088700000F062F903001A00234B1B681B681B7B86
:108880005BB29A420CD00023FB6109E01E4B1B68CF
:108890005A681D4B1A601C4B1B68002BBED100E0B0
:1088A000C046194B1B68002B0CD0FB69002B09D16B
:1088B0007A681749BB6818000BF0EDF8124B0022DC
:1088C0001A601CE0104B1B68002B10D00E4B1B686D
:1088D0001B689B68FA687968B86898470300FB6171
:1088E000FB69002B0BD1084B00221A6007E07A6865
:1088F0000849BB6818000BF0CEF80023FB61FB6948
:108900001800BD4608B080BD5C2E0020D0010020BC
:10891000DCB6020834B7020880B500AF014B18007E
:10892000BD4680BDF82B002080B586B000AFF86052
:10893000B9607A6000237B6100233B617B68002281
:108940001A6042E0FB680133FB60FB681B785BB296
:10895000002B08D0FB681B785BB2202BF2D102E021
:10896000FB680133FB60FB681B785BB2002B04D013
:10897000FB681B785BB2202BF2D0FB681B785BB2E4
:10898000002B27D07B6901337B617A69BB689A42EF
:108990001BD1FB683B6107E07B681B685A1C7B6846
:1089A0001A60FB680133FB60FB681B785BB2002B2D
:1089B00004D0FB681B785BB2202BEDD17B681B6871
:1089C000002B09D100233B6106E07A69BB689A421B
:1089D000BBD302E0C04600E0C0463B691800BD467C
:1089E00006B080BD80B586B000AFF860B9607A602F
:1089F00000233B611023FA187B6801211800FFF760
:108A000093FF0200434B1A60424B1B68002B2BD094
:108A1000404B1B684049062218000BF02BF8031E40
:108A200022D13E4B1B78072B02D13C4B00221A70FF
:108A30003A4B1B785A1CD1B2384A11701A00384B85
:108A40009200D158BA68FB6818000BF024F8334B39
:108A50001B78072B05D100237B61304B00221A7055
:108A600052E001237B614FE02A4B1B68002B4BD166
:108A70002C4B1B68002B05D12A4B2B4A1A602B4B21
:108A800001221A70294B1A78294B1B789A421ED959
:108A9000FB6808331800234B1B681B685968BB68C8
:108AA000083B1A000AF0F7FFFB680133214A110066
:108AB00018000BF0DCF8FB6828221A70FB680633FC
:108AC00029221A70FB68073320221A7008E0154B20
:108AD0001B681B685968BA68FB6818000AF0DBFF5E
:108AE000104B1B685A680F4B1A60104B1B780133F0
:108AF000DAB20E4B1A700B4B1B68002B02D100230D
:108B00007B6101E001237B617B691800BD4606B0F3
:108B100080BDC046602E002084B70208642E00206D
:108B20004C000020682E0020D00100206C2E002078
:108B30003C0A0020DA88020880B584B000AF786073
:108B40000F23FB1800221A700023BB6018E07B681B
:108B50001B785BB2202B0ED1BB68012B0DD00F21EF
:108B60007B181B785BB2DBB20133DAB27B181A7068
:108B70000123BB6001E00023BB607B6801337B60A5
:108B80007B681B785BB2002BE1D1BB68012B08D15D
:108B90000F217B181B785BB2DBB2013BDAB27B188A
:108BA0001A700F23FB181B785BB21800BD4604B087
:108BB00080BD80B582B000AF78607B6808331A0052
:108BC0007B685A607B68012252429A607B68083356
:108BD0001A007B68DA607B6808331A007B681A61C8
:108BE0007B6800221A60C046BD4602B080BD80B5D9
:108BF00082B000AF78607B6800221A61C046BD4633
:108C000002B080BD80B584B000AF786039607B6809
:108C10005B68FB603B68FA685A60FB689A683B686F
:108C20009A60FB689B683A685A60FB683A689A6089
:108C30003B687A681A617B681B685A1C7B681A60FB
:108C4000C046BD4604B080BD80B584B000AF78603A
:108C500039603B681B68BB60BB68013303D17B682C
:108C60001B69FB600CE07B680833FB6002E0FB687B
:108C70005B68FB60FB685B681B68BA689A42F6D267
:108C8000FB685A683B685A603B685B683A689A6060
:108C90003B68FA689A60FB683A685A603B687A6891
:108CA0001A617B681B685A1C7B681A60C046BD4607
:108CB00004B080BD80B584B000AF78607B681B696C
:108CC000FB607B685B687A6892689A607B689B68E7
:108CD0007A6852685A60FB685B687A689A4203D186
:108CE0007B689A68FB685A607B6800221A61FB689F
:108CF0001B685A1EFB681A60FB681B681800BD469B
:108D000004B080BD80B584B000AFF860B9607A600F
:108D1000FB68043BFB60FB68802252041A60FB681E
:108D2000043BFB60BA68FB681A60FB68043BFB60AD
:108D3000084AFB681A60FB68143BFB607A68FB68B2
:108D40001A60FB68203BFB60FB681800BD4604B05E
:108D500080BDC046598D010880B582B000AF0023A8
:108D60007B6072B6C0467B68002BFCD0C046C04614
:108D7000BD4602B080BD80B500AFC046BD4680BDD7
:108D80000B4A13681868203080F30988022080F3AA
:108D90001488BFF36F8F3FBCAE4608BC04BC62B6FC
:108DA0001847C046C046C046C046C046C046C0463A
:108DB000608E0120C046C04680B500AF0E4B1A68D9
:108DC0000D4BFF2109040A431A600B4B1A680A4B2A
:108DD000FF2109060A431A6000F090F8074B0022B1
:108DE0001A60FFF7CDFF01F0DDFBFFF7B5FF0023B1
:108DF0001800BD4680BDC04620ED00E0DC0100202B
:108E000080B500AF054B802252051A60BFF34F8F2B
:108E1000BFF36F8FC046BD4680BDC04604ED00E085
:108E200080B500AF72B6064B1B685A1C044B1A6023
:108E3000BFF34F8FBFF36F8FC046BD4680BDC046A6
:108E4000DC01002080B500AF064B1B685A1E054BA5
:108E50001A60044B1B68002B00D162B6C046BD46A9
:108E600080BDC046DC010020EFF3108072B6704771
:108E7000C046180080F310887047C046000000000C
:108E8000EFF309800E4B1A6820381060F0C044469A
:108E90004D4656465F46F0C008B572B601F082FBFB
:108EA00062B60CBC116808681030F0C8A046A9462C
:108EB000B246BB4680F309882038F0C81847C04640
:108EC000608E0120C046C04680B582B000AFFFF77B
:108ED000CBFF03007B6001F0BDFA031E03D0064BFD
:108EE000802252051A607B681800FFF7C3FFC04656
:108EF000BD4602B080BDC04604ED00E080B500AFC5
:108F00000B4B00221A600B4B00221A600A4B1B68A5
:108F1000FA2291001800E7F71DF903001A00074B29
:108F2000013A1A60024B07221A60C046BD4680BD56
:108F300010E000E018E000E0C801002014E000E0CC
:108F400080B586B000AF78600023FB6001F042F985
:108F5000454B1B68002B01D100F0D2F8434B1B6836
:108F60007A68134000D072E07B68002B0CD0082296
:108F70007B689B187B607B680722134004D07B686A
:108F80000722934308337B607B68002B5FD0384B0C
:108F90001B687A689A425AD8364B3B61354B1B683E
:108FA0007B6104E07B693B617B691B687B617B695A
:108FB0005B687A689A4203D97B691B68002BF1D100
:108FC000294B1B687A699A4241D03B691B68082289
:108FD0009B18FB607B691A683B691A607B695A6859
:108FE0007B68D21A08235B009A4210D97A697B68A1
:108FF000D318BB607B695A687B68D21ABB685A6019
:109000007B697A685A60BB68180000F0D9F8184B81
:109010001A687B695B68D21A154B1A60144B1A6880
:10902000154B1B689A4203D2114B1A68124B1A60F7
:109030007B695A680D4B1B681A437B695A607B69D0
:1090400000221A600D4B1B685A1C0C4B1A6001F071
:10905000CDF8FB68002B01D1FAF7FCFCFB68180087
:10906000BD4606B080BDC046088E01201C8E012082
:109070000C8E0120008E0120108E0120148E012004
:1090800080B584B000AF78607B68FB607B68002BA4
:109090002CD008235B42FA68D318FB60FB68BB60E6
:1090A000BB685A68134B1B6813401FD0BB681B6812
:1090B000002B1BD1BB685A680E4B1B68DB431A4060
:1090C000BB685A6001F086F8BB685A680A4B1B6897
:1090D000D218094B1A60BB68180000F071F8074BF2
:1090E0001B685A1C054B1A6001F080F8C046BD464B
:1090F00004B080BD1C8E01200C8E0120188E012032
:1091000080B584B000AF274BBB60274BFB60FB688A
:10911000072213400CD0FB680733FB60FB68072273
:109120009343FB60BA68FB68D21A1F4BD318BB602D
:10913000FB687B601D4B7A681A601C4B00225A60EA
:109140007B68BA68D318FB600822FB689B1AFB6037
:10915000FB6807229343FB60FA68154B1A60144BB7
:109160001B6800225A60124B1B6800221A607B6841
:109170003B603B68FA68D21A3B685A600C4B1A682D
:109180003B681A603B685A680A4B1A603B685A6829
:10919000094B1A60094B802212061A60C046BD4670
:1091A00004B080BD905F0100702E0020008E012071
:1091B000088E0120108E01200C8E01201C8E0120B3
:1091C00080B584B000AF7860274BFB6002E0FB689D
:1091D0001B68FB60FB681B687A689A42F7D8FB68DB
:1091E000BB60FB685B68BA68D3187A689A4208D19A
:1091F000FB685A687B685B68D218FB685A60FB683A
:109200007B607B68BB607B685B68BA68D218FB6870
:109210001B689A4218D1FB681A68144B1B689A4263
:109220000DD07B685A68FB681B685B68D2187B6846
:109230005A60FB681B681A687B681A6008E00B4B71
:109240001A687B681A6003E0FB681A687B681A601A
:10925000FA687B689A4202D0FB687A681A60C04656
:10926000BD4604B080BDC046008E0120088E01209E
:1092700080B584B000AF786039607B68FB60FFF731
:10928000CFFDFB681A68FB68D96BFB681B6C4B430E
:10929000D218FB689A60FB6800229A63FB681A6820
:1092A000FB685A60FB681A68FB68DB6B591EFB6839
:1092B0001B6C4B43D218FB68DA60FB684422FF2129
:1092C0009954FB684522FF2199543B68002B0DD12E
:1092D000FB681B69002B13D0FB681033180001F0EA
:1092E0002FFA031E0CD0FFF78BFD09E0FB6810334B
:1092F0001800FFF75EFCFB6824331800FFF759FCE9
:10930000FFF7A0FD01231800BD4604B080BD90B555
:109310008BB002AFF860B960FB1D1A70FB68BA68C9
:109320005343FB61FB6950331800FFF709FE03004C
:10933000BB61BB69002B0ED0BB697B617B6950337D
:109340007B61FB1D1C787A69B968F868BB6900937A
:10935000230000F005F8BB691800BD4609B090BDB8
:1093600080B584B000AFF860B9607A601A00FB1C69
:109370001A70BB68002B03D1BB69BA691A6002E09E
:10938000BB697A681A60BB69FA68DA63BB69BA6854
:109390001A64BB6901211800FFF76AFFBB69FA1C58
:1093A0004C2112785A54C046BD4604B080BD80B5E9
:1093B00084B000AF786039607B6802220021180019
:1093C000FFF7A5FF0300FB60FB68002B02D0FB68E2
:1093D0003A689A63FB681800BD4604B080BD80B54A
:1093E0008AB000AFF860B9607A603B6000237B62AE
:1093F000FB683B62FFF714FD3B6A9A6B3B6ADB6BD1
:109400009A4202D33B68022B1ED13A68B9683B6A84
:10941000180000F0CDFA0300FB613B6A5B6A002B89
:1094200009D03B6A2433180001F08AF9031E07D0E3
:10943000FFF7E6FC04E0FB69002B01D0FFF7E0FC3E
:10944000FFF700FD01235BE07B68002B03D1FFF7F2
:10945000F9FC002354E07B6A002B06D11423FB188F
:10946000180001F0C5F901237B62FFF7EBFC00F067
:10947000B1FEFFF7D5FC3B6A44229B5C5BB2013333
:1094800003D13B6A4422002199543B6A45229B5CEC
:109490005BB2013303D13B6A452200219954FFF7A7
:1094A000D1FC3A1D1423FB181100180001F0B4F987
:1094B000031E1ED13B6A180000F07FFB031E11D073
:1094C0003B6A10337A681100180001F0FDF83B6A1E
:1094D000180000F0FEFA00F089FE031E8AD1FFF7A3
:1094E0008FFC87E73B6A180000F0F3FA00F07EFE7D
:1094F00080E73B6A180000F0ECFA00F077FE0023EA
:109500001800BD460AB080BD90B58BB000AFF860C2
:10951000B9607A603B60FB683B62FFF7A5FC030023
:10952000FB613B6A9A6B3B6ADB6B9A4202D33B68F6
:10953000022B31D11B243B193A6A4521525C1A7027
:109540003B6A9B6B7B613A68B9683B6A180000F024
:109550002FFA3B191B785BB2013311D13B6A5B6A6E
:10956000002B16D03B6A2433180001F0E9F8031EE3
:109570000FD07B68002B0CD07B6801221A6008E0BA
:109580001B23FB181B780133DBB259B23B6A45221F
:10959000995401237B6201E000237B62FB69180080
:1095A000FFF768FC7B6A1800BD460BB090BD80B524
:1095B00088B000AF786039607B68BB61FFF754FC0E
:1095C00003007B61BB699B6B3B61BB69DB6B3A69E9
:1095D0009A422CD20F203B18BA694521525C1A706E
:1095E0003B695A1CBB699A633B181B785BB2013319
:1095F00011D1BB695B6A002B16D0BB6924331800FC
:1096000001F09EF8031E0FD03B68002B0CD03B6886
:1096100001221A6008E00F23FB181B780133DBB22C
:1096200059B2BB69452299540123FB6101E0002333
:10963000FB617B691800FFF71DFCFB691800BD4644
:1096400008B080BD80B58AB000AFF860B9607A60BC
:1096500000237B62FB683B62FFF7E2FB3B6A9B6B8C
:10966000FB61FB69002B1AD0BA683B6A1100180035
:1096700000F009FAFB695A1E3B6A9A633B6A1B6950
:10968000002B08D03B6A1033180001F059F8031E74
:1096900001D0FFF7B5FBFFF7D5FB012362E07B6844
:1096A000002B03D1FFF7CEFB00235BE07B6A002B8E
:1096B00006D11423FB18180001F09AF801237B62ED
:1096C000FFF7C0FB00F086FDFFF7AAFB3B6A4422D0
:1096D0009B5C5BB2013303D13B6A44220021995465
:1096E0003B6A45229B5C5BB2013303D13B6A452256
:1096F00000219954FFF7A6FB3A1D1423FB18110013
:10970000180001F089F8031E1ED13B6A180000F012
:109710003EFA031E11D03B6A24337A681100180008
:1097200000F0D2FF3B6A180000F0D3F900F05EFDB4
:10973000031E91D1FFF764FB8EE73B6A180000F02F
:10974000C8F900F053FD87E73B6A180000F0C1F943
:1097500000F04CFD3B6A180000F019FA031E00D11E
:109760007AE700231800BD460AB080BD80B58AB0F4
:1097700000AF7860396000237B627B68FB61002367
:109780003B62FFF74DFBFB699B6BBB61BB69002B29
:109790001DD0BB695A1EFB699A63FB691B68002BCD
:1097A00004D101F09FFC0200FB699A60FB691B6910
:1097B000002B08D0FB691033180000F0C1FF031E16
:1097C00001D0FFF71DFBFFF73DFB012386E03B685F
:1097D000002B03D1FFF736FB00237FE07B6A002BD1
:1097E00006D10C23FB18180001F002F801237B625C
:1097F000FFF728FB00F0EEFCFFF712FBFB694422A9
:109800009B5C5BB2013303D1FB6944220021995474
:10981000FB6945229B5C5BB2013303D1FB694522A6
:1098200000219954FFF70EFB3A000C23FB1811009E
:10983000180000F0F1FF031E2ED1FB69180000F0A4
:10984000A6F9031E21D0FB691B68002B0AD1FFF784
:10985000E7FAFB699B68180001F0D4F903003B624A
:10986000FFF7F0FAFB6924333A681100180000F0A2
:109870002BFFFB69180000F02CF900F0B7FC031E69
:1098800000D07EE7FFF7BCFA7BE7FB69180000F029
:1098900020F900F0ABFC74E7FB69180000F019F93F
:1098A00000F0A4FCFB69180000F071F9031E00D160
:1098B00067E73B6A002B10D0FFF7B2FAFB6918008C
:1098C00000F060F803007B61FB699B687A69110016
:1098D000180001F04BFAFFF7B5FA00231800BD4657
:1098E0000AB080BD90B58BB000AFF860B9607A6007
:1098F000FB683B62FFF7B8FA0300FB613B6A9B6BB6
:10990000BB61BB69002B32D017243B193A6A442152
:10991000525C1A70BA683B6A1100180000F0B3F884
:10992000BB695A1E3B6A9A633B191B785BB20133D1
:1099300011D13B6A1B69002B16D03B6A103318000B
:1099400000F0FEFE031E0FD07B68002B0CD07B685E
:1099500001221A6008E01723FB181B780133DBB2E1
:1099600059B23B6A4422995401237B6201E00023EF
:109970007B62FB691800FFF77DFA7B6A1800BD4621
:109980000BB090BD80B584B000AF78607B685B6A37
:10999000002B06D07B681B6B1B680722D31AFB6069
:1099A00001E00023FB60FB681800BD4604B080BDE9
:1099B00080B586B000AFF860B9607A6000237B6143
:1099C000FB689B6B3B61FB681B6C002B0ED1FB683B
:1099D0001B68002B4ED1FB689B68180001F07AF9D8
:1099E00003007B61FB6800229A6043E07B68002BE8
:1099F00019D1FB685868FB681A6CBB6819000AF03B
:109A00003EF9FB685A68FB681B6CD218FB685A6009
:109A1000FB685A68FB689B689A422BD3FB681A68FC
:109A2000FB685A6026E0FB68D868FB681A6CBB6864
:109A300019000AF024F9FB68DA68FB681B6C5B42CA
:109A4000D218FB68DA60FB68DA68FB681B689A4228
:109A500007D2FB689A68FB681B6C5B42D218FB68F4
:109A6000DA607B68022B05D13B69002B02D03B6991
:109A7000013B3B613B695A1CFB689A637B69180098
:109A8000BD4606B080BD80B582B000AF7860396059
:109A90007B681B6C002B18D07B68DA687B681B6CBA
:109AA000D2187B68DA607B68DA687B689B689A42C8
:109AB00003D37B681A687B68DA607B68D9687B6847
:109AC0001A6C3B6818000AF0DAF8C046BD4602B0CE
:109AD00080BD80B584B000AF7860FFF7A1F90F2397
:109AE000FB187A684521525C1A7013E07B685B6A48
:109AF000002B16D07B682433180000F021FE031ED3
:109B000001D000F0CFFE0F217B181B78013BDAB2A9
:109B10007B181A700F23FB181B785BB2002BE5DC57
:109B200000E0C0467B684522FF219954FFF78AF97F
:109B3000FFF776F90E23FB187A684421525C1A70FD
:109B400013E07B681B69002B16D07B68103318006C
:109B500000F0F6FD031E01D000F0A4FE0E217B18DC
:109B60001B78013BDAB27B181A700E23FB181B78A6
:109B70005BB2002BE5DC00E0C0467B684422FF219D
:109B80009954FFF75FF9C046BD4604B080BD80B56B
:109B900084B000AF7860FFF743F97B689B6B002BC4
:109BA00002D10123FB6001E00023FB60FFF74AF9CB
:109BB000FB681800BD4604B080BD80B584B000AF1E
:109BC0007860FFF72DF97B689A6B7B68DB6B9A42B4
:109BD00002D10123FB6001E00023FB60FFF732F9B3
:109BE000FB681800BD4604B080BD000080B584B09D
:109BF00000AF786039600023FB6015E00E4BFA6817
:109C0000D200D358002B0CD10B4BFA68D200396824
:109C1000D150094AFB68DB00D31804337A681A6014
:109C200006E0FB680133FB60FB68072BE6D9C04602
:109C3000C046BD4604B080BD208E012080B586B0F0
:109C400000AFF860B9607A60FB687B61FFF7E8F805
:109C50007B6944229B5C5BB2013303D17B69442264
:109C6000002199547B6945229B5C5BB2013303D18F
:109C70007B69452200219954FFF7E4F87B699B6BCF
:109C8000002B06D17B6924337A68B968180000F08C
:109C900035FD7B691800FFF71CFFC046BD4606B0C6
:109CA00080BD90B58DB004AFF860B9603B60BB1D5E
:109CB0001A80BB1D1B889B001800FFF741F90300A9
:109CC0007B617B69002B10D06020FFF739F903001E
:109CD000FB61FB69002B03D0FB697A691A6306E01C
:109CE0007B691800FFF7CCF901E00023FB61FB69F9
:109CF000002B16D0BB1D1A883C68B968F868002391
:109D00000393FB6902937B6B01933B6B00932300EE
:109D100000F010F8FB69180000F092F80123BB6115
:109D200002E001235B42BB61BB691800BD4609B07C
:109D300090BD000080B586B000AFF860B9607A6071
:109D40003B60BB6A186B7B689B001A00A52109F079
:109D50006EFEBB6A1A6B7B6838498C4663449B0075
:109D6000D3183B613B69072293433B61BB68002BDF
:109D700020D000237B6113E0BA687B69D318187880
:109D8000BA6A34217B69D3185B18021C1A70BA684E
:109D90007B69D3181B78002B06D07B6901337B616C
:109DA0007B690C2BE8D900E0C046BB6A4022002149
:109DB000995403E0BB6A3422002199543B6A062B74
:109DC00001D906233B62BB6A3A6ADA62BB6A3A6A25
:109DD000DA64BB6A00221A65BB6A04331800FEF716
:109DE00006FFBB6A18331800FEF701FFBB6ABA6AA8
:109DF0001A613B6A0722D21ABB6A9A61BB6ABA6AC5
:109E00005A62BB6A00225A65BB6A00229A65BB6A25
:109E10005C22002199543A68F9683B691800FEF702
:109E200071FF0200BB6A1A607B6A002B02D07B6A5A
:109E3000BA6A1A60C046BD4606B080BDFFFFFF3F4C
:109E400080B582B000AF7860FEF7EAFF2A4B1B684E
:109E50005A1C294B1A60294B1B68002B09D1274B30
:109E60007A681A60244B1B68012B10D100F034FD76
:109E70000DE0234B1B68002B09D1204B1B68DA6ACD
:109E80007B68DB6A9A4202D81C4B7A681A601D4BC9
:109E90001B685A1C1B4B1A601A4B1A687B685A6461
:109EA0007B68DA6A184B1B689A4203D97B68DA6AC6
:109EB000154B1A607B68DA6A13009B009B189B00A5
:109EC000124A9A187B68043319001000FEF79AFEB4
:109ED000FEF7B8FF0A4B1B68002B08D0074B1B6826
:109EE000DA6A7B68DB6A9A4201D2FEF789FFC046D4
:109EF000BD4602B080BDC046608F0120608E01204B
:109F00006C8F01207C8F0120688F0120648E0120DE
:109F100080B584B000AF78600023FB607B68002BC5
:109F20000AD000F057F97B680021180001F0BCFA54
:109F300000F05CF90300FB60FB68002B01D1FEF729
:109F40005FFFC046BD4604B080BD000080B588B04C
:109F500000AF78607B68BB612B4B1B68BA699A4283
:109F600004D11F23FB1800221A7046E0FEF758FFA9
:109F7000BB695B697B61254B1B683B61244B1B689C
:109F8000FB60FEF75FFF7A693B699A4203D07A690A
:109F9000FB689A4204D11F23FB1802221A702CE09E
:109FA0007A691C4B9A4218D1BB699B6A002B0FD16E
:109FB000BB695C229B5CDBB2012B04D11F23FB1825
:109FC00002221A7019E01F23FB1803221A7014E0F2
:109FD0001F23FB1802221A700FE07A690E4B9A4277
:109FE00002D07B69002B04D11F23FB1804221A70B6
:109FF00003E01F23FB1801221A701F23FB181B7894
:10A000001800BD4608B080BD608E0120188F012069
:10A010001C8F01204C8F0120348F012080B584B02B
:10A0200000AF7860FEF7FCFE7B68002B02D1074B87
:10A030001B6800E07B68FB60FB68DB6ABB60FEF7C7
:10A0400001FFBB681800BD4604B080BD608E0120D2
:10A0500080B586B000AF7860396000237B613B68D3
:10A06000062B01D906233B60FEF7DAFE7B68002B46
:10A0700002D1384B1B6800E07B683B613B69DB6CBD
:10A08000FB60FA683B689A425DD03A68FB689A4286
:10A090000DD9304B1B683A699A420FD02D4B1B6883
:10A0A000DB6A3A689A4209D301237B6106E0294BB7
:10A0B0001B683A699A4201D101237B613B69DB6AE3
:10A0C000BB603B69DA6C3B69DB6A9A4202D13B694F
:10A0D0003A68DA623B693A68DA643B699B69002B4B
:10A0E00004DB3B680722D21A3B699A613B695969D4
:10A0F000BA6813009B009B189B00174A9B18994253
:10A100001CD13B6904331800FEF7D4FD3B69DA6AC1
:10A11000124B1B689A4203D93B69DA6A0F4B1A60EB
:10A120003B69DA6A13009B009B189B000A4A9A1845
:10A130003B69043319001000FEF764FD7B69002BB6
:10A1400001D0FEF75DFEFEF77DFEC046BD4606B0BF
:10A1500080BDC046608E0120648E0120688F012082
:10A1600080B584B002AF144A14491548154B0193C9
:10A17000002300930023FFF794FD03007B607B68BE
:10A18000012B03D101F0E4F903007B607B68012B14
:10A190000ED172B60C4B012252421A600B4B0122B7
:10A1A0001A600B4B00221A60F0F7DCFCFEF704FE8D
:10A1B000C046BD4602B080BDC40900008CB702088D
:10A1C000B9A80108848F0120808F01206C8F0120A5
:10A1D000648F012080B500AF034B1B685A1C024BF3
:10A1E0001A60C046BD4680BD888F012080B584B00E
:10A1F00000AF0023FB600023BB60FEF711FE364B6F
:10A200001B685A1E344B1A60334B1B68002B5BD102
:10A21000324B1B68002B57D02FE0314BDB68DB68DB
:10A22000FB60FB6818331800FEF744FDFB6804333D
:10A230001800FEF73FFDFB68DA6A2A4B1B689A425A
:10A2400003D9FB68DA6A274B1A60FB68DA6A1300E5
:10A250009B009B189B00244A9A18FB680433190042
:10A260001000FEF7CFFCFB68DA6A204B1B68DB6A44
:10A270009A4202D31E4B01221A60194B1B68002B15
:10A28000CBD1FB68002B01D000F082FC194B1B687E
:10A290007B607B68002B0FD000F0DCF8031E02D03F
:10A2A000134B01221A607B68013B7B607B68002BAB
:10A2B000F2D1104B00221A600D4B1B68002B03D00B
:10A2C0000123BB60FEF79CFDFEF7BCFDBB681800D8
:10A2D000BD4604B080BDC046888F0120608F01203C
:10A2E000208F0120688F0120648E0120608E012064
:10A2F000748F0120708F012080B582B000AF044BB5
:10A300001B687B607B681800BD4602B080BDC046FC
:10A31000648F012080B582B000AF00237B60044BC6
:10A320001B683B603B681800BD4602B080BDC0465C
:10A33000648F012080B586B000AFF860B9607A60A4
:10A3400000237B6107233B61FFF744FF3B4B1B6806
:10A35000BA689A426AD33B69013B3B617A69130050
:10A36000DB009B189B001A00FB6898183A691300E1
:10A370009B009B189B00324A9B180122190000F099
:10A3800089FB02007B699B187B613B69002BE2D152
:10A390007A691300DB009B189B001A00FB68981871
:10A3A000284B1B680222190000F074FB02007B6935
:10A3B0009B187B617A691300DB009B189B001A00D5
:10A3C000FB689818204B1B680222190000F062FB02
:10A3D00002007B699B187B617A691300DB009B1884
:10A3E0009B001A00FB689B1818490422180000F013
:10A3F00051FB02007B699B187B617A691300DB00CB
:10A400009B189B001A00FB689B1811490322180037
:10A4100000F040FB02007B699B187B617B68002B8E
:10A4200004D0F0F7B5FB02007B681A60FFF7DEFE90
:10A430007B691800BD4606B080BDC046608F012014
:10A44000648E0120188F01201C8F0120348F012081
:10A450004C8F012080B586B000AF00237B61464B56
:10A460001B68002B00D07DE0444B1B6801333B612F
:10A47000424B3A691A603B69002B10D1404B1B6874
:10A48000FB60404B1A683E4B1A603E4BFA681A60FC
:10A490003D4B1B685A1C3C4B1A6000F079FB3B4B50
:10A4A0001B683A699A4249D3354B1B681B68002BDD
:10A4B00004D1364B012252421A603FE0304B1B68F8
:10A4C000DB68DB68BB60BB685B687B603A697B68A4
:10A4D0009A4203D22D4B7A681A602FE0BB6804338E
:10A4E0001800FEF7E7FBBB689B6A002B04D0BB6833
:10A4F00018331800FEF7DEFBBB68DA6A244B1B68D2
:10A500009A4203D9BB68DA6A214B1A60BB68DA6ADF
:10A5100013009B009B189B001E4A9A18BB680433CB
:10A5200019001000FEF76EFBBB68DA6A1A4B1B6855
:10A53000DB6A9A42B8D301237B61B5E7164B1B68EF
:10A54000DA6A144913009B009B189B005B58012B8F
:10A5500001D901237B61114B1B68002B07D001231C
:10A560007B6104E00E4B1B685A1C0D4B1A607B6923
:10A570001800BD4606B080BD888F0120648F012081
:10A58000188F01201C8F0120788F0120808F0120DF
:10A59000688F0120648E0120608E0120748F01205D
:10A5A000708F012080B584B000AF3F4B1B68002B3B
:10A5B00003D03E4B01221A6071E03C4B00221A602E
:10A5C000F0F7E6FA02003A4B1A60394B1A68394B39
:10A5D0001B689A4209D9384B1B68596D344A106878
:10A5E000344A1268821A8A185A65314B1A68314BFC
:10A5F0001A60314B1B681B6BBB60304B7B60BB68C8
:10A600001B687A689A4211D1BB6804331B687A6868
:10A610009A420BD1BB6808331B687A689A4205D10D
:10A62000BB680C331B687A689A4208D0224B1A68C0
:10A63000214B1B68343319001000F9F7E9F9204B5E
:10A640001B68FB6002E0FB68013BFB601D49FA6888
:10A6500013009B009B189B005B58002BF3D0FA68FB
:10A6600013009B009B189B00164A9B183B603B689D
:10A670005B685A683B685A603B685A683B680833B5
:10A680009A4204D13B685B685A683B685A603B68F1
:10A690005B68DA68084B1A60094BFA681A60C046B2
:10A6A000BD4604B080BDC046888F0120748F012054
:10A6B000908F01208C8F0120608E0120A5A5A5A57B
:10A6C000688F0120648E012080B582B000AF786071
:10A6D0003960094B1B6818331A007B681100180099
:10A6E000FEF7B2FA3B680121180000F0DDFEC0461B
:10A6F000BD4602B080BDC046608E012080B584B0EA
:10A7000000AFF860B9607A600C4B1B6818331A0010
:10A71000FB6811001800FEF775FA7B68002B02D069
:10A7200001235B42BB607A68BB681100180000F02F
:10A73000BBFEC046BD4604B080BDC046608E012051
:10A7400080B584B000AF78607B68DB68DB68BB6095
:10A75000BB6818331800FEF7ADFA1F4B1B68002BBF
:10A760001DD1BB6804331800FEF7A4FABB68DA6A8F
:10A770001A4B1B689A4203D9BB68DA6A174B1A60F6
:10A78000BB68DA6A13009B009B189B00144A9A1856
:10A79000BB68043319001000FEF734FA07E0BB6809
:10A7A00018331A000F4B11001800FEF72BFABB6884
:10A7B000DA6A0D4B1B68DB6A9A4205D90123FB60FC
:10A7C0000A4B01221A6001E00023FB60FB681800BD
:10A7D000BD4604B080BDC046888F0120688F01202F
:10A7E000648E0120208F0120608E0120748F012053
:10A7F00080B582B000AF7860054B1A687B681A603C
:10A80000044B1A687B685A60C046BD4602B080BDE2
:10A81000788F0120648F012080B586B000AF78600A
:10A820003960FEF7FDFA1D4B1B683B617B685B6876
:10A830003A69D31AFB603B681B68013302D10023DD
:10A840007B6124E07B681A68154B1B689A4207D02D
:10A850007B685B683A699A4202D301237B6116E008
:10A860003B681B68FA689A420CD23B681A68FB681E
:10A87000D21A3B681A607B681800FFF7B9FF002303
:10A880007B6104E03B6800221A6001237B61FEF7D4
:10A89000D9FA7B691800BD4606B080BD648F0120DF
:10A8A000788F012080B500AF024B01221A60C046AC
:10A8B000BD4680BD748F012080B582B000AF786046
:10A8C00000F04EF8034B1B68012BF9D9FEF798FAFC
:10A8D000F6E7C046648E012080B582B000AF002349
:10A8E0007B600CE07A6813009B009B189B00144A65
:10A8F0009B181800FEF75DF97B6801337B607B686D
:10A90000062BEFD90F4B1800FEF753F90E4B18002A
:10A91000FEF74FF90D4B1800FEF74BF90C4B1800E2
:10A92000FEF747F90B4B1800FEF743F90A4B054AAF
:10A930001A600A4B044A1A60C046BD4602B080BD88
:10A94000648E0120F08E0120048F0120208F0120D1
:10A95000348F01204C8F0120188F01201C8F012083
:10A9600080B582B000AF1AE0FEF75AFA104BDB68F0
:10A97000DB687B607B6804331800FEF79BF90D4BA6
:10A980001B685A1E0B4B1A600B4B1B685A1E0A4B56
:10A990001A60FEF757FA7B68180000F0E8F8064BDB
:10A9A0001B68002BE0D1C046C046BD4602B080BD4A
:10A9B000348F0120608F0120488F012080B586B040
:10A9C00000AFF860B9607A601A00FB1C1A70FB686F
:10A9D000002B02D12E4B1B6800E0FB687B61BB683B
:10A9E0007A691A607B6934331A00BB685A607B69E4
:10A9F000DA6ABB681A617B691A6BBB68DA617B69CA
:10AA00005A6CBB689A607B69DA6CBB685A617B6977
:10AA10005A6DBB689A61FB1C1B78052B1CD01C4B24
:10AA20001B687A699A4203D1BB6800221A731BE043
:10AA3000BB68FA1C12781A73FB1C1B78032B13D10A
:10AA4000FFF7C8FB7B699B6A002B02D0BB68022220
:10AA50001A73FFF7CBFB07E07B691800FFF776FA64
:10AA600003001A00BB681A737B68002B09D07B694E
:10AA70001B6B180000F061F803001A00BB681A8411
:10AA800002E0BB6800221A84C046BD4606B080BD05
:10AA9000608E012080B58AB000AFF860B960FB1D00
:10AAA0001A7000237B62BB681B68002B40D0BB6818
:10AAB0003B623B6A5B685A683B6A5A603B6A5A6809
:10AAC0003B6A08339A4204D13B6A5B685A683B6A26
:10AAD0005A603B6A5B68DB68FB61BB68BB61BB6952
:10AAE0005B685A68BB695A60BB695A68BB690833BE
:10AAF0009A4204D1BB695B685A68BB695A60BB69FA
:10AB00005B68DB687B617A6A1300DB009B189B0043
:10AB10001A00FB689918FB1D1B7878690122FFF762
:10AB20004DFF7B6A01337B627A69FB699A42D4D11B
:10AB30007B6A1800BD460AB080BD80B584B000AF06
:10AB400078600023FB6005E07B6801337B60FB6875
:10AB50000133FB607B681B78A52BF5D0FB689B0855
:10AB6000FB60FB689BB21800BD4604B080BD80B599
:10AB700082B000AF78607B681B6B1800FEF780FA2C
:10AB80007B681800FEF77CFAC046BD4602B080BD67
:10AB900080B582B000AF0B4B1B681B68002B04D143
:10ABA000094B012252421A6008E0064B1B68DB6821
:10ABB000DB687B607B685A68034B1A60C046BD4601
:10ABC00002B080BD188F0120808F012080B582B037
:10ABD00000AF0A4B1B68002B02D101237B6008E009
:10ABE000074B1B68002B02D102237B6001E000238E
:10ABF0007B607B681800BD4602B080BD6C8F012071
:10AC0000888F012080B584B000AF78607B68BB601E
:10AC10000023FB607B68002B51D0BB68DA6A2A4BAB
:10AC20001B68DB6A9A4241D2BB689B69002B06DB3A
:10AC3000254B1B68DB6A0722D21ABB689A61BB6886
:10AC40005969BB68DA6A13009B009B189B001F4A76
:10AC50009B18994222D1BB6804331800FEF72AF8EA
:10AC6000194B1B68DA6ABB68DA62BB68DA6A184B90
:10AC70001B689A4203D9BB68DA6A154B1A60BB6835
:10AC8000DA6A13009B009B189B00104A9A18BB6855
:10AC9000043319001000FDF7B5FF04E00A4B1B68F0
:10ACA000DA6ABB68DA620123FB6008E0BB68DA6C31
:10ACB000054B1B68DB6A9A4201D20123FB60FB68EB
:10ACC0001800BD4604B080BD608E0120648E012056
:10ACD000688F012080B584B000AF78607B68BB606E
:10ACE0000023FB607B68002B37D0BB681B6D5A1EAE
:10ACF000BB681A65BB68DA6ABB68DB6C9A422CD009
:10AD0000BB681B6D002B28D1BB6804331800FDF70E
:10AD1000D1FFBB68DA6CBB68DA62BB68DB6A07220A
:10AD2000D21ABB689A61BB68DA6A0E4B1B689A42FA
:10AD300003D9BB68DA6A0B4B1A60BB68DA6A130086
:10AD40009B009B189B00084A9A18BB6804331900A3
:10AD50001000FDF757FF0123FB60FB681800BD469C
:10AD600004B080BD688F0120648E012080B586B05C
:10AD700000AF786039607B683B610123FB607B68D2
:10AD8000002B4BD03B69DB6C3A689A4202D93B6896
:10AD90007B6102E03B69DB6C7B613B69DB6A7A6962
:10ADA0009A423BD03B691B6DFA689A4236D13B69A7
:10ADB000DB6ABB603B697A69DA623B699B69002B9D
:10ADC00004DB7B690722D21A3B699A613B695969A6
:10ADD000BA6813009B009B189B00124A9B1899426B
:10ADE0001CD13B6904331800FDF764FF3B69DA6A44
:10ADF0000D4B1B689A4203D93B69DA6A0A4B1A6009
:10AE00003B69DA6A13009B009B189B00054A9A185D
:10AE10003B69043319001000FDF7F4FEC046BD463F
:10AE200006B080BD648E0120688F012080B584B09B
:10AE300000AF786039603A687B681100180008F04C
:10AE400016FF7B681800E5F769F90300FB6007E06F
:10AE50007A68FB68D31820221A70FB680133FB6004
:10AE6000FB680B2BF4D97A68FB68D31800221A70A0
:10AE70007A68FB68D3181800BD4604B080BD000096
:10AE8000F0B589B002AF78607B6800221A704C4B35
:10AE90001B68FB604A4B1A681300DB009B189B0081
:10AEA0001800FEF74DF80300BB60BB68002B00D113
:10AEB00082E0F968BB6800221800FFF73BFA030044
:10AEC000FB6000237B616FE07A691300DB009B1855
:10AED0009B001A00BB689B181B7B042B1DD89A0093
:10AEE000384BD3181B689F461323FB1858221A703F
:10AEF00018E01323FB1852221A7013E01323FB18D7
:10AF000042221A700EE01323FB1853221A7009E034
:10AF10001323FB1844221A7004E01323FB180022A9
:10AF20001A70C0467A691300DB009B189B001A0058
:10AF3000BB689B185A687B6811001800FFF776FF02
:10AF400003007B601323FB181C787A691300DB0075
:10AF50009B189B001A00BB689B181D697A69130037
:10AF6000DB009B189B001A00BB689B181B8C1E0003
:10AF70007A691300DB009B189B001A00BB689B18C2
:10AF80009B6811497868019300962B00220008F015
:10AF9000CFFC7B681800E5F7C1F802007B689B18BE
:10AFA0007B607B6901337B617A69FB689A428BD352
:10AFB000BB681800FEF764F8C046BD4607B0F0BD98
:10AFC000608F0120A4B7020894B7020880B588B04A
:10AFD00000AF78607B6800221A703F4B1B68BB6132
:10AFE0003D4B1A681300DB009B189B001800FDF70F
:10AFF000A7FF03007B617B69002B68D00C23FA1844
:10B00000B9697B691800FFF795F90300BB61FB681C
:10B0100064211800E5F79EF80300FB60FB68002B35
:10B0200051D00023FB614AE0FA691300DB009B1852
:10B030009B001A007B699B189B69FA681100180035
:10B04000E5F788F803003B61FA691300DB009B1801
:10B050009B001A007B699B185A687B6811001800D6
:10B06000FFF7E4FE03007B603B69002B0ED0FA691A
:10B070001300DB009B189B001A007B699B189A69E0
:10B080003B691649786808F053FC0DE0FA69130033
:10B09000DB009B189B001A007B699B189A6910497A
:10B0A0007B68180008F044FC7B681800E5F736F868
:10B0B00002007B689B187B60FB690133FB61FA69C6
:10B0C000BB699A42B0D37B691800FDF7D9FFC0462F
:10B0D000BD4608B080BDC046608F0120B8B70208E9
:10B0E000C4B7020880B500AF064B1B68002B04D024
:10B0F000044B1B681A6D01321A65024B1B6818005D
:10B10000BD4680BD608E012080B584B000AF786000
:10B110003960FDF785FE1C4B1B689B6D002B0ED123
:10B12000194B1B685C22012199543B68002B06D007
:10B130003B680121180000F0B7F9FDF761FEFDF74B
:10B1400081FEFDF76DFE104B1B689B6DFB60FB687D
:10B15000002B0CD07B68002B04D00B4B1B6800220B
:10B160009A6504E0084B1B68FA68013A9A65064B39
:10B170001B685C2200219954FDF764FEFB681800EF
:10B18000BD4604B080BDC046608E012080B588B049
:10B1900000AFF860B9603B60FB1D1A700123FB61D2
:10B1A000FB68BB61FDF73CFE3B68002B03D0BB692D
:10B1B0009A6D3B681A601723FB18BA695C21525CD0
:10B1C0001A70BB695C2202219954FB1D1B78042B69
:10B1D00021D89A002A4BD3181B689F46BB699A6DE9
:10B1E000BB681A43BB699A6518E0BB699B6D5A1C22
:10B1F000BB699A6512E0BB69BA689A650EE01723CD
:10B20000FB181B78022B03D0BB69BA689A6505E06E
:10B210000023FB6102E0C04600E0C0461723FB1894
:10B220001B78012B25D1BB6904331800FDF742FDC3
:10B23000BB69DA6A134B1B689A4203D9BB69DA6AA5
:10B24000104B1A60BB69DA6A13009B009B189B00C5
:10B250000D4A9A18BB69043319001000FDF7D2FC9F
:10B26000BB69DA6A094B1B68DB6A9A4201D9FDF7B0
:10B27000C7FDFDF7E7FDFB691800BD4608B080BDBE
:10B28000D0B70208688F0120648E0120608E0120F3
:10B2900080B588B000AFF860B9603B60FB1D1A70E4
:10B2A0000123FB61FB68BB61FDF7DEFD03007B61F1
:10B2B0003B68002B03D0BB699A6D3B681A6013236F
:10B2C000FB18BA695C21525C1A70BB695C220221CE
:10B2D0009954FB1D1B78042B21D89A00354BD318A9
:10B2E0001B689F46BB699A6DBB681A43BB699A6528
:10B2F00018E0BB699B6D5A1CBB699A6512E0BB697B
:10B30000BA689A650EE01323FB181B78022B03D052
:10B31000BB69BA689A6505E00023FB6102E0C0469C
:10B3200000E0C0461323FB181B78012B39D1224BB8
:10B330001B68002B1DD1BB6904331800FDF7BAFC54
:10B34000BB69DA6A1D4B1B689A4203D9BB69DA6A8A
:10B350001A4B1A60BB69DA6A13009B009B189B00AA
:10B36000174A9A18BB69043319001000FDF74AFC0C
:10B3700007E0BB6918331A00124B11001800FDF7E3
:10B3800041FCBB69DA6A104B1B68DB6A9A4208D938
:10B39000BB6A002B02D0BB6A01221A600B4B012250
:10B3A0001A607B691800FDF765FDFB691800BD4652
:10B3B00008B080BDE4B70208888F0120688F0120A3
:10B3C000648E0120208F0120608E0120748F012067
:10B3D00080B586B000AF786039607B687B61FDF72F
:10B3E00043FD03003B610F203B187A695C21525CEE
:10B3F0001A707B695C22022199547B699B6D5A1CEF
:10B400007B699A653B181B78012B39D1204B1B684F
:10B41000002B1DD17B6904331800FDF74BFC7B69C1
:10B42000DA6A1C4B1B689A4203D97B69DA6A194BAA
:10B430001A607B69DA6A13009B009B189B00164A0E
:10B440009A187B69043319001000FDF7DBFB07E055
:10B450007B6918331A00114B11001800FDF7D2FB5D
:10B460007B69DA6A0E4B1B68DB6A9A4208D93B6833
:10B47000002B02D03B6801221A600A4B01221A609D
:10B480003B691800FDF7F6FCC046BD4606B080BD1E
:10B49000888F0120688F0120648E0120208F012079
:10B4A000608E0120748F012080B584B000AF786079
:10B4B0003960214B1B68FB60204B1B68043318006C
:10B4C000FDF7F8FB7B6801330BD13B68002B08D0FC
:10B4D0001A4B1B681A1D1A4B11001800FDF792FB3E
:10B4E00026E0FA687B68D318BB60144B1B68BA6807
:10B4F0005A60BA68FB689A4209D2124B1A680F4B1D
:10B500001B68043319001000FDF79EFB10E00E4B82
:10B510001A680A4B1B68043319001000FDF794FBEE
:10B520000A4B1B68BA689A4202D2084BBA681A6082
:10B53000C046BD4604B080BD648F0120608E0120EE
:10B540004C8F01201C8F0120188F0120808F01203B
:10B5500080B584B002AF00237B6000F0E3FA0A4BB1
:10B560001B68002B0BD0094A09490A480A4B019372
:10B57000032300930023FEF794FB03007B607B68AA
:10B580001800BD4602B080BDC48F0120C409000070
:10B59000F8B7020849B70108C88F012090B589B0F3
:10B5A00002AFF860B9607A603B602C20FDF7C8FC00
:10B5B00003007B617B69002B0ED07B692822002170
:10B5C00099543C687A68B968F8687B690193BB6AEA
:10B5D0000093230000F005F87B691800BD4607B012
:10B5E00090BD80B584B000AFF860B9607A603B6010
:10B5F000FB69002B1ED000F095FAFB69FA681A600F
:10B60000FB69BA689A61FB693A68DA61FB69BA69F1
:10B610001A62FB6904331800FDF7E9FA7B68002B16
:10B6200008D0FB6928229B5C04221343D9B2FB6932
:10B6300028229954C046BD4604B080BD90B58BB059
:10B6400000AFF860B9607A603B6000237B621D4BFD
:10B650001B68002B30D014243B19BA681A603B19C0
:10B660007A685A603B19FA689A60BB68052B19DC46
:10B67000FFF7ACFA0300022B09D1124B1868BA6B22
:10B6800039190023FDF7ABFE03007B6214E00D4B7C
:10B6900018681423F91800230022FDF7A0FE030008
:10B6A0007B6209E0074B18683A681423F9180023F5
:10B6B000FDF72AFF03007B627B6A1800BD460BB0D2
:10B6C00090BDC046C48F012080B586B002AF7860BF
:10B6D00039601C4B1B68DB68DB68FB60FB6804336C
:10B6E0001800FDF7E7FAFB6828229B5C1A00042388
:10B6F000134015D0FB689A697B68D1187B683A685B
:10B70000F86800F0BFF8031E13D07A68F8680023C9
:10B71000009300230021FFF791FF0300BB6008E0C6
:10B72000FB6828229B5C01229343D9B2FB68282244
:10B730009954FB681B6AFA6810009847C046BD46DA
:10B7400004B080BDBC8F012080B584B000AF7860AC
:10B750000823FB18180000F053F80300FB60BA68D8
:10B76000FB681100180000F003F800F0CDF8EFE7D7
:10B7700080B584B000AF78603960FEF72BFD0823F8
:10B78000FB18180000F05EF80300FB60BB68002B9C
:10B790002BD13B68002B0CD17A68FB689A4208D801
:10B7A000FEF724FDFA687B6811001800FFF78CFF94
:10B7B0001DE03B68002B08D00F4B1B681B68002B5B
:10B7C00001D1012300E000233B600C4B18687A682C
:10B7D000FB68D31A3A681900FEF730FAFEF706FD47
:10B7E000031E04D1FDF70CFB01E0FEF7FFFCC04691
:10B7F000BD4604B080BDC046C08F0120C48F01206B
:10B8000080B584B000AF78600D4B1B681B68002BBF
:10B8100001D1012200E000227B681A607B681B686E
:10B82000002B05D1064B1B68DB681B68FB6001E041
:10B830000023FB60FB681800BD4604B080BDC04615
:10B84000BC8F012080B584B000AF7860FEF754FD56
:10B850000300FB600A4B1B68FA689A4205D200F0AD
:10B8600009F97B6801221A6002E07B6800221A60F5
:10B87000034BFA681A60FB681800BD4604B080BD2F
:10B88000CC8F012080B586B000AFF860B9607A60D7
:10B890003B6000237B61FB68BA685A60FB68FA680A
:10B8A0001A61BA687B689A4212D87A683B68D21AE1
:10B8B000FB689B699A4202D301237B611BE0104B1A
:10B8C0001A68FB68043319001000FDF7BDF912E097
:10B8D0007A683B689A4206D2BA683B689A4202D3B9
:10B8E00001237B6107E0074B1A68FB6804331900EA
:10B8F0001000FDF7A9F97B691800BD4606B080BDB0
:10B90000C08F0120BC8F012090B58DB002AF9CE0AC
:10B910000822BB181B68002B0ADABB1804337B62B1
:10B920007B6A1A687B6A58687B6A9B681900904733
:10B930000822BB181B68002B00DA86E0BB189B6846
:10B940003B623B6A5B69002B04D03B6A04331800FE
:10B95000FDF7B0F93B1D1800FFF774FF0300FB6112
:10B960000823FB181B68092B6ED89A003F4BD3188D
:10B970001B689F463B6A28229B5C01221343D9B275
:10B980003B6A2822995408243B195A683B6A9B69F0
:10B99000D1183B195B68FA69386AFFF773FF031E19
:10B9A00053D03B6A1B6A3A6A100098473B6A2822C8
:10B9B0009B5C1A000423134047D03B195A683B6A2A
:10B9C0009B69D218386A0023009300230021FFF7F7
:10B9D00035FE0300BB6138E03B6A28229B5C0122F4
:10B9E0009343D9B23B6A282299542EE03B6A28221D
:10B9F0009B5C01221343D9B23B6A28229954082345
:10BA0000FB185A683B6A9A613B6A9A69FB69D118CC
:10BA1000FB69FA69386AFFF735FF16E03B6A2822AE
:10BA20009B5C1A000223134004D13B6A1800FDF707
:10BA300027FB0AE03B6A28229B5C01229343D9B290
:10BA40003B6A2822995400E0C046094B1B68082233
:10BA5000B91800221800FDF7F5FD031E00D057E7C6
:10BA6000C046C046BD460BB090BDC04600B80208F7
:10BA7000C48F012080B588B002AF3CE0274B1B6823
:10BA8000DB681B683B61254B1B68DB68DB68FB6080
:10BA9000FB6804331800FDF70DF9FB681B6AFA68B0
:10BAA00010009847FB6828229B5C1A00042313406F
:10BAB00021D0FB689B693A69D318BB60BA683B69BF
:10BAC0009A420ED9FB68BA685A60FB68FA681A6134
:10BAD000124B1A68FB68043319001000FDF7B4F824
:10BAE00009E03A69F8680023009300230021FFF77A
:10BAF000A5FD03007B60094B1B681B68002BBDD1B3
:10BB0000064B1B687B61064B1A68044B1A60044B9A
:10BB10007A691A60C046BD4606B080BDBC8F012060
:10BB2000C08F012080B500AFFDF77AF9144B1B6878
:10BB3000002B20D1134B1800FDF73BF8124B1800D7
:10BB4000FDF737F8114B0F4A1A60114B0E4A1A6075
:10BB5000002210210420FDF7DAFB0200084B1A60D6
:10BB6000074B1B68002B06D0054B1B68094A1100C8
:10BB70001800FEF73BF8FDF765F9C046BD4680BDED
:10BB8000C48F0120948F0120A88F0120BC8F012039
:10BB9000C08F012028B8020880B582B000AFFB1D1D
:10BBA00000221A700B4B1A680A4B802149000A4385
:10BBB0001A60032000F016F8031E03D0FB1D0122BB
:10BBC0001A7001E000F008F8FB1D1B781800BD4654
:10BBD00002B080BD0020024080B500AFC046BD4627
:10BBE00080BD000090B585B000AF78600F23FB18D2
:10BBF00000221A701D4B1B78002B2BD01C4B1C688D
:10BC00001A4B1B781900FA239800E4F7A3FA0300F3
:10BC100019002000E4F79EFA0300180001F023FA4F
:10BC2000031E12D17B68032B0AD8796801235B427B
:10BC30000022180001F0F2F90E4B7A681A600DE04C
:10BC40000F23FB1801221A7008E00F23FB180122B2
:10BC50001A7003E00F23FB1801221A700F23FB1840
:10BC60001B781800BD4605B090BDC046E401002019
:10BC7000C8010020E001002080B500AF054B1B7813
:10BC80001A00054B1B68D218034B1A60C046BD460C
:10BC900080BDC046E4010020D08F012080B500AFF8
:10BCA000024B1B681800BD4680BDC046D08F0120E6
:10BCB00080B584B000AF7860FFF7F0FF0300BB6091
:10BCC0007B68FB60FB68013305D00A4B1B781A00C8
:10BCD000FB689B18FB60C046FFF7E0FF0200BB68F3
:10BCE000D31AFA689A42F7D8C046C046BD4604B097
:10BCF00080BDC046E401002080B500AF034B1B6847
:10BD00001B0C1B041B0C1800BD4680BD00580140D5
:10BD100080B500AF034B1B681B051B0D1800BD460B
:10BD200080BDC0460058014080B582B000AF786049
:10BD300039607B681B68054A1A403B681A437B6878
:10BD40001A60C046BD4602B080BDC046FFFF3FFE40
:10BD500080B582B000AF78607B681A68E0235B042E
:10BD600013401800BD4602B080BD80B584B000AF5E
:10BD7000F860B9607A60FB685B69BA6804210A40C0
:10BD8000072191400A00D2431A40BB6804210B40AE
:10BD9000796899400B001A43FB685A61C046BD465A
:10BDA00004B080BD80B582B000AF786039607B6838
:10BDB0005B693A6804210A40072191400A001A4051
:10BDC0003B6804210B40DA4013001800BD4602B066
:10BDD00080BD80B582B000AF78607B68DA68C02330
:10BDE0001B01134001D1012300E000231800BD46D0
:10BDF00002B080BD80B584B000AFF860B9607A60F1
:10BE0000FB689B6ABA681F210A400F2191400A0013
:10BE1000D2431A407B689B0E0F211940BB681F203C
:10BE2000034099400B001A43FB689A62C046BD4626
:10BE300004B080BD80B582B000AF786039607B68A7
:10BE40009A6A3B685B035B0B1A437B689A62C04645
:10BE5000BD4602B080BD80B582B000AF7860396069
:10BE60007B689B6A3A685203520BD2431A407B6844
:10BE70009A62C046BD4602B080BD000080B584B065
:10BE800000AFF860B9607A60FB685B69BA6812025B
:10BE9000D2431A40BB681B0279680B4004490B402F
:10BEA0001A43FB685A61C046BD4604B080BDC04617
:10BEB00000FFFF0780B582B000AF78607B689B68A9
:10BEC000054A1340802252051A437B689A60C04697
:10BED000BD4602B080BDC046E8FFFF6F80B582B0AE
:10BEE00000AF78607B689A6880235B051A408023E6
:10BEF0005B059A4201D1012300E000231800BD46F2
:10BF000002B080BD80B582B000AF78607B689B686E
:10BF1000044A134001221A437B689A60C046BD461A
:10BF200002B080BDE8FFFF7F80B582B000AF7860CF
:10BF30007B689B68044A134002221A437B689A601C
:10BF4000C046BD4602B080BDE8FFFF7F80B582B02D
:10BF500000AF78607B689B6801221340012B01D100
:10BF6000012300E000231800BD4602B080BD80B56B
:10BF700082B000AF78607B689B6802221340022B7E
:10BF800001D1012300E000231800BD4602B080BDAE
:10BF900080B582B000AF78607B689B68044A13402C
:10BFA00004221A437B689A60C046BD4602B080BD39
:10BFB000E8FFFF7F80B582B000AF78607B689B6848
:10BFC000044A134010221A437B689A60C046BD465B
:10BFD00002B080BDE8FFFF7F80B582B000AF78601F
:10BFE0007B689B6804221340042B01D1012300E0ED
:10BFF00000231800BD4602B080BD000080B588B0A7
:10C0000000AF78601F23FB1800221A700023BB6169
:10C0100000237B610023FB607B68002B01D101239F
:10C020007FE17B689B6D002B0AD17B681800F6F7D7
:10C0300043F97B680022DA657B6854220021995419
:10C040007B681B681800FFF749FF031E15D17B684A
:10C050001B681800FFF72EFFB44B1B68B44918008B
:10C06000E4F778F8030001335B00FB6002E0FB6853
:10C07000013BFB60FB68002BF9D17B681B68180053
:10C08000FFF72CFF031E0FD17B689B6D10221A4314
:10C090007B689A657B68DB6D01221A437B68DA65F1
:10C0A0001F23FB1801221A707B681B681800FFF71A
:10C0B00093FF03003B617B689B6D1022134000D00F
:10C0C00022E13B69002B00D01EE17B689B6D994A01
:10C0D000134002221A437B689A657B681B6818002C
:10C0E000FFF734FF031E00D0ADE07B689A687B68E1
:10C0F0001B7E9B031A437B685B7EDB031A437B68D2
:10C100009B7E5B031A437B681B6B002B02D0802352
:10C110005B0100E000231A437B68DB681A437B68FD
:10C120001B69002B04DA7B681B695B005B0801E07C
:10C1300080239B031A437B682C215B5C5B001343C9
:10C14000BA691343BB617B6820229B5C012B15D12C
:10C150007B689B7E002B05D1BB6980225202134372
:10C16000BB610BE07B689B6D20221A437B689A655C
:10C170007B68DB6D01221A437B68DA657B685B6A4A
:10C18000002B0AD07B685A6AE0235B001A407B6868
:10C190009B6A1343BA691343BB617B681B68DB6806
:10C1A000654A134019007B681B68BA690A43DA6064
:10C1B0007B685B689B0F9A077B68DB6C13437A692B
:10C1C00013437B617B683C229B5C012B11D17B6814
:10C1D0005B689B0F9A077B681B6C1A437B685B6CE0
:10C1E0001A437B689B6C1A437B69134301221343F8
:10C1F0007B617B681B681B69504A134019007B6890
:10C200001B687A690A431A617B685A68C0231B0657
:10C210009A4218D07B685A688023DB059A4212D074
:10C220007B685A6880231B069A420CD0444B1B68DB
:10C23000444A134019007B685A68F0239B031A4054
:10C240003F4B0A431A607B6818687B685B6B1A0077
:10C250000021FFF78AFD7B6818687B689B6B3A4971
:10C260001A00FFF782FD7B681B69002B09D17B68F0
:10C270001B689A6A7B681B68102149420A439A62CC
:10C2800018E07B681A6980239B039A4212D17B686D
:10C290001B689B6A7B68DB69013B9B001C22134087
:10C2A000102252429A4011007B681A6E7B681B680C
:10C2B0000A439A627B681B6800211800FFF772FD31
:10C2C00002007B685B6B9A420BD17B680022DA65C7
:10C2D0007B689B6D0322934301221A437B689A6516
:10C2E0001CE07B689B6D1222934310221A437B68EB
:10C2F0009A657B68DB6D01221A437B68DA651F2330
:10C30000FB1801221A7009E07B689B6D10221A430A
:10C310007B689A651F23FB1801221A701F23FB18E4
:10C320001B781800BD4608B080BDC046C80100207B
:10C33000400D0300FDFEFFFF0102DEFF02FCFF1FB8
:10C3400008270140FFFFC3FF04FFFF07B0B584B01B
:10C3500000AF78607B681B681800FFF73DFE031E86
:10C3600035D17B6854229B5C012B01D1022335E03F
:10C370007B685422012199540F257C197B68180091
:10C3800000F028FB030023707B191B78002B19D1C8
:10C390007B689B6D134A1340802252001A437B68CE
:10C3A0009A657B680022DA657B681B681C221A602C
:10C3B0007B685422002199547B681B681800FFF7A2
:10C3C000E7FD08E07B6854220021995403E00F2325
:10C3D000FB1802221A700F23FB181B781800BD46A9
:10C3E00004B0B0BDFEF0FFFFB0B584B000AF786020
:10C3F0007B6854229B5C012B01D1022329E07B68DE
:10C400005422012199540F257C197B68180000F0F3
:10C410009FFA030023707B191B78002B12D17C1923
:10C420007B68180000F05CFB030023707B191B780D
:10C43000002B07D17B689B6D084A134001221A43E9
:10C440007B689A657B685422002199540F23FB185E
:10C450001B781800BD4604B0B0BDC046FEFEFFFF0D
:10C4600080B584B000AF786039607B685B69082B69
:10C4700002D10823FB600FE07B681B68DB680122A8
:10C48000134007D07B689B6D20221A437B689A6516
:10C49000012372E00423FB60FFF700FC0300BB6094
:10C4A0001FE03B6801331CD0FFF7F8FB0200BB68BC
:10C4B000D31A3A689A4202D33B68002B11D17B68A9
:10C4C0001B681B68FA6813400BD17B689B6D0422C4
:10C4D0001A437B689A657B68542200219954032390
:10C4E0004BE07B681B681B68FA681340D9D07B68F7
:10C4F0009B6D802292001A437B689A657B681B685B
:10C500001800FFF766FC031E2ED07B689B7E002B75
:10C510002AD17B681B681B6808221340082B23D193
:10C520007B681B681800FFF757FD031E10D17B685E
:10C530001B685A687B681B680C218A435A607B68B9
:10C540009B6D104A134001221A437B689A650BE0E9
:10C550007B689B6D20221A437B689A657B68DB6D44
:10C5600001221A437B68DA657B681B7E002B03D1AE
:10C570007B681B680C221A6000231800BD4604B0BB
:10C5800080BDC046FEFEFFFF80B582B000AF786080
:10C590007B681B681B6C1800BD4602B080BD0000A4
:10C5A00080B586B000AF786039601723FB18002291
:10C5B0001A700023FB607B6854229B5C012B01D125
:10C5C0000223C0E17B685422012199547B681B68D7
:10C5D0001800FFF701FD031E00D0A3E13B685B6874
:10C5E000022B00D143E17B681A6980231B069A4223
:10C5F00004D07B681B69C14A934208D17B681A68E2
:10C600003B681B6819001000FFF714FCC9E07B6849
:10C610001A6E3B685B681F210B400F2199400B008D
:10C62000DB43134019003B681B685B035B0B05D1C0
:10C630003B681B689B0E1F22134098E03B681B68F9
:10C640000122134000D091E03B681B680222134096
:10C6500000D089E03B681B680422134000D081E0D1
:10C660003B681B680822134000D079E03B681B68D8
:10C670001022134000D071E03B681B682022134059
:10C6800000D069E03B681B684022134000D061E0A5
:10C690003B681B688022134000D059E03B681A6851
:10C6A00080235B00134051D13B681A6880239B00B4
:10C6B000134049D13B681A688023DB00134041D105
:10C6C0003B681A6880231B01134039D13B681A6804
:10C6D00080235B01134031D13B681A6880239B01A2
:10C6E000134029D13B681A688023DB01134021D114
:10C6F0003B681A6880231B02134019D13B681A68F3
:10C7000080235B02134011D13B681A6880239B028F
:10C71000134009D13B681A688023DB02134001D023
:10C72000122324E0002322E0112320E010231EE046
:10C730000F231CE00E231AE00D2318E00C2316E053
:10C740000B2314E00A2312E0092310E008230EE073
:10C7500007230CE006230AE0052308E0042306E093
:10C76000032304E0022302E0012300E000233A68EF
:10C7700052681F20024093400A001A437B681A66E1
:10C780003B685B689B085A1C7B68DB699A4208D847
:10C790007B6818683B6859683B681B681A00FFF79C
:10C7A00029FB7B6818683B6819683B689B681A001E
:10C7B000FFF764FB3B681B68002B00DBBCE0504BC1
:10C7C0001800FFF7C5FA03003B613B681B684D4A40
:10C7D000934222D13A6980231B0413401DD13B6947
:10C7E000802212041343464A19001000FFF79CFAF6
:10C7F000454B1B6845491800E3F7ACFC03005A1C85
:10C8000013005B009B189B00FB6002E0FB68013B90
:10C81000FB60FB68002BF9D18EE03B681B683C4A4B
:10C8200093420ED13A6980235B04134009D13B69DE
:10C83000802252041343324A19001000FFF774FAA1
:10C840007AE03B681B68334A934200D074E03A694F
:10C850008023DB03134000D06EE03B698022D203CB
:10C860001343274A19001000FFF75EFA64E07B6863
:10C870001A6980231B069A4204D07B681B691F4AF1
:10C88000934207D17B681A683B681B681900100047
:10C89000FFF7E1FA3B681B68002B4DDA184B1800D4
:10C8A000FFF756FA03003B613B681B68154A934249
:10C8B00008D13B69184A1340114A19001000FFF7CC
:10C8C00033FA39E03B681B68114A934208D13B694F
:10C8D000124A13400A4A19001000FFF725FA2BE00C
:10C8E0003B681B680B4A934226D13B690C4A1340B4
:10C8F000034A19001000FFF717FA1DE0040000803A
:10C9000008270140001000B0C8010020400D0300BE
:10C91000004000B8002000B4FFFF7FFFFFFFFFFED4
:10C92000FFFFBFFF7B689B6D20221A437B689A65DF
:10C930001723FB1801221A707B6854220021995496
:10C940001723FB181B781800BD4606B080BDC046F3
:10C9500080B584B000AF78607B681B681800FFF773
:10C960003BFB031E31D07B681B681800FFF7FFFA02
:10C97000031E04D17B681B681800FFF71BFBFFF741
:10C980008DF90300FB601AE0FFF788F90200FB68ED
:10C99000D31A022B13D97B681B689B6804221340AF
:10C9A0000DD07B689B6D10221A437B689A657B686B
:10C9B000DB6D01221A437B68DA65012306E07B68A0
:10C9C0001B689B6804221340DED100231800BD467B
:10C9D00004B080BD80B584B000AF78600023BB6038
:10C9E0007B681B681800FFF7B1FA031E00D069E0EE
:10C9F0007B681B689B68364A13400DD07B689B6D33
:10CA000010221A437B689A657B68DB6D01221A430A
:10CA10007B68DA65012356E07B681B681800FFF726
:10CA200071FA2C4B1800FFF793F9020080231B04C6
:10CA300013400FD0284B1B6828491800E3F78AFBE6
:10CA400003000133BB6002E0BB68013BBB60BB6815
:10CA5000002BF9D17B685B7E012B33D0FFF71EF9E9
:10CA60000300FB6027E07B681B681800FFF76EFA85
:10CA7000031E04D17B681B681800FFF743FAFFF719
:10CA80000DF90200FB68D31A022B14D97B681B68CE
:10CA90001B6801221340012B0DD07B689B6D102277
:10CAA0001A437B689A657B68DB6D01221A437B68B9
:10CAB000DA65012307E07B681B681B6801221340CD
:10CAC000012BD0D100231800BD4604B080BDC04664
:10CAD0001700008008270140C8010020400D030016
:10CAE00080B584B000AF78607B681B681800FFF7E2
:10CAF0003EFA0300FB607B681B681800FFF726FA0C
:10CB0000031E46D0FB68002B43D17B681B689B68E3
:10CB100005221340012B0DD17B681B681800FFF71D
:10CB200003FA7B681B6803221A60FFF7B7F803005B
:10CB3000BB6028E07B689B6D10221A437B689A6576
:10CB40007B68DB6D01221A437B68DA65012321E0F3
:10CB5000FFF7A4F80200BB68D31A022B13D97B6835
:10CB60001B689B68012213400DD07B689B6D1022CF
:10CB70001A437B689A657B68DB6D01221A437B68E8
:10CB8000DA65012306E07B681B689B68012213407D
:10CB9000DED100231800BD4604B080BD80B582B050
:10CBA00000AF78607B681A68F0239B03134018007D
:10CBB000BD4602B080BD80B582B000AF78607B68B2
:10CBC0001B699B0F9B071800BD4602B080BD80B556
:10CBD00082B000AF786039607B68B4229B587F22B6
:10CBE00093431A003B681A437B68B4215A50C046ED
:10CBF000BD4602B080BD80B582B000AF78607B6872
:10CC0000B4229B587F2213401800BD4602B080BD5D
:10CC100080B582B000AF78607B689B68044A13409F
:10CC200001221A437B689A60C046BD4602B080BDAF
:10CC3000E8FFFF7F80B582B000AF78607B689B68BB
:10CC4000044A134002221A437B689A60C046BD46DC
:10CC500002B080BDE8FFFF7F80B582B000AF786092
:10CC60007B689B6801221340012B01D1012300E066
:10CC700000231800BD4602B080BD000080B582B020
:10CC800000AF78607B689B68054A134080221206DB
:10CC90001A437B689A60C046BD4602B080BDC0465C
:10CCA000E8FFFF7F80B582B000AF78607B689B684B
:10CCB000DB0FDA0780231B069A4201D1012300E033
:10CCC00000231800BD4602B080BD000090B58BB0B7
:10CCD00000AF78600023FB6000233B627B68542236
:10CCE0009B5C012B01D10223DDE07B6854220121F2
:10CCF00099541F23FC187B681800FFF7F1FE03000E
:10CD000023707B681B681800FFF7A6FF031E00D086
:10CD1000BCE07B689B6D664A134002221A437B6825
:10CD20009A657B681B68DB68624A1340BB617B685D
:10CD30001B68DA687B681B685F490A40DA60002379
:10CD40007B622DE07B681B681800FFF797FF14E0FB
:10CD5000FB680133FB60FB68584A93420DD97B683E
:10CD60009B6D1222934310221A437B689A657B685D
:10CD7000542200219954012395E07B681B68180018
:10CD8000FFF790FF031EE3D17B681B681800FFF7D5
:10CD900032FF02003B6A9B183B627B6A01337B6275
:10CDA0007B6A072BCED9796A386AE3F7D3F9030097
:10CDB0003B627B681B681800FFF72AFF7B681B68D3
:10CDC0001800FFF7F8FE031E1BD13D4B1800FFF7BC
:10CDD000E5FE03007B617A69E0235B039A4210D38E
:10CDE0007B699B0C033B01229A401300BB60BB682C
:10CDF0005B08BB6002E0BB68013BBB60BB68002B0B
:10CE0000F9D17B681B683A6A11001800FFF7DFFE52
:10CE10007B681B681800FFF70DFFFEF73FFF03005C
:10CE20003B611BE0FEF73AFF02003B69D31A022B7D
:10CE300014D97B681B681800FFF70EFF031E0DD086
:10CE40007B689B6D10221A437B689A657B68DB6D5B
:10CE500001221A437B68DA65012324E07B681B68A2
:10CE60001800FFF7F9FE031EDCD17B681B68D96848
:10CE70007B681B68BA690A43DA607B689B6D032292
:10CE8000934301221A437B689A6505E07B689B6D9A
:10CE900010221A437B689A657B68542200219954BA
:10CEA0001F23FB181B781800BD460BB090BDC04671
:10CEB000FDFEFFFF03800000FC7FFFFFFFF102008B
:10CEC0000827014080B582B000AF0200FB1D1A7038
:10CED000FB1D1B787F2B09D8FB1D1B781A001F2315
:10CEE0001A40044B012191400A001A60C046BD4619
:10CEF00002B080BD00E100E090B583B000AF020059
:10CF00003960FB1D1A70FB1D1B787F2B28D82F4A18
:10CF1000FB1D1B785BB29B08C0339B009B58FA1D1E
:10CF20001278110003220A40D200FF2191400A002A
:10CF3000D2431A4011003B689B01FF221A40FB1D9F
:10CF40001B78180003230340DB009A401F48FB1D99
:10CF50001B785BB29B080A43C0339B001A5031E038
:10CF60001B4AFB1D1B7819000F230B40083B9B0835
:10CF700006339B00D31804331B68FA1D1278110086
:10CF800003220A40D200FF2191400A00D2431A40F6
:10CF900011003B689B01FF221A40FB1D1B78180003
:10CFA00003230340DB009A400948FB1D1B781C004B
:10CFB0000F232340083B9B080A4306339B00C318FA
:10CFC00004331A60C046BD4603B090BD00E100E0E6
:10CFD00000ED00E080B582B000AF78607B685A1E3B
:10CFE00080235B049A4201D3012310E00A4B7A6844
:10CFF000013A5A6001235B4203211800FFF77CFFCE
:10D00000054B00229A60044B07221A600023180087
:10D01000BD4602B080BDC04610E000E080B584B0DF
:10D0200000AFB9607A600F217B18021C1A70BA68D1
:10D030007B181B785BB211001800FFF75DFFC0463C
:10D04000BD4604B080BD80B582B000AF0200FB1DBC
:10D050001A70FB1D1B785BB21800FFF733FFC04648
:10D06000BD4602B080BD80B582B000AF78607B68FD
:10D070001800FFF7AFFF03001800BD4602B080BDE7
:10D0800080B582B000AF78607B68002B01D10123AE
:10D0900056E07B685B7FDBB2002B06D17B68002209
:10D0A0001A777B681800F4F797FD7B6802225A779D
:10D0B0007B681B79002B0CD17B681B68224A5A6164
:10D0C0007B681B689A687B681B6818218A439A6092
:10D0D0000BE07B6899687B68DA687B68180000F071
:10D0E00093F9031E01D001232AE07B685B79002BB2
:10D0F00005D17B681B68012252421A6104E07B68FB
:10D100001B687A6812691A617B681B689B686022D9
:10D11000934319007B685A697B681B680A439A60CD
:10D120007B681B689B688022934319007B689A691F
:10D130007B681B680A439A607B6801225A77002348
:10D140001800BD4602B080BDB71DC10480B586B0D1
:10D1500000AFF860B9607A6000233B61FB6802228F
:10D160005A77FB681B6A032B05D02DD8012B19D0E9
:10D17000022B20D028E000237B610AE07B699B0022
:10D18000BA68D218FB681B6812681A607B690133A1
:10D190007B617A697B689A42F0D3FB681B681B68E5
:10D1A0003B6112E07A68B968FB68180000F064F827
:10D1B00003003B6109E07A68B968FB68180000F079
:10D1C000ECF803003B6100E0C046FB6801225A779F
:10D1D0003B691800BD4606B080BD80B586B000AF83
:10D1E000F860B9607A6000233B61FB6802225A77DD
:10D1F000FB681B689A68FB681B6801210A439A60F8
:10D20000FB681B6A032B05D02DD8012B19D0022BEC
:10D2100020D028E000237B610AE07B699B00BA688C
:10D22000D218FB681B6812681A607B6901337B6146
:10D230007A697B689A42F0D3FB681B681B683B6184
:10D2400012E07A68B968FB68180000F015F803006E
:10D250003B6109E07A68B968FB68180000F09DF846
:10D2600003003B6100E0C046FB6801225A773B693E
:10D270001800BD4606B080BD80B588B000AFF8602C
:10D28000B9607A600023FB6123E0FB699B00BA6808
:10D29000D3181B781A06FB699B000133B968CB18B9
:10D2A0001B781B041A43FB699B000233B968CB1837
:10D2B0001B781B021A43FB699B000333B968CB1828
:10D2C0001B781900FB681B680A431A60FB6901336D
:10D2D000FB617B689B08FA699A42D6D37B6803227C
:10D2E000134053D07B6803221340012B07D1FB6905
:10D2F0009B00BA68D218FB681B6812781A707B68AA
:10D3000003221340022B19D1FB699B00BA68D31882
:10D310001B781B021AB2FB699B000133B968CB185A
:10D320001B781BB213431AB21A217B181A80FB68B0
:10D330001B687B617B697A1812881A807B680322DC
:10D340001340032B22D1FB699B00BA68D3181B78CA
:10D350001B021AB2FB699B000133B968CB181B781A
:10D360001BB213431AB21A217B181A80FB681B6880
:10D370007B617B697A1812881A80FB699B000233F3
:10D38000BA68D218FB681B6812781A70FB681B68B1
:10D390001B681800BD4608B080BD80B586B000AFE0
:10D3A000F860B9607A6000237B6113E07B699B00C1
:10D3B000BA68D3181B881A047B699B000233B968CA
:10D3C000CB181B881900FB681B680A431A607B692D
:10D3D00001337B617B685B087A699A42E6D37B689C
:10D3E0000122134009D0FB681B683B617B699B00ED
:10D3F000BA68D3181A883B691A80FB681B681B68D7
:10D400001800BD4606B080BD80B586B000AFF8609C
:10D41000B9607A6017217B1800221A701F233B61C4
:10D42000BB680122134003D17B1801221A7045E02A
:10D43000C0463B695A1E3A61002B08D03B691F2247
:10D440001340BA68DA40130001221340F1D07B6820
:10D45000182B0FD07B68182B24D87B68102B11D089
:10D460007B68102B1ED87B68002B20D07B68082B94
:10D4700010D017E03B69062B1BD91723FB1801229C
:10D480001A7016E03B69072B15D91723FB180122E8
:10D490001A7010E03B690F2B0FD91723FB180122DC
:10D4A0001A700AE01723FB1801221A7006E0C04622
:10D4B00004E0C04602E0C04600E0C0461723FB1867
:10D4C0001B78002B0ED1FB681B68BA685A61FB6899
:10D4D0001B689B68182293431900FB681B687A68D5
:10D4E0000A439A601723FB181B781800BD4606B044
:10D4F00080BD000080B582B000AF78607B68002BF3
:10D5000001D1012391E07B681B681A00494B9A42C4
:10D5100010D87B681B68484A94466344142118005D
:10D52000E2F718FE03009A007B685A647B68434A5E
:10D530001A640FE07B681B68414A944663441421D7
:10D540001800E2F707FE03009A007B685A647B68C4
:10D550003C4A1A647B682522022199547B681B6827
:10D560001A687B681B6838490A401A607B681B6828
:10D5700019687B689A687B68DB681A437B681B695B
:10D580001A437B685B691A437B689B691A437B6813
:10D59000DB691A437B681B6A1A437B681B680A4372
:10D5A0001A607B68180000F0A9FA7B689A688023EB
:10D5B000DB019A4202D17B6800225A607B685A687C
:10D5C0007B689B6C7F210A401A607B68DB6C7A6801
:10D5D000126D5A607B685B68002B11D07B685B68BA
:10D5E000042B0DD87B68180000F0D2FA7B685B6DC5
:10D5F00000221A607B689B6D7A68D26D5A6008E0E1
:10D600007B6800225A657B6800229A657B6800224D
:10D61000DA657B680022DA637B6825220121995450
:10D620007B6824220021995400231800BD4602B0D3
:10D6300080BDC04607040240F8FFFDBF0000024065
:10D64000F8FBFDBF000402400F80FFFF80B586B0ED
:10D6500000AFF860B9607A603B601723FB180022C6
:10D660001A70FB6824229B5C012B01D102236FE01E
:10D67000FB68242201219954FB6825229B5CDBB2C4
:10D68000012B57D1FB68252202219954FB68002207
:10D69000DA63FB681B681A68FB681B6801218A4310
:10D6A0001A603B687A68B968F86800F0EBF9FB68C3
:10D6B0001B6B002B08D0FB681B681A68FB681B6893
:10D6C0000E210A431A600FE0FB681B681A68FB68AA
:10D6D0001B6804218A431A60FB681B681A68FB6890
:10D6E0001B680A210A431A60FB689B6C1A68802336
:10D6F0005B02134008D0FB689B6C1A68FB689B6C4C
:10D70000802149000A431A60FB685B6D002B08D03A
:10D71000FB685B6D1A68FB685B6D802149000A43FA
:10D720001A60FB681B681A68FB681B6801210A43C2
:10D730001A600AE0FB688022DA63FB682422002179
:10D7400099541723FB1801221A701723FB181B7812
:10D750001800BD4606B080BD80B582B000AF7860CD
:10D760007B68002B01D101234FE07B6825229B5C65
:10D77000DBB2022B08D07B680422DA637B682422A8
:10D7800000219954012340E07B681B681A687B687C
:10D790001B680E218A431A607B689B6C1A687B6841
:10D7A0009B6C1C490A401A607B681B681A687B687E
:10D7B0001B6801218A431A607B685B6C1C221A403B
:10D7C0007B681B6C012191400A005A607B68DB6C0E
:10D7D0007A68126D5A607B685B6D002B0CD07B6899
:10D7E0005B6D1A687B685B6D0A490A401A607B684A
:10D7F0009B6D7A68D26D5A607B682522012199540D
:10D800007B6824220021995400231800BD4602B0F1
:10D8100080BDC046FFFEFFFF80B584B000AF7860DA
:10D820000F217B1800221A707B6825229B5CDBB2DB
:10D83000022B06D07B680422DA637B1801221A705F
:10D8400048E07B681B681A687B681B680E218A4366
:10D850001A607B681B681A687B681B6801218A4311
:10D860001A607B689B6C1A687B689B6C1D490A4038
:10D870001A607B685B6C1C221A407B681B6C012160
:10D8800091400A005A607B68DB6C7A68126D5A60BE
:10D890007B685B6D002B0CD07B685B6D1A687B68C6
:10D8A0005B6D10490A401A607B689B6D7A68D26D87
:10D8B0005A607B682522012199547B68242200212B
:10D8C00099547B689B6B002B04D07B689B6B7A68B8
:10D8D000100098470F23FB181B781800BD4604B0B2
:10D8E00080BDC046FFFEFFFF80B584B000AF78600A
:10D8F0007B681B6C1B68FB607B681B681B68BB60DC
:10D900007B685B6C1C22134004229A401300FA6867
:10D91000134026D0BB680422134022D07B681B68CA
:10D920001B682022134007D17B681B681A687B683C
:10D930001B6804218A431A607B685B6C1C221A40B6
:10D940007B681B6C042191400A005A607B681B6B4A
:10D95000002B00D180E07B681B6B7A681000984731
:10D960007AE07B685B6C1C22134002229A40130011
:10D97000FA6813403CD0BB680222134038D07B6861
:10D980001B681B68202213400BD17B681B681A6838
:10D990007B681B680A218A431A607B682522012163
:10D9A00099547B681B681A002E4B9A4209D97B68F0
:10D9B0005B6C1C221A402C4B022191400A005A60D9
:10D9C00008E07B685B6C1C221A40284B02219140C6
:10D9D0000A005A607B682422002199547B68DB6A24
:10D9E000002B39D07B68DB6A7A681000984733E0F7
:10D9F0007B685B6C1C22134008229A401300FA6873
:10DA000013402AD0BB680822134026D07B681B68CD
:10DA10001A687B681B680E218A431A607B685B6CFE
:10DA20001C221A407B681B6C012191400A005A603D
:10DA30007B680122DA637B682522012199547B6887
:10DA40002422002199547B685B6B002B05D07B68F6
:10DA50005B6B7A6810009847C046C046BD4604B06C
:10DA600080BDC04680000240000402400000024029
:10DA700080B582B000AF78607B68DB6B1800BD4674
:10DA800002B080BD80B584B000AFF860B9607A6044
:10DA90003B60FB68DB6CFA68126D5A60FB685B6D7B
:10DAA000002B04D0FB689B6DFA68D26D5A60FB684E
:10DAB0005B6C1C221A40FB681B6C012191400A0020
:10DAC0005A60FB681B683A685A60FB689B68102BB9
:10DAD00008D1FB681B687A689A60FB681B68BA68A3
:10DAE000DA6007E0FB681B68BA689A60FB681B682D
:10DAF0007A68DA60C046BD4604B080BD80B584B0A7
:10DB000000AF78607B681B681A001D4B9A4214D8DE
:10DB10007B685B6C9B089B001A4A9A187B689A6426
:10DB20007B681B681A00FF231340083B1421180070
:10DB3000E2F710FB0300FB6014E07B685B6C9B0862
:10DB40009B00114A9A187B689A647B681B681A00CC
:10DB5000FF231340083B14211800E2F7FBFA0300EF
:10DB60000733FB607B68094ADA64FB681F221340B5
:10DB700001229A407B681A65C046BD4604B080BD4C
:10DB800007040240000802401C08024080080240CE
:10DB900080B584B000AF78607B685B687F221340FB
:10DBA000FB60FB680A4A944663449B001A007B684A
:10DBB0005A657B68074A9A65FB68013B032213405C
:10DBC00001229A407B68DA65C046BD4604B080BD3C
:10DBD0003F82001040090240B0B586B000AFF86047
:10DBE000B9603A607B60214B1B78012B01D1022385
:10DBF00038E01E4B01221A701C4B00225A60172578
:10DC00007C19FA239B00180000F07AF803002370B7
:10DC10007B191B78002B1FD1FB68012B06D13A68BA
:10DC20007B68B968080000F0B9F805E03A68BB689D
:10DC3000110018000AF0C4FD1723FC18FA239B00FA
:10DC4000180000F05DF803002370094B5A69FB6867
:10DC5000D943074B0A405A61044B00221A7017231C
:10DC6000FB181B781800BD4606B0B0BDD48F01204C
:10DC70000020024080B582B000AFFB1D00221A7068
:10DC80000B4B5B69002B0CDA094B0A4A9A60084B74
:10DC9000094A9A60064B5B69002B02DAFB1D0122E0
:10DCA0001A70FB1D1B781800BD4602B080BDC0462F
:10DCB0000020024023016745AB89EFCD80B582B0DB
:10DCC00000AFFB1D01221A70FA239B00180000F020
:10DCD00017F80A4B5A69094B802109060A435A6111
:10DCE000064B5B69002B02DAFB1D00221A70FB1D3C
:10DCF0001B781800BD4602B080BDC046002002401F
:10DD000080B584B000AF7860FDF7C8FF0300FB600A
:10DD1000C0239B02BB600CE07B68013309D0FDF798
:10DD2000BDFF0200FB68D31A7A689A4201D8032328
:10DD300028E0164B1B69BA681340EDD1134B1B69E1
:10DD4000134A1340BB60114B124A1A61BB68002B87
:10DD500011D0114BBA685A60012313E07B6801337C
:10DD600009D0FDF79BFF0200FB68D31A7A689A423C
:10DD700001D8032306E0054B1A698023DB02134018
:10DD8000ECD100231800BD4604B080BD0020024045
:10DD9000FAC30000FBC30800D48F0120B0B584B0E3
:10DDA00000AFF8603A607B600B4B5A690A4B012167
:10DDB0000A435A61FB683A681A60BFF36F8FC04626
:10DDC0007B681C0000231D00FB68043322001A60DE
:10DDD000C046BD4604B0B0BD00200240B0B584B01E
:10DDE00000AF78603960334B1B78012B01D10223DF
:10DDF0005CE0304B01221A702E4B00225A600F2536
:10DE00007C19FA239B001800FFF77AFF03002370A8
:10DE10002C003B191B78002B42D17B681B68042B1C
:10DE20000DD17B685B68180000F048F83C19FA23B4
:10DE30009B001800FFF764FF0300237030E03B688D
:10DE4000012252421A607B689B68BB601AE07B68C3
:10DE50005B68BA681100180000F044F80F257C19BF
:10DE6000FA239B001800FFF74BFF030023707B1978
:10DE70001B78002B03D03B68BA681A600AE0BB68C5
:10DE80000133BB607B689A687B68DB68D318BA682B
:10DE90009A42DCD3084B5A69074B02218A435A61E4
:10DEA000044B00221A700F23FB181B781800BD4684
:10DEB00004B0B0BDD48F01200020024080B582B0F4
:10DEC00000AF7860064B5A697B681A43044B802187
:10DED00049020A435A61C046BD4602B080BDC046F1
:10DEE0000020024080B584B000AF786039600F4BED
:10DEF0005B690F4A1340FB607B68042B05D0FB680D
:10DF0000802292011343FB6003E0FB68094A13403F
:10DF1000FB603B68DA00FB681A43044B06490A437E
:10DF20005A61C046BD4604B080BDC04600200240D4
:10DF300007E0FFFFFFDFFFFF0200010080B586B0B2
:10DF400000AF7860396000237B614DE13B681B685E
:10DF500001217A6991400A001340FB60FB68002BA5
:10DF600000D13EE13B685B6803221340012B05D0E2
:10DF70003B685B6803221340022B30D17B689B68AF
:10DF80003B617B695B0003229A401300DA433B69E3
:10DF900013403B613B68DA687B695B009A40130081
:10DFA0003A6913433B617B683A699A607B685B68B6
:10DFB0003B6101227B699A401300DA433B691340BD
:10DFC0003B613B685B681B0901221A407B699A40F0
:10DFD00013003A6913433B617B683A695A603B68B6
:10DFE0005B6803221340032B17D07B68DB683B611F
:10DFF0007B695B0003229A401300DA433B691340BC
:10E000003B613B689A687B695B009A4013003A6900
:10E0100013433B617B683A69DA603B685B680322C3
:10E020001340022B23D17B69DA087B680832920007
:10E03000D3583B617B69072213409B000F229A4013
:10E040001300DA433B6913403B613B681A697B6903
:10E0500007210B409B009A4013003A6913433B6130
:10E060007B69DA087B68083292003969D1507B6895
:10E070001B683B617B695B0003229A401300DA4313
:10E080003B6913403B613B685B6803221A407B6934
:10E090005B009A4013003A6913433B617B683A691D
:10E0A0001A603B685A68C0239B02134000D198E075
:10E0B000534A7B699B0818339B009B583B617B69E3
:10E0C00003221340DB000F229A401300DA433B691E
:10E0D00013403B617A68A023DB059A4219D07B6824
:10E0E000484A934213D07B68474A93420DD07B68DD
:10E0F000464A934207D07B68454A934201D10423A4
:10E1000008E0052306E0032304E0022302E00123E4
:10E1100000E000237A6903210A40D20093403A6963
:10E1200013433B6136497B699B0818339B003A696E
:10E130005A50334B1B683B61FB68DA433B69134021
:10E140003B613B685A6880235B03134003D03A6904
:10E15000FB6813433B612A4B3A691A60284B5B68A2
:10E160003B61FB68DA433B6913403B613B685A689B
:10E1700080239B03134003D03A69FB6813433B6140
:10E180001F4B3A695A601E4A8423D3583B61FB688F
:10E19000DA433B6913403B613B685A6880239B022A
:10E1A000134003D03A69FB6813433B61144984224E
:10E1B0003B698B50124A8023D3583B61FB68DA439A
:10E1C0003B6913403B613B685A6880235B02134004
:10E1D00003D03A69FB6813433B61094980223B69DC
:10E1E0008B507B6901337B613B681A687B69DA403D
:10E1F000131E00D0AAE6C046C046BD4606B080BD8C
:10E20000001802400004005000080050000C0050AC
:10E210000010005080B584B000AF78600A00BB1CCD
:10E220001A807B681B69BA1C1288134004D00F2324
:10E23000FB1801221A7003E00F23FB1800221A704A
:10E240000F23FB181B781800BD4604B080BD80B5B5
:10E2500082B000AF786008001100BB1C021C1A805D
:10E260007B1C0A1C1A707B1C1B78002B04D0BB1C67
:10E270001A887B689A6103E0BB1C1A887B689A62E3
:10E28000C046BD4602B080BD80B584B000AF7860A6
:10E290000A00BB1C1A807B685B69FB60BB1C1B8887
:10E2A000FA6813401A04FB68DB43B91C09880B4069
:10E2B0001A437B689A61C046BD4604B080BD000029
:10E2C00080B582B000AF78600C4BDB687A683F2184
:10E2D0000A40D2431A4011007B681A0A074B0A43CE
:10E2E000DA60064B99687B683F221A40034B0A4369
:10E2F0009A60C046BD4602B080BDC0460070004076
:10E3000080B582B000AF7860064B9A687B683F2189
:10E310000B40D943034B0A409A60C046BD4602B049
:10E3200080BDC0460070004080B582B000AF78600C
:10E330000A00FB1C1A707B68002B09D0144B1B6869
:10E34000072293431A00124B01210A431A6005E089
:10E350000F4B1A680E4B07218A431A600D4B1A693E
:10E360000C4B04210A431A61FB1C1B78012B01D1C1
:10E3700030BF02E040BF20BF20BF064B1A69054BEB
:10E3800004218A431A61C046BD4602B080BDC04622
:10E390000070004000ED00E080B500AF094B1B6845
:10E3A000072293431A00074B03210A431A60064BC6
:10E3B0001A69054B04210A431A6130BFC046BD46A5
:10E3C00080BDC0460070004000ED00E080B500AFA9
:10E3D000044B9A68034B802149000A439A60C04667
:10E3E000BD4680BD0070004080B584B000AF78604D
:10E3F000194B1B68194A13401900174B7A680A43D6
:10E400001A607A6880239B009A421FD1144B1A68C5
:10E4100013005B009B185B0012491800E1F79AFE9D
:10E4200003000133FB6008E0FB68002B03D0FB68AE
:10E43000013BFB6001E0032309E0074B5A6980239D
:10E44000DB001A408023DB009A42EDD00023180045
:10E45000BD4604B080BDC04600700040FFF9FFFF1C
:10E46000C801002040420F0080B500AF034B9A68FE
:10E47000E023DB0113401800BD4680BD00100240C0
:10E4800080B588B000AF78607B68002B02D1012393
:10E4900000F050FB7B681B680122134000D17CE038
:10E4A000C34B9B6838221340BB61C14BDB6803221E
:10E4B00013407B61BB69102B02D17B69032B02D017
:10E4C000BB69082B0BD1BA4B1A6880239B021340FF
:10E4D00062D07B685B68002B5ED101232AE37B68F6
:10E4E0005A6880235B029A4207D1B14B1A68B04B3D
:10E4F000802149020A431A6020E07B685A68A02301
:10E50000DB029A420ED1AA4B1A68A94B8021C9029C
:10E510000A431A60A64B1A68A54B802149020A4398
:10E520001A600BE0A24B1A68A14BA2490A401A607C
:10E530009F4B1A689E4BA0490A401A607B685B6833
:10E54000002B14D0FDF7AAFB03003B6108E0FDF7A8
:10E55000A5FB02003B69D31A642B01D90323E9E22E
:10E56000934B1A6880239B021340F0D015E0FDF70F
:10E5700095FB03003B6108E0FDF790FB02003B695F
:10E58000D31A642B01D90323D4E2894B1A68802360
:10E590009B021340F0D100E0C0467B681B6802225A
:10E5A000134000D199E0824B9B6838221340BB6135
:10E5B0007F4BDB68032213407B61BB69102B02D1C8
:10E5C0007B69022B02D0BB69002B35D1784B1A68CE
:10E5D0008023DB00134005D07B68DB68002B01D172
:10E5E0000123A7E2724B5B68744A134019007B68F1
:10E5F0005B691A026E4B0A435A60BB69002B12D149
:10E600006B4B1B686E4A134019007B681A69684B94
:10E610000A431A60664B1B68DB0A07221340694AEB
:10E62000DA40694B1A60694B1B681800FDF7DAFA8B
:10E63000031E51D001237DE27B68DB68002B30D0C4
:10E640005B4B1B685E4A134019007B681A69584B84
:10E650000A431A60564B1A68554B802149000A43F9
:10E660001A60FDF71BFB03003B6108E0FDF716FB9A
:10E6700002003B69D31A022B01D903235AE24C4B07
:10E680001A688023DB001340F0D0494B5B684B4A8B
:10E69000134019007B685B691A02454B0A435A60B4
:10E6A0001BE0434B1A68424B49490A401A60FDF788
:10E6B000F5FA03003B6108E0FDF7F0FA02003B6960
:10E6C000D31A022B01D9032334E2394B1A68802371
:10E6D000DB001340F0D100E0C0467B681B680822D5
:10E6E000134047D0324B9B6838221340182B0AD175
:10E6F0002F4B1B6E022213403CD07B689B69002B82
:10E7000038D1012316E27B689B69002B19D0284B76
:10E710001A6E274B01210A431A66FDF7BFFA030060
:10E720003B6108E0FDF7BAFA02003B69D31A022BFD
:10E7300001D90323FEE11E4B1B6E02221340F1D0D0
:10E7400018E01B4B1A6E1A4B01218A431A66FDF71B
:10E75000A5FA03003B6108E0FDF7A0FA02003B695F
:10E76000D31A022B01D90323E4E1114B1B6E0222C1
:10E770001340F1D17B681B680422134000D1C7E02D
:10E780001F23FB1800221A70094B9B683822134084
:10E79000202B1FD1064BDB6D0222134000D1B7E0C6
:10E7A0007B689B68002B00D0B2E00123C2E1C04629
:10E7B00000100240FFFFFEFFFFFFFBFFFF80FFFF97
:10E7C000FFC7FFFF0024F400C8010020E001002083
:10E7D000FFFEFFFFB54BDA6B80235B05134001D1D1
:10E7E000012300E00023002B11D0B04BDA6BAF4BBC
:10E7F000802149050A43DA63AC4BDA6B80235B0561
:10E800001340FB60FB681F23FB1801221A70A84B02
:10E810001A6880235B0013401AD1A54B1A68A44BD9
:10E82000802149000A431A60FDF738FA03003B6172
:10E8300008E0FDF733FA02003B69D31A022B01D935
:10E84000032377E19A4B1A6880235B001340F0D0D2
:10E850007B689B68012B06D1944BDA6D934B0121A9
:10E860000A43DA651CE07B689B68052B0CD18F4B53
:10E87000DA6D8E4B04210A43DA658C4BDA6D8B4BD3
:10E8800001210A43DA650BE0884BDA6D874B0121E1
:10E890008A43DA65854BDA6D844B04218A43DA6555
:10E8A0007B689B68002B14D0FDF7F8F903003B61EF
:10E8B00009E0FDF7F3F902003B69D31A7D4A934260
:10E8C00001D9032336E1794BDB6D02221340F0D0EE
:10E8D00013E0FDF7E3F903003B6109E0FDF7DEF922
:10E8E00002003B69D31A734A934201D9032321E101
:10E8F0006E4BDB6D02221340F0D11F23FB181B78F7
:10E90000012B05D1694BDA6B684B6B490A40DA631E
:10E910007B681B682022134039D07B68DB69002BA1
:10E920001BD0624B1A68614B8021C9030A431A60ED
:10E93000FDF7B4F903003B6108E0FDF7AFF9020011
:10E940003B69D31A022B01D90323F3E0574B1A6812
:10E9500080231B041340F0D019E0544B1A68534B2A
:10E9600056490A401A60FDF799F903003B6108E037
:10E97000FDF794F902003B69D31A022B01D9032356
:10E98000D8E04A4B1A6880231B041340F0D17B68FF
:10E990001B6A002B00D1CCE0444B9B68382213400B
:10E9A000102B00D17BE07B681B6A022B56D13F4BBA
:10E9B0001A683E4B42490A401A60FDF76FF903009E
:10E9C0003B6108E0FDF76AF902003B69D31A022BAC
:10E9D00001D90323AEE0354B1A6880239B04134012
:10E9E000F0D1324BDB68374A134019007B685A6A12
:10E9F0007B689B6A1A437B68DB6A1B021A437B684D
:10EA00001B6B1A437B685B6B1A437B689B6B1A43D7
:10EA1000264B0A43DA60254B1A68244B80214904AF
:10EA20000A431A60214BDA68204B802149050A43CA
:10EA3000DA60FDF733F903003B6108E0FDF72EF9DA
:10EA400002003B69D31A022B01D9032372E0174B52
:10EA50001A6880239B041340F0D06AE0134B1A68B5
:10EA6000124B17490A401A60FDF718F903003B6181
:10EA700008E0FDF713F902003B69D31A022B01D914
:10EA8000032357E0094B1A6880239B041340F0D1FD
:10EA9000064BDA68054B0C490A40DA6049E07B68AE
:10EAA0001B6A012B12D1012344E0C0460010024032
:10EAB0000070004088130000FFFFFFEFFFFFBFFF63
:10EAC000FFFFFFFE8C80C111FCFFFEEE1B4BDB68DD
:10EAD0007B617B6903221A407B685B6A9A4226D17C
:10EAE0007B6970221A407B689B6A9A421FD17A69BF
:10EAF000FE23DB011A407B68DB6A1B029A4216D1B7
:10EB00007A69F8239B031A407B681B6B9A420ED1EB
:10EB10007A69E0231B051A407B685B6B9A4206D139
:10EB20007B695B0F5A077B689B6B9A4201D001237C
:10EB300000E000231800BD4608B080BD0010024070
:10EB400080B584B000AF786039607B68002B01D15C
:10EB50000123E9E0764B1B68072213403A689A428A
:10EB60001ED9734B1B68072293431900704B3A68F8
:10EB70000A431A60FDF792F80300FB6009E0FDF715
:10EB80008DF80200FB68D31A6A4A934201D9032325
:10EB9000CAE0674B1B68072213403A689A42EED1DD
:10EBA0007B681B680222134015D07B681B68042217
:10EBB000134006D0604B9A685F4BE021C9010A43BD
:10EBC0009A605D4B9B685D4A134019007B689A68A8
:10EBD000594B0A439A607B681B680122134057D047
:10EBE0007B685B68012B07D1534B1A6880239B021B
:10EBF00013402BD1012397E07B685B68022B07D180
:10EC00004D4B1A6880239B0413401FD101238BE0D6
:10EC10007B685B68002B07D1474B1A688023DB00B9
:10EC2000134013D101237FE07B685B68032B06D17F
:10EC3000414B1B6E0222134008D1012374E03E4B6E
:10EC4000DB6D0222134001D101236DE03A4B9B683A
:10EC50000722934319007B685A68374B0A439A602E
:10EC6000FDF71CF80300FB6009E0FDF717F8020050
:10EC7000FB68D31A2F4A934201D9032354E02E4B49
:10EC80009B6838221A407B685B68DB009A42ECD1B3
:10EC9000274B1B68072213403A689A421ED2244B26
:10ECA0001B68072293431900214B3A680A431A60F4
:10ECB000FCF7F4FF0300FB6009E0FCF7EFFF020044
:10ECC000FB68D31A1B4A934201D903232CE0184B4B
:10ECD0001B68072213403A689A42EED17B681B6892
:10ECE0000422134009D0144B9B68154A13401900A5
:10ECF0007B68DA68104B0A439A6000F029F801003B
:10ED00000D4B9B681B0A0F221A400E4B9200D358E2
:10ED10001F2213400A00DA400B4B1A600B4B1B6892
:10ED20001800FCF75FFF03001800BD4604B080BD6B
:10ED3000002002408813000000100240FFF0FFFF97
:10ED4000FF8FFFFFE0B50208C8010020E0010020AE
:10ED500080B586B000AF3C4B9B68382213400FD182
:10ED6000394B1B68DB0A0722134001229A4013002B
:10ED70003B6039683548E1F7EDF903003B615DE040
:10ED8000314B9B6838221340082B02D1304B3B613A
:10ED900054E02D4B9B6838221340102B38D12A4B5E
:10EDA000DB6803221340FB60274BDB681B0907224B
:10EDB00013400133BB60FB68032B0DD1B9682448B5
:10EDC000E1F7C8F9030019001F4BDB681B0A7F221B
:10EDD00013404B437B610DE0B9681C48E1F7BAF979
:10EDE00003001900184BDB681B0A7F2213404B43BA
:10EDF0007B61C046144BDB685B0F07221340013375
:10EE00007B6079687869E1F7A5F903003B6115E05B
:10EE10000D4B9B6838221340202B03D180231B020B
:10EE20003B610BE0084B9B6838221340182B03D141
:10EE3000FA23DB013B6101E000233B613B691800E1
:10EE4000BD4606B080BDC046001002400024F4005C
:10EE500000127A0080B500AF024B1B681800BD4657
:10EE600080BDC046C8010020B0B500AFFFF7F2FF7B
:10EE70000400FFF7F9FA03001A0B054B9200D35870
:10EE80001F221340DC4023001800BD46B0BDC04621
:10EE900020B6020880B586B000AF78601323FB1857
:10EEA00000221A701223FB1800221A707B681A685D
:10EEB00080239B02134000D1ADE011203B180022BB
:10EEC0001A70474BDA6B80235B05134010D1444B1B
:10EED000DA6B434B802149050A43DA63404BDA6B16
:10EEE00080235B051340BB60BB683B1801221A708E
:10EEF0003C4B1A683B4B802149000A431A60FCF7DF
:10EF0000CDFE0300FB600BE0FCF7C8FE0200FB68CF
:10EF1000D31A022B04D91323FB1803221A7005E01D
:10EF2000304B1A6880235B001340EDD01323FB188D
:10EF30001B78002B5ED12A4BDA6DC0239B00134057
:10EF40007B617B69002B19D07B681B6C7A699A42C4
:10EF500014D0234BDB6D244A13407B61204BDA6DC8
:10EF60001F4B802149020A43DA651D4BDA6D1C4BA9
:10EF70001E490A40DA651A4B7A69DA657B69012213
:10EF8000134016D0FCF78AFE0300FB600CE0FCF790
:10EF900085FE0200FB68D31A154A934204D9132355
:10EFA000FB1803221A7004E00D4BDB6D02221340A4
:10EFB000EDD01323FB181B78002B0AD1084BDB6D17
:10EFC000094A134019007B681A6C054B0A43DA653D
:10EFD00016E01223FB181322BA1812781A700FE0E9
:10EFE0000010024000700040FFFCFFFFFFFFFEFF2B
:10EFF000881300001223FB181322BA1812781A7013
:10F000001123FB181B78012B05D1B64BDA6BB54BDE
:10F01000B5490A40DA637B681B680122134009D0B6
:10F02000B04B5B6D0322934319007B685A68AD4B6C
:10F030000A435A657B681B680222134009D0A94B1A
:10F040005B6D0C22934319007B689A68A54B0A43B9
:10F050005A657B681B680422134009D0A14B5B6D85
:10F060003022934319007B68DA689E4B0A435A6545
:10F070007B681B681022134009D09A4B5B6D9B4A3A
:10F08000134019007B681A69964B0A435A657B68DE
:10F090001A6880235B01134009D0924B5B6D944A40
:10F0A000134019007B685A698E4B0A435A657B6886
:10F0B0001A6880239B00134009D08A4B5B6D8D4AF0
:10F0C000134019007B689A6A864B0A435A657B682D
:10F0D0001A688023DB00134009D0824B5B6D864A9F
:10F0E000134019007B68DA6A7E4B0A435A657B68D5
:10F0F0001B682022134009D07A4B5B6D7F4A134076
:10F1000019007B689A69774B0A435A657B681B68CC
:10F110004022134009D0734B5B6D794A13401900AC
:10F120007B68DA696F4B0A435A657B681A688023EB
:10F13000DB01134015D06B4B5B6D9B0099087B681E
:10F140001A6B684B0A435A657B681A6B8023DB0590
:10F150009A4206D1634BDA68624B802149020A4326
:10F16000DA607B681A6880231B03134009D05D4B6B
:10F170005B6D4022934319007B685A6B594B0A43DD
:10F180005A657B681A6880239B03134016D0554B41
:10F190005B6D5C4A134019007B689A6B514B0A43C4
:10F1A0005A657B689A6B8023DB039A4206D14D4BEC
:10F1B000DA684C4B802149040A43DA607B681A689C
:10F1C0008023DB03134016D0464B5B6D4E4A134041
:10F1D00019007B68DA6B434B0A435A657B68DA6B2C
:10F1E00080235B049A4206D13E4BDA683D4B802176
:10F1F00049040A43DA607B681A6880231B011340C4
:10F2000014D0384B9B6D0322934319007B681A6A14
:10F21000344B0A439A657B681B6A012B06D1314B3C
:10F22000DA68304B802149020A43DA607B681A6849
:10F2300080239B01134014D02A4B9B6D0C229343D7
:10F2400019007B685A6A274B0A439A657B685B6A98
:10F25000042B06D1234BDA68224B802149020A4352
:10F26000DA607B681A6880235B04134016D01D4B5C
:10F270009B6D224A134019007B685A6C194B0A4354
:10F280009A657B685A6C80239B019A4206D1154B84
:10F29000DA68144B802149040A43DA607B681A68F3
:10F2A00080239B04134016D00E4B9B6D104A1340D5
:10F2B00019007B689A6C0B4B0A439A657B689A6CC1
:10F2C00080235B009A4206D1064BDA68054B802109
:10F2D00049040A43DA601223FB181B781800BD4664
:10F2E00006B080BD00100240FFFFFFEFFFF3FFFFFD
:10F2F000FFFCFFFFFFFFF3FFFFFFCFFFFFCFFFFF8D
:10F30000FF3FFFFFFFFFBFFFFFFFFFFEB0B584B071
:10F3100000AF78600F23FB1801221A707B68002B66
:10F3200000D18CE07B6829229B5CDBB2002B0BD1E7
:10F330007B682822002199547B68882212025A6037
:10F340007B681800F4F7EAFD7B68292202219954B2
:10F350007B681B68DB6810221340102B62D07B682F
:10F360001B68CA225A627B681B6853225A620F25A7
:10F370007C197B68180000F011FB03002370280043
:10F380003B181B78002B2CD17B681B689A697B6823
:10F390001B682E490A409A617B681B6899697B68E3
:10F3A0009A687B685B691A437B68DB691A437B68F0
:10F3B0001B680A439A617B681B687A6812691A6144
:10F3C0007B681B6819697B68DB681A047B681B68AB
:10F3D0000A431A613C187B68180000F021FB030007
:10F3E00023700F23FB181B78002B16D17B681B683A
:10F3F0009A697B681B68D200D2089A617B681B6897
:10F4000099697B685A6A7B681B6A1A437B689B69A7
:10F410001A437B681B680A439A617B681B68FF225A
:10F420005A6203E00F23FB1800221A700F23FB1807
:10F430001B78002B03D17B682922012199540F23CB
:10F44000FB181B781800BD4604B0B0BDBFFF8FFB92
:10F45000B0B584B000AF78607B682922022199544E
:10F460007B681B68CA225A627B681B6853225A62F7
:10F470000F257C197B68180000F090FA03002370B8
:10F480007B191B78002B5CD17B681B6800221A60FB
:10F490007B681B68394A5A607B681B689A697B687D
:10F4A0001B6807210A409A61FCF7F8FB0300BB6068
:10F4B00012E0FCF7F3FB0200BB68D21AFA239B00B0
:10F4C0009A4209D97B681B68FF225A627B6829220D
:10F4D0000321995403234CE07B681B68DB680422FA
:10F4E0001340E6D07B681B689B697B681B68002221
:10F4F0009A617B681B68224A5A617B681B68214AB3
:10F500001A617B681B6800221A647B681B680022F2
:10F510009A647B681B680022DA627B681B680022A1
:10F520009A627B681B6800225A647B681B68002211
:10F53000DA640F23FC187B68180000F071FA0300EE
:10F5400023707B681B68FF225A620F23FB181B780D
:10F55000002B07D17B681800F4F71AFD7B6829227D
:10F56000002199547B682822002199540F23FB180D
:10F570001B781800BD4604B0B0BDC0460121000094
:10F58000FFFF0000FF007F00B0B586B000AFF8605D
:10F59000B9607A60FB6828229B5C012B01D10223B1
:10F5A00092E0FB68282201219954FB68292202215C
:10F5B0009954FB681B68CA225A62FB681B68532275
:10F5C0005A6213257C19FB68180000F0E7F9030064
:10F5D00023707B191B78002B62D17B68002B25D10F
:10F5E000FB681B689B694022134002D1BB68002264
:10F5F000DA70BB681B78180000F056FA03001C0490
:10F60000BB685B78180000F04FFA03001B021C4334
:10F61000BB689B78180000F047FA030022001A43E9
:10F62000BB68DB789B0513437B6117E0FB681B68B5
:10F630009B694022134002D1BB680022DA70BB688C
:10F640001B781A04BB685B781B021343BA68927874
:10F650001A43BB68DB789B0513437B61FB681B681F
:10F660007A691B490A401A60FB681B689A69FB6843
:10F670001B6818490A409A61FB681B689969BB6856
:10F68000DA68BB681B691A43FB681B680A439A6106
:10F690001323FC18FB68180000F0C2F90300237064
:10F6A000FB681B68FF225A621323FB181B78002B90
:10F6B00003D1FB68292201219954FB6828220021EB
:10F6C00099541323FB181B781800BD4606B0B0BD33
:10F6D0007F7F7F00FFFFFBFF80B586B000AFF86043
:10F6E000B9607A60FB681B689A68BB685A60FB68FF
:10F6F0001B681B695B045A0CBB689A60FB681B683B
:10F700001B68224A13407B617B691B0CDBB23F22E2
:10F710001340DAB2BB681A707B691B0ADBB27F2226
:10F720001340DAB2BB685A707B69DBB27F221340A8
:10F73000DAB2BB689A707B699B0DDBB20122134081
:10F74000DAB2BB68DA707B68002B1AD1BB681B7811
:10F75000180000F0D1F903001A00BB681A70BB68EA
:10F760005B78180000F0C8F903001A00BB685A70F3
:10F77000BB689B78180000F0BFF903001A00BB6853
:10F780009A7000231800BD4606B080BD7F7F7F00C1
:10F79000B0B586B000AFF860B9607A60FB68282227
:10F7A0009B5C012B01D102237EE0FB682822012112
:10F7B0009954FB682922022199547B68002B0ED1B1
:10F7C000BB685B781A001023134008D0BB685B78D5
:10F7D00010229343DBB20A33DAB2BB685A707B68FB
:10F7E000002B1CD1BB68DB78180000F05DF903002A
:10F7F0001C04BB685B78180000F056F903001B027C
:10F800001C43BB689B78180000F04EF903002200EF
:10F810001A43BB681B785B0313437B610EE0BB6834
:10F82000DB781A04BB685B781B021343BA689278D2
:10F830001A43BB681B785B0313437B61FB681B683F
:10F84000CA225A62FB681B6853225A6213257C192C
:10F85000FB68180000F0A2F80300237028003B1892
:10F860001B78002B0CD1FB681B687A6910490A4091
:10F870005A603C18FB68180000F0D2F803002370AF
:10F88000FB681B68FF225A621323FB181B78002BAE
:10F8900003D1FB68292201219954FB682822002109
:10F8A00099541323FB181B781800BD4606B0B0BD51
:10F8B0003FFFFF0080B586B000AFF860B9607A60A6
:10F8C000FB681B685B68214A13407B617B691B0CEA
:10F8D000DAB2BB68DA707B691B0ADBB21F22134005
:10F8E000DAB2BB685A707B69DBB23F221340DAB2EE
:10F8F000BB689A707B695B0BDBB207221340DAB2FC
:10F90000BB681A707B68002B1AD1BB68DB781800C3
:10F9100000F0F2F803001A00BB68DA70BB685B788D
:10F92000180000F0E9F803001A00BB685A70BB68C1
:10F930009B78180000F0E0F803001A00BB689A708A
:10F9400000231800BD4606B080BDC0463FFFFF0043
:10F9500080B584B000AF78607B681B680E4ADA60BF
:10F96000FCF79CF90300FB600AE0FCF797F9020042
:10F97000FB68D21AFA239B009A4201D9032306E0BE
:10F980007B681B68DB6820221340EED00023180040
:10F99000BD4604B080BDC0465F00010080B584B0A4
:10F9A00000AF78600F23FB1800221A707B681B6879
:10F9B000DB68402213402CD17B681B68DA687B68C7
:10F9C0001B6880210A43DA60FCF768F90300BB601A
:10F9D00014E0FCF763F90200BB68D21A0F203B1851
:10F9E000391809781970FA239B009A4206D93B18F6
:10F9F00003221A707B682922032199547B681B68B3
:10FA0000DB684022134004D10F23FB181B78032B23
:10FA1000DFD10F23FB181B781800BD4604B080BD52
:10FA200090B585B000AF78600F243B1900221A70A2
:10FA30001C4BDA681B4B80218A43DA60194B9B69A7
:10FA4000202213400DD17B681800FFF781FF031EB1
:10FA500021D07B682922032199543B1903221A7073
:10FA600019E0104B9A690F4B20218A439A617B68F9
:10FA70001800FFF76DFF031E07D07B6829220321C2
:10FA800099540F23FB1803221A70064B9A69054BF1
:10FA900020210A439A610F23FB181B781800BD46EA
:10FAA00005B090BD0028004080B584B000AF0200D2
:10FAB000FB1D1A700023FB600B23FB18FA1D127844
:10FAC0001A7008E0FB680133FB600B22BB18BA1800
:10FAD00012780A3A1A700B217B181B78092BF1D87F
:10FAE000FB68DBB21B01DAB27B181B781343DBB275
:10FAF0001800BD4604B080BD80B584B000AF0200E0
:10FB0000FB1D1A70FB1D1B781B09DBB21A001300CA
:10FB10009B009B185B00FB60FB68DAB2FB1D1B7847
:10FB20000F210B40DBB2D318DBB21800BD4604B086
:10FB300080BD80B586B000AFF860B9607A60FB68C0
:10FB40001B681A00FB685B68D3187B617B69013313
:10FB5000FF333B61BB689B003A69D3183B613B694B
:10FB60007A681A60C046BD4606B080BD80B584B0D4
:10FB700000AF786039607B681B681A007B685B683F
:10FB8000D318FB60FB680133FF33BB603B689B000D
:10FB9000BA68D318BB60BB681B681800BD4604B0C8
:10FBA00080BD80B582B000AF78607B68002B01D14A
:10FBB00001234AE07B683D229B5CDBB2002B07D12E
:10FBC0007B683C22002199547B68180000F041F8C2
:10FBD0007B683D22022199547B681A687B68043354
:10FBE0001900100000F098F87B6848220121995410
:10FBF0007B683E22012199547B683F220121995460
:10FC00007B684022012199547B684122012199544B
:10FC10007B684222012199547B6843220121995437
:10FC20007B684422012199547B6845220121995423
:10FC30007B684622012199547B684722012199540F
:10FC40007B683D220121995400231800BD4602B073
:10FC500080BD80B582B000AF7860C046BD4602B0BE
:10FC600080BD000080B584B000AF78607B683D2225
:10FC70009B5CDBB2012B01D001233FE07B683D227E
:10FC8000022199547B681B681E4A934214D07B68FA
:10FC90001A688023DB059A420ED07B681B681A4ADB
:10FCA000934209D07B681B68184A934204D07B6852
:10FCB0001B68174A934216D17B681B689B68154ADC
:10FCC0001340FB60FB68062B16D0FA6880235B02AA
:10FCD0009A4211D07B681B681A687B681B680121F7
:10FCE0000A431A6008E07B681B681A687B681B6817
:10FCF00001210A431A6000E0C04600231800BD46F7
:10FD000004B080BD002C0140000400400008004009
:10FD1000004001400700010080B584B000AF78606A
:10FD200039607B681B68FB607B683F4A93420CD05C
:10FD30007A688023DB059A4207D07B683B4A93426E
:10FD400003D07B683A4A934208D1FB687022934300
:10FD5000FB603B685B68FA681343FB607B68324A70
:10FD600093421CD07A688023DB059A4217D07B68C7
:10FD70002E4A934213D07B682D4A93420FD07B6862
:10FD80002C4A93420BD07B682B4A934207D07B6866
:10FD90002A4A934203D07B68294A934208D1FB68E0
:10FDA000284A1340FB603B68DB68FA681343FB603A
:10FDB000FB68802293431A003B685B691343FB6036
:10FDC0007B68FA681A603B689A687B68DA623B680D
:10FDD0001A687B689A627B68134A93420BD07B68EF
:10FDE000154A934207D07B68144A934203D07B683C
:10FDF000134A934203D13B681A697B681A637B6894
:10FE000001225A617B681B6901221340012B06D134
:10FE10007B681B69012293431A007B681A61C04604
:10FE2000BD4604B080BDC046002C01400004004027
:10FE30000008004000200040004001400044014014
:10FE400000480140FFFCFFFF80B582B000AF786042
:10FE50007B68002B01D1012346E07B6888229B58F8
:10FE6000002B07D17B688422002199547B681800FD
:10FE7000F4F788FA7B688822242199507B681B68F4
:10FE80001A687B681B6801218A431A607B689B6A39
:10FE9000002B03D07B68180001F0D8F87B681800AD
:10FEA00000F07EFD0300012B01D101231CE07B68E3
:10FEB0001B685A687B681B680D490A405A607B685A
:10FEC0001B689A687B681B682A218A439A607B6852
:10FED0001B681A687B681B6801210A431A607B68EB
:10FEE000180001F067F903001800BD4602B080BD9C
:10FEF000FFB7FFFF80B582B000AF78607B68002B52
:10FF000001D1012332E07B688822242199507B684B
:10FF10001B681A687B681B6801218A431A607B682A
:10FF20001B6800221A607B681B6800225A607B688D
:10FF30001B6800229A607B68180000F01BF87B6841
:10FF40009022002199507B688822002199507B687B
:10FF50008C22002199507B680022DA667B6800229F
:10FF60001A677B6884220021995400231800BD463B
:10FF700002B080BD80B582B000AF7860C046BD469B
:10FF800002B080BD80B58AB002AFF860B9603B6056
:10FF9000BB1D1A80FB6888229B58202B00D090E064
:10FFA000BB68002B03D0BB1D1B88002B01D1012394
:10FFB00088E0FB689A6880235B019A4209D1FB685C
:10FFC0001B69002B05D1BB680122134001D001231E
:10FFD00078E0FB68902200219950FB68882221215B
:10FFE0009950FBF75BFE03007B61FB68BA1D54214F
:10FFF00012885A52FB68BA1D562112885A52FB6861
:020000040802F0
:100000009A6880235B019A4208D1FB681B69002B28
:1000100004D10023FB61BB68BB6103E0BB68FB61EB
:100020000023BB6130E07A69F8683B6800931300F5
:100030000022802101F068F9031E05D0FB688822A8
:100040002021995003233DE0FB69002B0BD1BB69B4
:100050001B881A00FB681B68D205D20D9A62BB6927
:100060000233BB6107E0FB691A78FB681B689A6280
:10007000FB690133FB61FB6856229B5A9BB2013B33
:1000800099B2FB6856229952FB6856229B5A9BB242
:10009000002BC8D17A69F8683B68009313000022EE
:1000A000402101F031F9031E05D0FB688822202190
:1000B0009950032306E0FB688822202199500023F1
:1000C00000E002231800BD4608B080BD80B58CB0AA
:1000D00000AFF860B960BB1D1A80FB6888229B588E
:1000E000202B00D08DE0BB68002B03D0BB1D1B88EC
:1000F000002B01D1012385E0FB689A6880235B0116
:100100009A4209D1FB681B69002B05D1BB6801220B
:10011000134001D0012375E0FB68BA681A65FB68DB
:10012000BA1D542112885A52FB68BA1D56211288F2
:100130005A52FB6800229A67FB689022002199506E
:10014000FB68882221219950FB685A6E80239B0509
:100150009A422AD1FB689A6880235B019A4207D1B0
:10016000FB681B69002B03D1FB68284A9A6702E0F1
:10017000FB68274A9A67EFF31083FB61FB69BB6258
:1001800001233B623B6A83F31088C046FB681B680F
:100190009A68FB681B68802109040A439A60BB6A5D
:1001A0007B627B6A83F3108829E0FB689A6880236E
:1001B0005B019A4207D1FB681B69002B03D1FB68E6
:1001C000144A9A6702E0FB68134A9A67EFF31083B8
:1001D0003B613B69FB6201237B617B6983F3108890
:1001E000C046FB681B681A68FB681B6880210A43CD
:1001F0001A60FB6ABB61BB6983F31088C0460023A9
:1002000000E002231800BD460CB080BD051B0208AB
:10021000191A02085B190208A718020880B58CB0E9
:1002200000AF78607B6888229B58FB627B688C22D9
:100230009B58BB627B681B689B6880221340802BA5
:1002400038D1FB6A212B35D1EFF310837B617B69B9
:100250007B620123BB61BB6983F31088C0467B6866
:100260001B689A687B681B6880218A439A607B6A56
:10027000FB61FB6983F31088C0467B68DB6F002B52
:1002800014D07B68DB6F1800FDF766FA031E0DD0F3
:100290007B68DB6F1800FDF7EBFB0300202B05D11B
:1002A0007B68902210219950032347E07B68180057
:1002B00001F040F97B681B689B6840221340402B8B
:1002C0003BD1BB6A222B38D1EFF31083BB60BB68F4
:1002D0003B620123FB60FB6883F31088C0467B68A8
:1002E0001B689A687B681B6840218A439A603B6A56
:1002F0003B613B6983F31088C0467B6880229B5832
:10030000002B16D07B6880229B581800FDF724FA3A
:10031000031E0ED07B6880229B581800FDF7A8FBB7
:100320000300202B05D17B689022102199500323D4
:1003300004E07B68180001F03DF900231800BD4679
:100340000CB080BDB0B5AAB000AF78607B681B6808
:10035000DB69A422B9180B607B681B681B68A020AE
:1003600039180B607B681B689B689C2439190B60EB
:100370001100BB181B68A24A13409822BD182B60BD
:10038000BB181B68002B1AD17B181B682022134056
:1003900015D03B181B682022134005D13B191A6861
:1003A00080235B0513400AD07B685B6F002B00D174
:1003B000DCE27B685B6F7A6810009847D6E298238E
:1003C000FB181B68002B00D122E19C23FB181B6843
:1003D0008C4A134006D1A023FB181B688A4A13409D
:1003E00000D115E1A423FB181B680122134012D091
:1003F000A023FB181A6880235B0013400BD07B6896
:100400001B6801221A627B6890229B5801221A43C2
:100410007B6890215A50A423FB181B6802221340CA
:1004200011D09C23FB181B68012213400BD07B6862
:100430001B6802221A627B6890229B5804221A438E
:100440007B6890215A50A423FB181B680422134098
:1004500011D09C23FB181B68012213400BD07B6832
:100460001B6804221A627B6890229B5802221A435E
:100470007B6890215A50A423FB181B680822134064
:1004800017D0A023FB181B682022134005D19C2302
:10049000FB181B685B4A13400BD07B681B68082263
:1004A0001A627B6890229B5808221A437B6890212D
:1004B0005A50A423FB181A6880231B01134013D041
:1004C000A023FB181A688023DB0413400CD07B6840
:1004D0001B68802212011A627B6890229B5820229E
:1004E0001A437B6890215A507B6890229B58002BBE
:1004F00000D13DE2A423FB181B682022134015D035
:10050000A023FB181B682022134006D19C23FB1854
:100510001A6880235B05134008D07B685B6F002B53
:1005200004D07B685B6F7A68100098477B689022E4
:100530009B5894217A1813607B681B689B68402243
:100540001340402B04D07B181B68282213404CD04A
:100550007B68180001F02EF87B681B689B684022BE
:100560001340402B3CD1EFF310833B663B6E902051
:100570003A18136001237B667B6E83F31088C046B4
:100580007B681B689A687B681B6840218A439A6075
:100590003B181B68BB66BB6E83F31088C0467B6844
:1005A00080229B58002B16D07B6880229B58174ACC
:1005B0009A637B6880229B581800FDF72DF9031E73
:1005C0001CD07B6880229B589B6B7A688021525894
:1005D0001000984712E07B681800F3F781F90DE0EE
:1005E0007B681800F3F77CF908E07B681800F3F7E4
:1005F00077F97B68902200219950B9E1C046B7E1B4
:100600000F08000001000010200100047918020802
:100610007B68DB6E012B00D03EE1A423FB181B6836
:100620001022134000D137E1A023FB181B681022D1
:10063000134000D130E17B681B6810221A627B688E
:100640001B689B6840221340402B00D0A4E07B68CD
:1006500080229B581B685A687E217B181A807B1861
:100660001B88002B00D185E17B685C229B5A7A189D
:1006700012889A4200D37DE17B687A185E21128845
:100680005A527B6880229B581B681B6820221340AB
:1006900070D1EFF310833B633B6BBB6701237B633C
:1006A0007B6B83F31088C0467B681B681A687B6885
:1006B0001B68B4490A401A60BB6FBB63BB6B83F312
:1006C0001088C046EFF31083FB63FB6B7B6701234D
:1006D0003B643B6C83F31088C0467B681B689A6858
:1006E0007B681B6801218A439A607B6F7B647B6C0B
:1006F00083F31088C046EFF31083BB64BB6C3B6789
:100700000123FB64FB6C83F31088C0467B681B6885
:100710009A687B681B6840218A439A603B6F3B65FF
:100720003B6D83F31088C0467B688C222021995052
:100730007B680022DA66EFF310837B657B6DFB66D6
:100740000123BB65BB6D83F31088C0467B681B68C3
:100750001A687B681B6810218A431A60FB6EFB6570
:10076000FB6D83F31088C0467B6880229B5818007D
:10077000FCF7F2FF7B6802221A677B685C229A5AB8
:100780007B685E215B5A9BB2D31A9AB27B681100D8
:100790001800F2F75DFEEDE07B685C22995A7B68F9
:1007A0005E229B5A9AB28E203B188A1A1A807B6866
:1007B0005E229B5A9BB2002B00D1DDE03B181B88C8
:1007C000002B00D1D8E0EFF31083FB60FB68882496
:1007D0003A19136001233B613B6983F31088C046DB
:1007E0007B681B681A687B681B6867490A401A6047
:1007F0003B191B687B617B6983F31088C046EFF36C
:100800001083BB61BB6984243A1913600123FB6127
:10081000FB6983F31088C0467B681B689A687B6815
:100820001B685A490A409A603B191B683B623B6A45
:1008300083F31088C0467B688C22202199507B6806
:100840000022DA667B6800225A67EFF310837B622E
:100850007B6A80243A1913600123BB62BB6A83F36D
:100860001088C0467B681B681A687B681B6810216B
:100870008A431A603B191B68FB62FB6A83F310888A
:10088000C0467B6802221A673B181A887B681100F1
:100890001800F2F7DDFD6FE0A423FB181A6880232F
:1008A0005B03134010D09C23FB181A688023DB03E2
:1008B000134009D07B681B68802252031A627B6850
:1008C0001800F3F777F85AE0A423FB181B6880227E
:1008D000134016D0A023FB181B688022134006D1BA
:1008E0009C23FB181A6880231B04134009D07B68E3
:1008F0009B6F002B42D07B689B6F7A6810009847F3
:100900003CE0A423FB181B68402213400AD0A0231C
:10091000FB181B684022134004D07B68180001F0CC
:100920006BF92CE0A423FB181A6880231B041340E6
:100930000BD0A023FB181A688023DB05134004D0DA
:100940007B68180001F08CF919E0A423FB181A68E1
:1009500080235B04134012D0A023FB181B68002BDC
:100960000DDA7B68180001F073F908E0C04606E074
:10097000C04604E0C04602E0C04600E0C046BD46B6
:100980002AB0B0BDFFFEFFFFDFFEFFFFFEFFFFEF5F
:1009900080B582B000AF7860C046BD4602B080BD71
:1009A000B0B590B000AF78621A2320229B18DB19F3
:1009B00000221A707B6A9A687B6A1B691A437B6AF9
:1009C0005B691A437B6ADB691343FB637B6A1B68C1
:1009D0001B68C14A134019007B6A1A68FB6B0B4302
:1009E00013607B6A1B685B68BC4A134018007B6A13
:1009F000D9687B6A1A6803000B4353607B6A9B6962
:100A0000FB637B6A1B68B64A934209D07B6A1B680A
:100A1000B44A934204D07B6A1B6AFA6B1343FB63AC
:100A20007B6A1B689B68B04A134019007B6A1A688E
:100A3000FB6B0B4393607B6A1B68DB6A0F2293435B
:100A400018007B6A596A7B6A1A6803000B43D362F9
:100A50007B6A1B68A54A934231D1A54B5B6D03228B
:100A60001340032B1DD023D8022B0CD020D8002BF1
:100A700002D0012B0ED01BE01B2320229B18DB1978
:100A800000221A7054E11B2320229B18DB1902223A
:100A90001A704DE11B2320229B18DB1904221A70C7
:100AA00046E11B2320229B18DB1908221A703FE124
:100AB0001B2320229B18DB1910221A7038E17B6A55
:100AC0001B688C4A934231D1894B5B6D0C221340D9
:100AD0000C2B1DD023D8082B0CD020D8002B02D0F3
:100AE000042B0ED01BE01B2320229B18DB190022B5
:100AF0001A701DE11B2320229B18DB1902221A7099
:100B000016E11B2320229B18DB1904221A700FE127
:100B10001B2320229B18DB1908221A7008E11B23D3
:100B200020229B18DB1910221A7001E17B6A1B68D6
:100B3000714A934231D16E4B5B6D30221340302BA2
:100B40001DD023D8202B0CD020D8002B02D0102B66
:100B50000ED01BE01B2320229B18DB1900221A70E9
:100B6000E6E01B2320229B18DB1902221A70DFE02B
:100B70001B2320229B18DB1904221A70D8E01B23A8
:100B800020229B18DB1908221A70D1E01B23202297
:100B90009B18DB1910221A70CAE07B6A1B68574A3F
:100BA000934206D11B2320229B18DB1900221A70C6
:100BB000BEE07B6A1B68524A934206D11B23202267
:100BC0009B18DB1900221A70B2E07B6A1B684D4A41
:100BD000934206D11B2320229B18DB1900221A7096
:100BE000A6E07B6A1B683E4A93423ED1404B5A6D59
:100BF000C0231B011340C0221201934227D0C02200
:100C0000120193422AD880221201934211D08022ED
:100C10001201934222D8002B04D08022D2009342AA
:100C20000ED01BE01B2320229B18DB1900221A7018
:100C30007EE01B2320229B18DB1902221A7077E02A
:100C40001B2320229B18DB1904221A7070E01B233F
:100C500020229B18DB1908221A7069E01B2320222E
:100C60009B18DB1910221A7062E07B6A1B681D4A10
:100C7000934257D11E4B5A6DC0239B001340C02294
:100C80009200934240D0C0229200934243D88022E7
:100C90009200934211D08022920093423BD8002BC5
:100CA00004D08022520093420ED034E01B23202235
:100CB0009B18DB1900221A703AE01B2320229B1894
:100CC000DB1902221A7033E01B2320229B18DB1948
:100CD00004221A702CE0C046F369FFCFFFCFFFFF5C
:100CE0000080004000840040FFF4FF110038014004
:100CF000001002400044004000480040004C00400A
:100D000000500040003C01401B2320229B18DB19AF
:100D100008221A700CE01B2320229B18DB191022DA
:100D20001A7005E01B2320229B18DB1910221A7071
:100D30007B6A1B68C14A934205D07B6A1B68C04A24
:100D4000934200D093E01B2320229B18DB191B78D1
:100D5000082B15D018DC042B0DD015DC002B02D08D
:100D6000022B05D010E0FEF77FF803007B6314E050
:100D7000B44B7B6311E0FDF7EBFF03007B630CE0FA
:100D800080231B027B6308E000237B631A2320225D
:100D90009B18DB1901221A70C0467B6B002B00D117
:100DA00035E17B6A5A6AA84B5200D35A1900786B16
:100DB000DFF7D0F90300BB627B6A5A6813005B005F
:100DC0009B18BA6A9A4205D37B6A5B681B03BA6AAE
:100DD0009A4206D91A2320229B18DB1901221A7085
:100DE00044E07B6BBB610023FB617B6A5A6A964BD4
:100DF0005200D35A3B6100237B613A697B69B86931
:100E0000F969DFF795FB02000B00110E1D020D437F
:100E100014027B6A5B685B08BB600023FB60B868F8
:100E2000F968001969417B6A5B683B6000237B605D
:100E30003A687B68DFF77CFB02000B0013003B6322
:100E40003A6BC0239B009A4209D33A6B80235B0321
:100E50009A4204D27B6A1B683A6BDA6006E01A2376
:100E600020229B18DB1901221A70D0E0CFE07B6AA8
:100E7000DA6980231B029A4200D070E01B232022F3
:100E80009B18DB191B78082B15D018DC042B0DD010
:100E900015DC002B02D0022B05D010E0FDF7E4FF9B
:100EA00003007B6314E0674B7B6311E0FDF750FFA9
:100EB00003007B630CE080231B027B6308E00023BC
:100EC0007B631A2320229B18DB1901221A70C0466B
:100ED0007B6B002B00D19AE07B6A5A6A5A4B520016
:100EE000D35A1900786BDFF735F903005A007B6A93
:100EF0005B685B08D2187B6A5B6819001000DFF73B
:100F000029F903003B633B6B0F2B21D93A6B8023FC
:100F10005B029A421CD23B6B9AB20E20202403192A
:100F2000DB190F218A431A803B6B5B089BB20722B7
:100F3000134099B20319DB190219D21912880A4316
:100F40001A807B6A1B680219D2191288DA605EE087
:100F50001A2320229B18DB1901221A7057E01B2349
:100F600020229B18DB191B78082B15D018DC042BCA
:100F70000DD015DC002B02D0022B05D010E0FDF7C0
:100F800073FF03007B6314E02E4B7B6311E0FDF7DE
:100F9000DFFE03007B630CE080231B027B6308E021
:100FA00000237B631A2320229B18DB1901221A706D
:100FB000C0467B6B002B2AD07B6A5A6A224B5200B8
:100FC000D35A1900786BDFF7C5F803001A007B6A63
:100FD0005B685B08D2187B6A5B6819001000DFF75A
:100FE000B9F803003B633B6B0F2B0AD93A6B8023A4
:100FF0005B029A4205D23B6B9AB27B6A1B68DA604D
:1010000005E01A2320229B18DB1901221A707B6A43
:101010006A22012199527B6A6822012199527B6AD6
:1010200000225A677B6A00229A671A2320229B18A3
:10103000DB191B781800BD4610B0B0BD0080004021
:10104000008400400024F40038B8020880B582B063
:1010500000AF78607B689B6A082213400BD07B68E6
:101060001B685B684A4A134019007B689A6B7B686F
:101070001B680A435A607B689B6A012213400BD0AD
:101080007B681B685B68434A134019007B68DA6A17
:101090007B681B680A435A607B689B6A0222134084
:1010A0000BD07B681B685B683B4A134019007B6868
:1010B0001A6B7B681B680A435A607B689B6A042230
:1010C00013400BD07B681B685B68344A13401900DF
:1010D0007B685A6B7B681B680A435A607B689B6A13
:1010E000102213400BD07B681B689B682C4A13406E
:1010F00019007B68DA6B7B681B680A439A607B681F
:101100009B6A202213400BD07B681B689B68254A92
:10111000134019007B681A6C7B681B680A439A604D
:101120007B689B6A402213401DD07B681B685B680C
:101130001D4A134019007B685A6C7B681B680A4380
:101140005A607B685A6C80235B039A420BD17B68A0
:101150001B685B68154A134019007B689A6C7B68B2
:101160001B680A435A607B689B6A802213400BD03D
:101170007B681B685B680E4A134019007B68DA6C59
:101180007B681B680A435A60C046BD4602B080BDFA
:10119000FF7FFFFFFFFFFDFFFFFFFEFFFFFFFBFFE6
:1011A000FFEFFFFFFFDFFFFFFFFFEFFFFFFF9FFFEF
:1011B000FFFFF7FF80B592B002AF78607B689022A6
:1011C00000219950FAF76AFD0300FB637B681B68F6
:1011D0001B6808221340082B2DD1FB6B8022910342
:1011E0007868474A0092002200F08EF8031E22D051
:1011F000EFF310837B627B6ABB630123BB62BB6A34
:1012000083F31088C0467B681B681A687B681B687C
:1012100080218A431A60BB6BFB62FB6A83F31088F0
:10122000C0467B688822202199507B688422002157
:101230009954032360E07B681B681B6804221340F9
:10124000042B46D1FB6B8022D10378682C4A009294
:10125000002200F059F8031E3BD0EFF31083FB602F
:10126000FB687B6301233B613B6983F31088C046C5
:101270007B681B681A687B681B6822490A401A60F1
:101280007B6B7B617B6983F31088C046EFF310832F
:10129000BB61BB693B630123FB61FB6983F310887E
:1012A000C0467B681B689A687B681B6801218A437B
:1012B0009A603B6B3B623B6A83F31088C0467B6855
:1012C0008C22202199507B68842200219954032389
:1012D00012E07B688822202199507B688C22202193
:1012E00099507B680022DA667B6800221A677B6867
:1012F00084220021995400231800BD4610B080BDFF
:10130000FFFFFF01DFFEFFFF80B584B000AFF86094
:10131000B9603B60FB1D1A7051E0BB6901334ED0D0
:10132000FAF7BCFC02003B68D31ABA699A4202D3AE
:10133000BB69002B01D1032351E0FB681B681B68CC
:10134000042213403BD0BB68802B38D0BB68402BB5
:1013500035D0FB681B68DB6908221340082B11D1CC
:10136000FB681B6808221A62FB68180000F022F96B
:10137000FB68902208219950FB688422002199542F
:1013800001232CE0FB681B68DA6980231B011A40EB
:1013900080231B019A4212D1FB681B688022120134
:1013A0001A62FB68180000F005F9FB689022202102
:1013B0009950FB6884220021995403230FE0FB68B5
:1013C0001B68DB69BA681340BA68D31A5A425341A2
:1013D000DBB21A00FB1D1B789A429ED00023180036
:1013E000BD4604B080BD000080B590B000AFF8608D
:1013F000B960BB1D1A80FB68BA689A65FB68BA1DA4
:101400005C2112885A52FB68902200219950FB6897
:101410008C2222219950FB6880229B58002B2DD0D2
:10142000FB6880229B58404ADA62FB6880229B5806
:101430003E4A1A63FB6880229B583D4A5A63FB6808
:1014400080229B5800229A63FB6880229858FB6890
:101450001B6824331900FB689B6D1A00BB1D1B8899
:10146000FCF7F4F8031E09D0FB6890221021995074
:10147000FB688C2220219950012350E0FB681B69F6
:10148000002B19D0EFF31083BB62BB6AFB6301230F
:10149000FB62FB6A83F31088C046FB681B681A680E
:1014A000FB681B68802149000A431A60FB6B3B63A1
:1014B0003B6B83F31088C046EFF310833B613B69BD
:1014C000BB6301237B617B6983F31088C046FB68A3
:1014D0001B689A68FB681B6801210A439A60BB6B12
:1014E000BB61BB6983F31088C046EFF31083FB61D7
:1014F000FB697B6301233B623B6A83F31088C04630
:10150000FB681B689A68FB681B6840210A439A6065
:101510007B6B7B627B6A83F31088C04600231800D4
:10152000BD4610B080BDC04681160208B117020842
:10153000F317020880B58AB000AF7860EFF310832C
:10154000BB60BB687B620123FB60FB6883F3108890
:10155000C0467B681B681A687B681B68C0218A4389
:101560001A607B6A3B613B6983F31088C046EFF3E6
:1015700010837B617B693B620123BB61BB6983F3A1
:101580001088C0467B681B689A687B681B6808499E
:101590000A409A603B6AFB61FB6983F31088C0468E
:1015A0007B68882220219950C046BD460AB080BD84
:1015B000FFFF7FFF80B58EB000AF7860EFF3108340
:1015C0007B617B697B630123BB61BB6983F310880B
:1015D000C0467B681B681A687B681B6826490A40FE
:1015E0001A607B6BFB61FB6983F31088C046EFF3E5
:1015F00010833B623B6A3B6301237B627B6A83F31C
:101600001088C0467B681B689A687B681B681B490A
:101610000A409A603B6BBB62BB6A83F31088C0468A
:101620007B68DB6E012B18D1EFF31083BB60BB68C6
:10163000FB620123FB60FB6883F31088C0467B6874
:101640001B681A687B681B6810218A431A60FB6A52
:101650003B613B6983F31088C0467B688C22202164
:1016600099507B680022DA667B6800225A67C04680
:10167000BD460EB080BDC046DFFEFFFFFEFFFFEFA0
:1016800080B594B000AF78607B689B6AFB647B6830
:101690001B681B68202213406FD1FB6C5E22002167
:1016A0009952EFF31083BB61BB69BB640123FB61FB
:1016B000FB6983F31088C046FB6C1B681A68FB6CDF
:1016C0001B683A490A401A60BB6C3B623B6A83F371
:1016D0001088C046EFF310837B627B6A7B64012332
:1016E000BB62BB6A83F31088C046FB6C1B689A68B8
:1016F000FB6C1B6801218A439A607B6CFB62FB6A6E
:1017000083F31088C046EFF310833B633B6B3B646D
:1017100001237B637B6B83F31088C046FB6C1B68E3
:101720009A68FB6C1B6840218A439A603B6CBB63E0
:10173000BB6B83F31088C046FB6C8C222021995030
:10174000FB6CDB6E012B18D1EFF31083FB60FB68A1
:10175000FB6301233B613B6983F31088C046FB6C4C
:101760001B681A68FB6C1B6810218A431A60FB6BAC
:101770007B617B6983F31088C046FB6C00221A678B
:10178000FB6CDB6E012B08D1FB6C5C229A5AFB6C64
:1017900011001800F1F75CFE03E0FB6C1800EEF797
:1017A00089FEC046BD4614B080BDC046FFFEFFFFA7
:1017B00080B584B000AF78607B689B6AFB60FB6893
:1017C00001221A67FB68DB6E012B0AD1FB685C22E1
:1017D0009B5A5B089AB2FB6811001800F1F738FEBB
:1017E00003E0FB681800FFF7D3F8C046BD4604B01D
:1017F00080BD80B586B000AF78607B689B6A7B61F6
:101800007B6988229B583B617B698C229B58FB60DB
:101810007B691B689B6880221340802B0AD13B693F
:10182000212B07D17B695622002199527B69180030
:10183000FFF780FE7B691B689B6840221340402BAA
:101840000AD1FB68222B07D17B695E2200219952C5
:101850007B691800FFF7AEFE7B6990229B5810222F
:101860001A437B6990215A507B691800F2F738F8C7
:10187000C046BD4606B080BD80B584B000AF78607C
:101880007B689B6AFB60FB685E2200219952FB68C3
:10189000562200219952FB681800F2F721F8C04641
:1018A000BD4604B080BD80B58AB000AF78607B686B
:1018B00088229B58212B4CD17B6856229B5A9BB285
:1018C000002B32D1EFF31083BB60BB687B62012336
:1018D000FB60FB6883F31088C0467B681B681A684E
:1018E0007B681B6880218A431A607B6A3B613B6985
:1018F00083F31088C046EFF310837B617B693B6202
:101900000123BB61BB6983F31088C0467B681B68F9
:101910001A687B681B6840210A431A603B6AFB61B6
:10192000FB6983F31088C04613E07B681B6D1A784F
:101930007B681B689A627B681B6D5A1C7B681A6502
:101940007B6856229B5A9BB2013B99B27B68562218
:101950009952C046BD460AB080BD80B58CB000AF7C
:1019600078607B6888229B58212B51D17B68562256
:101970009B5A9BB2002B32D1EFF31083FB60FB68C4
:10198000BB6201233B613B6983F31088C0467B68DF
:101990001B681A687B681B6880218A431A60BB6ACF
:1019A0007B617B6983F31088C046EFF31083BB61D2
:1019B000BB697B620123FB61FB6983F31088C0462E
:1019C0007B681B681A687B681B6840210A431A60A1
:1019D0007B6A3B623B6A83F31088C04618E07B68F1
:1019E0001B6DFB62FB6A1B881A007B681B68D205B3
:1019F000D20D9A627B681B6D9A1C7B681A657B68A6
:101A000056229B5A9BB2013B99B27B68562299524F
:101A1000C046BD460CB080BD80B58CB000AF7860CC
:101A20007B6888229B58212B65D12E23FB187A686E
:101A30006A21525A1A8059E07B6856229B5A9BB2FF
:101A4000002B33D1EFF31083FB60FB68BB620123F3
:101A50003B613B6983F31088C0467B681B689A68CA
:101A60007B681B6826490A409A60BB6A7B617B6978
:101A700083F31088C046EFF31083BB61BB697B62C0
:101A80000123FB61FB6983F31088C0467B681B68F8
:101A90001A687B681B6840210A431A607B6A3B62B4
:101AA0003B6A83F31088C046C04624E07B681B680D
:101AB000DB698022134013D07B681B6D1A787B682A
:101AC0001B689A627B681B6D5A1C7B681A657B6871
:101AD00056229B5A9BB2013B99B27B68562299527F
:101AE0002E217B181A887B18013A1A802E23FB18A6
:101AF0001B88002BA0D1C046BD460CB080BDC0469F
:101B0000FFFF7FFF80B58CB000AF78607B688822D4
:101B10009B58212B6AD12E23FB187A686A21525ACE
:101B20001A805EE07B6856229B5A9BB2002B33D111
:101B3000EFF31083BB60BB687B620123FB60FB6833
:101B400083F31088C0467B681B689A687B681B68B3
:101B500028490A409A607B6A3B613B6983F310889D
:101B6000C046EFF310837B617B693B620123BB615D
:101B7000BB6983F31088C0467B681B681A687B6862
:101B80001B6840210A431A603B6AFB61FB6983F3CF
:101B90001088C046C04629E07B681B68DB6980224C
:101BA000134018D07B681B6DBB62BB6A1B881A0090
:101BB0007B681B68D205D20D9A627B681B6D9A1CEC
:101BC0007B681A657B6856229B5A9BB2013B99B28F
:101BD0007B68562299522E217B181A887B18013A6D
:101BE0001A802E23FB181B88002B9BD1C046BD46B4
:101BF0000CB080BDFFFF7FFF80B586B000AF78607E
:101C0000EFF31083BB60BB687B610123FB60FB6863
:101C100083F31088C0467B681B681A687B681B6862
:101C200040218A431A607B693B613B6983F31088DA
:101C3000C0467B688822202199507B6800229A67E1
:101C40007B681800F1F730FEC046BD4606B080BD87
:101C500080B582B000AF7860C046BD4602B080BD9E
:101C600080B582B000AF7860C046BD4602B080BD8E
:101C700080B588B002AFF8603B1D19605A60172329
:101C8000FB1800221A70FB6884229B5C012B01D197
:101C900002234CE0FB68842201219954FB688822CE
:101CA00024219950FB681B681A68FB681B68012196
:101CB0008A431A60FB681B689B681F4A134019001F
:101CC0003B1D1A68FB681B680A439A603B1D1B6832
:101CD000002B05D13B1DF86819685A6800F0B6F969
:101CE000FB681B681A68FB681B6801210A431A60BD
:101CF000F9F7D4FF03003B613B698022D103F86808
:101D00000E4A00920022FFF7FFFA031E04D01723A9
:101D1000FB1803221A7003E0FB68882220219950E7
:101D2000FB688422002199541723FB181B781800A4
:101D3000BD4606B080BDC046FFFFCFFFFFFFFF01DD
:101D400080B586B000AF78607B6884229B5C012BF5
:101D500001D1022321E07B68842201219954EFF311
:101D60001083BB60BB687B610123FB60FB6883F36E
:101D70001088C0467B681B681A687B681B68022154
:101D80000A431A607B693B613B6983F31088C04654
:101D90007B6884220021995400231800BD4606B0B8
:101DA00080BD80B586B000AF78607B6884229B5C84
:101DB000012B01D1022321E07B6884220121995467
:101DC000EFF31083BB60BB687B610123FB60FB68A2
:101DD00083F31088C0467B681B681A687B681B68A1
:101DE00002218A431A607B693B613B6983F3108857
:101DF000C0467B6884220021995400231800BD4608
:101E000006B080BD80B584B000AF78607B68842266
:101E10009B5C012B01D1022327E07B6884220121F6
:101E200099547B688822242199507B681B681B6821
:101E3000FB607B681B681A687B681B6801218A430A
:101E40001A60FB680B4A1340FB607B6800225A66ED
:101E50007B681B68FA681A607B6888222021995089
:101E60007B6884220021995400231800BD4604B0E9
:101E700080BDC046FFFFFFDF80B584B000AF786053
:101E800039607B6884229B5C012B01D102232EE008
:101E90007B688422012199547B68882224219950EF
:101EA0007B681B681B68FB607B681B681A687B6823
:101EB0001B6801218A431A607B681B689B68DB00F2
:101EC000D9087B681B683A680A439A607B681800E7
:101ED00000F0E0F87B681B68FA681A607B6888226B
:101EE000202199507B6884220021995400231800F6
:101EF000BD4604B080BD000080B584B000AF7860FE
:101F000039607B6884229B5C012B01D102232FE086
:101F10007B688422012199547B688822242199506E
:101F20007B681B681B68FB607B681B681A687B68A2
:101F30001B6801218A431A607B681B689B680E4AF4
:101F4000134019007B681B683A680A439A607B68F3
:101F5000180000F09FF87B681B68FA681A607B68BD
:101F60008822202199507B688422002199540023E3
:101F70001800BD4604B080BDFFFFFFF1B0B58AB0C8
:101F800000AFF860B960BB1D1A80FB688C229B58BB
:101F9000202B56D1BB68002B03D0BB1D1B88002B08
:101FA00001D101234EE0FB689A6880235B019A42CD
:101FB00009D1FB681B69002B05D1BB6801221340C6
:101FC00001D001233EE0FB680122DA66FB680022B3
:101FD0001A6727257C19BB1D1A88B968FB68180089
:101FE000FFF702FA030023707B191B78002B24D122
:101FF000FB68DB6E012B1CD1FB681B6810221A6288
:10200000EFF310837B617B693B620123BB61BB699A
:1020100083F31088C046FB681B681A68FB681B685E
:1020200010210A431A603B6AFB61FB6983F3108845
:1020300003E02723FB1801221A702723FB181B78C3
:1020400000E002231800BD460AB0B0BD80B584B0E0
:1020500000AFF8603B1D19605A60FB681B685B6845
:10206000102293431A003B1D9B881900FB681B68D4
:102070000A435A60FB681B685B681B02190A3B1D18
:102080009B791A06FB681B680A435A60C046BD4626
:1020900004B080BDF0B585B000AF78607B685B6E42
:1020A000002B08D17B686A22012199527B68682243
:1020B0000121995243E00F26BB1908221A700E2005
:1020C0003B1808221A707B681B689B685B0EDAB2AB
:1020D0000D243B1907210A401A707B681B689B6816
:1020E0005B0FDAB20C257B1907210A401A703B18E6
:1020F0001B787A19127814498A5C5A4310007B19AC
:102100001B78124AD35C1900DEF7AEF8030099B2CF
:102110007B686A229952BB191B783A1912780A49CE
:102120008A5C5A4310003B191B78084AD35C19009B
:10213000DEF79AF8030099B27B6868229952C0468C
:10214000BD4605B0F0BDC04658B8020860B80208E8
:1021500080B500AFE2F768F9FEE780B582B000AF66
:102160007860FEE710B5002101F01AFA10BD10B535
:102170000A22002101F00CFB10BD10B50A2200213B
:1021800001F006FB10BD000010B5034B01001868FC
:1021900000F00EF810BDC0467007002010B5034BCC
:1021A0000100186801F0E8FD10BDC046700700206E
:1021B000F0B50D0087B00B350190162D09D9072316
:1021C0009D4307D50C23019A13600024200007B01B
:1021D000F0BD1025A942F5D8019800F0F9F9FC23CB
:1021E000BA4E5B009D421DD22A000832B21811007F
:1021F00054680839EB088C4203D1D4680233A242F8
:1022000026D003226368A1689343E268E318CA609A
:102210009160012259680A435A60019800F0E0F980
:102220000834D3E73F236A0A03D0042A26D8AB092F
:10223000383303229446D9008919CC688C4206D0E1
:10224000604662688243571B0F2F2FDD013B01332D
:1022500034699F498C4250D0032062688243501BEE
:102260000F2831DD012367191D4303436560776142
:102270003761F960B9607B60A050CEE7142A02D8BC
:1022800013005B33D5E7542A02D82B0B6E33D0E70B
:10229000AA235B009A4202D8EB0B7733C9E78D493A
:1022A0007E238A42C5D8AB0C7C33C2E7E068002F9E
:1022B00008DBA368D86083600123A21851680B4330
:1022C0005360AAE70400B9E7716131610028F3DACD
:1022D00071688C46802189008A4200D38AE0D10847
:1022E000500901228240604602437260CA0092197E
:1022F0009168E260A1609460CC60012273489910FB
:102300008A404168914226D30A4205D10324A3435F
:10231000520004330A42FBD0DE008619B446029311
:102320006146CC68644500D09BE00834A446032491
:102330000299013102912142F2D1234200D0B7E04B
:10234000436893434360614B52005968914202D302
:10235000002A00D0B8E00322836802935B689343AD
:102360000393AB4203D35A1B0F2A00DD1FE1029BEC
:10237000039A08209E18584B1B6810335F1901F010
:102380006BFC564B04901B68013303D0013F3B1894
:1023900047421F403900019801F00AFC0400431C29
:1023A00000D1DAE0864204D9484B029A9A4200D022
:1023B000D3E04B4A1368FB181360049A013AA64213
:1023C00000D093E0164200D090E0404B9A68039B07
:1023D000DF1901233B435360414B424A1B6811689C
:1023E0008B4200D91360404A11688B4200D8B4E098
:1023F0001360B2E0500A042811D891093831CF0097
:10240000BF19B868874225D1012289108A406146E8
:102410000A437260E760A060BC60C4606DE7142886
:1024200002D801005B31EAE7542802D8110B6E3163
:10243000E5E7AA214900884202D8D10B7731DEE7CF
:10244000244F7E21B842DAD8910C7C31D7E78068DE
:10245000874204D003264168B1439142F7D8C76848
:10246000D8E703276168B9430391E768491B0F293F
:1024700010DD0122631915436560A5680A43EF600A
:10248000BD604361036112485A60D8609860039B45
:10249000E150C2E6002909DB039BE11801234A68E9
:1024A00013434B60A368DF60BB60B6E63C0039E7CE
:1024B0003168083E013BB14200D13EE743E70433B7
:1024C00052000A42FBD027E7029BFAE7F001002006
:1024D000F80100205405000020900120E8010020B0
:1024E000F08F01201C9001201890012035490868C8
:1024F000013040D10C600721260000230E400C4221
:1025000002D008339B1BE418E1190591059F04993B
:102510001740CB18DF1B17403900019801F048FB2A
:10252000431C07D1371E059804D030000027059BB7
:1025300008381818244A001B1368C019DB191360E7
:102540000122224B029910439C606060994200D1A5
:1025500042E7039B0F2B13D8626003221B4B9B683F
:102560005B6893435A1BAB4201D30F2A1FDC0198CF
:1025700000F036F829E61449A61BF6180E60BAE7F3
:102580000721039B0C3B8B43029949680A4002993F
:102590001A434A60CA180521516091600F2B00D878
:1025A0001AE702990198083101F0E6FB14E70123CC
:1025B0001800064928438C681343651960608D60D4
:1025C0006B602AE6E8010020F08F0120F001002076
:1025D00010B5024801F03EFB10BDC04664910120D9
:1025E00010B5024801F037FB10BDC04664910120D0
:1025F000094B10B51C68094A983420686168084B7B
:10260000DDF7B6FF01220023801859412060616088
:102610004800400810BDC046700700202D7F954C33
:102620002DF4515810B5034B0A000100186800F052
:1026300003F810BD70070020F0B587B00C1E0390A2
:10264000059206D11100FFF7B3FD0700380007B06F
:10265000F0BD0398FFF7BCFF2300083B5F680293BF
:102660003A0003239A43059B04920B33162B08D997
:1026700007229343019306D50C23039A1360002786
:10268000E4E710230193059B019A9342F4D8049B3D
:10269000019A934200DB6DE1049A029BBA489B18B1
:1026A000826894465A689C4506D001251100A943CA
:1026B00059184968294244D103218A4304998E1844
:1026C00001999C4517D11031B1423CDC019A01219E
:1026D0009446B61A2200029B0E4363448360083A74
:1026E0005E60536803980B4061460B435360FFF7ED
:1026F00077FF2700AAE7B14225DCDA689B68DA6039
:102700009360019B029AF41A029B92195868012364
:1027100018400F2C00D82FE1019D02992843491938
:10272000029D1C4368604C6050680831034353604D
:10273000039801F021FB0398FFF752FF029F08372F
:1027400084E700221300FF0700D5C6E02100032024
:1027500008390D6802994D1B6968814304980F1868
:10276000002B00D184E0D6199C4548D1019B103341
:10277000B3427DDCAA68EB682F00D3609A60020048
:10278000043A0837242A35D83B00132A08D923688D
:10279000AB606368EB601B2A1AD82B000834103337
:1027A00022681A6062685A60A2689A60019B764A41
:1027B000EB189360019AB61A012216435E606B68AB
:1027C0001340019A13436B600398FFF709FF3DE73D
:1027D000A3682B61E3686B61242A03D02B001034BB
:1027E0001833DDE72369AB612B0062692033EA61AE
:1027F0001834D5E72100380001F006F9D6E7019A30
:10280000B24235DC2800DA689B680830DA609360F1
:10281000AA68EB68D3609A60049A043A242A23D801
:10282000132A07D92368AB606368EB601B2A09D8B9
:10283000083408302368036063684360A3688360DA
:1028400002955EE7A3682B61E3686B61242A03D0DD
:10285000280010341830EDE7280023692030AB61E0
:1028600063691834EB61E5E7210001F0CDF8E7E793
:10287000019BBB4231DC2800AA68EB680830D360BA
:102880009A60049A043A242A23D8132A07D9236881
:10289000AB606368EB601B2A09D8083408302368F2
:1028A000036063684360A36883603E00C8E7A36871
:1028B0002B61E3686B61242A03D0280010341830A0
:1028C000EDE7280023692030AB6163691834EB61C0
:1028D000E5E7210001F098F8E7E705990398FFF78D
:1028E00067FC071E03D10398FFF77AFEC7E62300B3
:1028F0000122083B5B689343029AD3180200083A0E
:10290000934205D15E6803239E43049BF618F8E6C4
:10291000049A043A242A29D803002100132A08D94A
:1029200023680360636843601B2A0DD803000831E5
:1029300008330A681A604A685A608A689A602100F7
:10294000039801F019FA3FE7A3688360E368C36066
:10295000242A03D0030010311033EAE72369183129
:1029600003610300626918334261E2E7210001F06C
:102970004BF8E4E7049EC4E6029906434E605168B2
:102980000B435360D7E6C046F001002070B5160037
:102990000D0002F04FF9002E0DD06B236A00520D8E
:1029A0009B1A002B07DD0024034A1B059D182B00F2
:1029B0002200DFF7FDFB70BD0000F03FF0B5A3B0D3
:1029C0001B92002200260027059009911E921D915E
:1029D0000A782B2A53D03FD80D2A39D8082A39D85B
:1029E000002A42D00022129200211D9D0C912A78CB
:1029F000302A00D083E06A7820318A43582A00D0F8
:102A000073E00293129B954A01931EAB00930598C5
:102A10001FAB1DA901F0CAFA0F2302001A400400DF
:102A20000692184205D0062A2BD1002301351D95A8
:102A300012931B9B002B02D01D9B1B9A1360129BB1
:102A4000002B19D0802330001B06F91823B0F0BDED
:102A5000202AC7D10131BAE72D2AC3D12C3A1292CC
:102A60004A1C1D924A78002ABED1099B1D9300235F
:102A700012931B9B002BDFD130003900E6E70022C8
:102A8000EDE71E9A002A07D0352120A802F0C8F9E8
:102A90001E99059801F0B6FD06981F9B0138042881
:102AA00006D8DDF743FB12031C1E1200209E219F57
:102AB000E40502D580231B061F43694B3B42B8D176
:102AC00001F09CF822230360B3E76649219A209E17
:102AD0000A4065495B181B051A431700E8E7604F79
:102AE000E6E70126614F7642E2E71D9B5A1C1D92E4
:102AF0005B78302BF9D0002B9BD001230C93002561
:102B00000A221D9B0D95139308951D9804782300A8
:102B1000303BD9B2092927D90122554900F0AAFF33
:102B2000002831D0002023008446089A0E90069297
:102B30002022190091430A0000210791452A00D064
:102B4000C0E0069B0C9A034313438B428DD01D9B20
:102B5000099301331D93099B5B782B2B70D00C00DC
:102B60002D2B73D101246CE00899082909DC0D99FB
:102B700051435B180D93089B0130013308931D905E
:102B8000C3E755435D19F6E71D9B5A1C1D92089A31
:102B90005B78002A3AD00E9006921A00303A092A41
:102BA00012D901229446C3E71D9B01305A1C1D9285
:102BB0005B78302BF8D01A00313A082A3BD80E90B7
:102BC00000201D9A069013921A00411C303A302BB7
:102BD00016D00E9B5B180E93069B0A219C468444DC
:102BE0009C4515D10699069B013109181B180691C1
:102BF000082B19DC0A230D994B430021D3180D93A0
:102C00001D9B08005A1C1D925B78C6E70898D0E708
:102C10005C1C082B04DC0D9B4B430D932300DFE76A
:102C2000102CFBDC4D43F9E700210F2BE8DC0A23D5
:102C30005D435519E4E700220E9206920132B1E796
:102C40000024099B02331D93099B9B781A00303A9C
:102C5000092A13D9099A1D92002232E03CB90208D0
:102C60000000F07FFFFFEFFF33040000FFFFFF7F56
:102C700024B902081D9B5A1C1D925B78302BF9D099
:102C8000002207921A00313A082A1BD8303B1093D1
:102C90001D9B07931D9B591C1D915B781A00303AB0
:102CA000092A3AD9079A8A1AB4490791082A04DCF2
:102CB000109A07928A4200DD0791002C02D0079AF1
:102CC00052420792069A002A4DD10C9A104300D026
:102CD000AFE66246002A00D0C7E6692B27D023DC86
:102CE000492B24D04E2B00D0BFE6A5491DA801F0EA
:102CF00093FB002800D1B8E61D9B1B78282B2CD114
:102D0000A04920AA1DA801F09BFB052825D1219BE5
:102D10009D4A209E1A4317008BE60A2210994A43C7
:102D2000D218303A1092B5E76E2BDED09DE6974967
:102D30001DA801F071FB002800D196E61D9B944967
:102D4000013B1DA81D9301F067FB002802D11D9BCC
:102D500001331D9300268C4F6BE68E4800F098FFE0
:102D600006000F0065E6079B0E9A9B1A0C93089BC2
:102D7000002B01D1069B0893069C102C00DD10242B
:102D80000D98E0F705F9069B06000F00092B13DCF0
:102D90000C9B002B00D14CE60C9B002B00DC7EE052
:102DA000162B63DC7C49DB00C918320008684968CF
:102DB0003B00DFF7FDF9D3E72200774B093AD20059
:102DC0009B181A685B68DFF7F3F9060028000F000C
:102DD000E0F7DEF80B00020039003000DEF740FAC1
:102DE000069B06000F000F2BD2DD069B1C1B0C9BC5
:102DF000E418002C00DC9BE00F2223001340144257
:102E00000AD06549DB00C9183200086849683B00F0
:102E1000DFF7CEF906000F000F239C4373D0263353
:102E2000FF339C424BDD0023069307930D930893D9
:102E300022230026059A544F13600D9BB34200D104
:102E4000F7E51E99059801F0DDFB0899059801F05A
:102E5000D9FB0799059801F0D5FB0D99059801F06C
:102E6000D1FB0699059801F0CDFBE2E52523069AF2
:102E70009B1A0C9A9342B8DB0F24069B464DE41A2A
:102E8000E10069183200086849683B00DFF790F9F3
:102E90000C9B1C1BE4002D192A686B6889E70C9BAE
:102EA0001633A2DB07990E9A3B4B521AD2009B189D
:102EB00030001A685B683900DEF736FD50E7002302
:102EC00030003900354D24110993012C1EDC002BF4
:102ED00001D006000F00324B099AFF182F4BD50086
:102EE0005D193200286869683B00DFF761F9264BFD
:102EF0002C4A06000B40934295D82B4A934213D993
:102F000001262A4F76420023099386E001221442CB
:102F100004D02A686B68DFF74BF90123099A641023
:102F2000013209920835D0E7D4239B04CF18EAE791
:102F3000002CE8D064420F2322001A401C420AD021
:102F4000154BD2009B1830001A685B683900DEF719
:102F5000EBFC06000F002411D5D01F2C28DD002328
:102F6000069307930D9308932223059A0026136076
:102F70000D9B0027002B00D063E75AE51F4E000091
:102F800055BC020828B902080000F07F4DBC0208B9
:102F9000DBBC0208D7BC020880BB020858BB020891
:102FA0000000B0FC0000A07C0000907CFFFFEF7FE1
:102FB000102322001A4009921C4201D05A3309936F
:102FC000300039000023BF4D0122144204D02A688A
:102FD0006B68DFF7EDF8012364100835002CF3D19E
:102FE000002B01D006000F00099B002B0DD06B2396
:102FF0007A00520D39009B1A002B06DD1F2B5ADD7B
:103000000026342B50DDDC27BF04002200233000D3
:103010003900DDF725FA0028A1D10D9B089A00930D
:103020001399069B059801F03BFB0D90002800D1F9
:10303000F9E60C9B0799DA170E9B5B1A1A400C9B5A
:103040001792DB430C9ADB171A4000231A9206935F
:1030500007930D9B0598596801F0ACFA0890002879
:1030600000D1E5E60D9B0C3019001A690C310232D3
:10307000920000F004FE20AB01931FAB00933200DE
:103080003B0005981096119701F040FE1E90002815
:1030900000D1CDE60121059801F09EFB07900028A4
:1030A0000ED100230793C3E64B239A1A4C3B93405F
:1030B00019400F00A9E7012252429A401640A4E7A6
:1030C0001F9B1A9A179DD41A002B01DB1A9C5D19BD
:1030D0000999209A5B1A36219B188A1A7A4901208D
:1030E0008C460021013B16911490634506DA614637
:1030F000C91A521A1F293FDC88401490AB180E934E
:10310000A418099B0E9A1C192B00954200DD130090
:10311000A34200DD2300002B04DD0E9AE41AD21A2C
:103120000E92ED1A179B002B16DD1A0007990598D1
:1031300001F01CFC07900028B3D001001E9A0598EE
:1031400001F062FB1390002800D171E61E990598EA
:1031500001F058FA139B1E930E9B002B12DC0C9B64
:10316000002B18DD1A9A0899059801F0FFFB0890CA
:10317000002810D100235AE65449CB1A0100994087
:103180001691BAE70E9A1E99059801F031FC1E902F
:103190000028E4D14CE6002C07DD220008990598B0
:1031A00001F026FC08900028E4D0002D08DD2A005C
:1031B0000799059801F01CFC0790002800D137E61C
:1031C000089A1E99059801F09BFC0690002800D1F2
:1031D0002EE6C368079913930023C36001F074FCC3
:1031E00000283BDA139B334367D13B0365D1D622DA
:1031F000374BD2043B4093425FD9069B5B69002B5F
:1032000003D1069B1B69012B57DD06990122059806
:1032100001F0EEFB0799069001F056FC00284CDD0A
:103220002B4B099A3B40002A74D0D622D2049342F9
:1032300070D8DC229204934200D895E63000390021
:10324000244B0022DEF7B4FF214B06000F000B4297
:1032500000D0F6E52223059A1360F2E50E970028C8
:1032600075D1139A3B031B0B002A39D01A4A93429B
:1032700038D10121099B494232000800002B0BD0B4
:10328000D424134B08003B40E404A34204D86C3020
:103290001B0DC31A99400800824223D10F4B0E998F
:1032A000994202D1013200D1C2E5094B0E9A0026A3
:1032B0001A401300802252039F18099B002BBDD196
:1032C000BFE5C04650B9020802FCFFFFE2FBFFFF6A
:1032D0000000F07F00005039FFFF0F00FFFFEF7F7D
:1032E00033439DD0169B002B1CD00E9B169A134285
:1032F000E3D0139B30003900099A002B16D0FFF75A
:1033000045FB02000B0010981199DDF7A9FF06009C
:103310000F00D2E70126924A76429B18914A1A433F
:103320001700CAE7149B3342C7D0E2E7FFF72EFB32
:1033300002000B0010981199DFF702FA0022002317
:1033400006000F00DDF78CF80028B6D00CE60799D0
:10335000069801F03BFD80230022DB0504000D00F0
:10336000DDF78EF800286CD0139B002B77D1002E50
:1033700057D10E9B1B035AD10022200029007A4B03
:10338000DDF774F8002859D1200029000022774B7E
:10339000DEF70EFF04000D0080231B06EB180A94D5
:1033A0000B930A9A0B9B14921593714A0E9B134030
:1033B0001693169A6F4B9A4200D087E06E4A0E9B86
:1033C000944663441F003000190001F033FC0A9A50
:1033D0000B9BDEF7EDFE32003B00DDF741FF644A58
:1033E000664B06000A409A4240D9119B644A9342B8
:1033F00003D1109B013300D11AE50126604F7642BC
:103400001E99059801F0FEF80899059801F0FAF860
:103410000799059801F0F6F80699059801F0F2F879
:1034200017E6012E03D10E9B002B00D19CE5002353
:10343000544C4D4D0A930B940024B2E700244B4D9D
:10344000AAE720002900494B0022DEF7B1FE139BBA
:1034500004000D00002B9FD00A940B95A1E70023D8
:10346000414C25000A930B941C009AE7D4239B043B
:10347000CF18099B1097002BC2D13D4B169A3B40A9
:103480009A42BDD120002900DDF7BEF8DDF7F6F83D
:1034900002000B0020002900DFF752F93C03139BC8
:1034A000240B34430E900F91374A1C4352D0374BB4
:1034B000DCF7DCFF002800D0C3E40E980F99344AF3
:1034C0002A4BDCF7E7FF00289AD0BAE4099B002BCF
:1034D0002AD0D423169ADB049A4225D8200029004A
:1034E0002C4A2D4BDCF7CCFF002816D020002900F9
:1034F000DDF76CF8002800D10130DFF749FD139BA0
:1035000004000D00002B22D180231B06CB1818903D
:103510001993189A199B14921593D622159BD204CD
:103520009B18169A9B1A159310981199149E159F23
:1035300001F080FB02000B0030003900DEF738FE9E
:10354000109A119BDDF78CFE06000F0091E718948E
:103550001995DEE7114B0E980F99DCF787FFB2E75C
:103560000000F0FFFFFF0F000000F03F0000E03F11
:103570000000F07F0000E07F0000B0FCFFFF9F7CB8
:10358000FFFFEF7F0000F0BF9535A094FFFFDF3F06
:1035900035E5AF350000C0FFFFFFDF41FFFFCF3F44
:1035A00010B5044C0A000100034B2068FFF706FA2F
:1035B00010BDC0467007002004060020F7B5294C56
:1035C0000A00294B01002068FFF7F8F902000B0000
:1035D00006000F00DFF750FC00280ED02348002F14
:1035E00007DA00F05BFB80231B06C31801930198E8
:1035F000FEBD00F053FB0190F9E739003000DFF722
:1036000033FD0190019B1A495D006D08281CDDF710
:10361000C5FD002819D11649281CDCF76BFF0028CE
:1036200013D101227B005D0830002900114B52426A
:10363000DFF722FC002810D10122300029000D4BB9
:103640005242DCF71DFF002807D1FF23019ADB055A
:103650001342CCD1084B3B42C9D02222014B1B68FC
:103660001A60C4E77007002004060020D7BC0208D7
:10367000FFFF7F7FFFFFEF7F0000F07FF0B585B099
:1036800017001E0003900191242B44D80C00012B3D
:1036900041D03D4B08229C46230061461D780134F1
:1036A000485D010011401042F6D12D2D3AD1257808
:1036B0009C1C0123009310223300934309D1302D29
:1036C00036D1202123788B43582B31D116006578D1
:1036D00002342E4A009B9446634431001800029342
:1036E000DCF7BEFD0022844610002B00303B092B86
:1036F00025D81D00AE4231DD531C09D001225242B3
:10370000844505D301D1A94225DB01227043281845
:1037100025780134E9E700F071FA162303600020F0
:1037200005B0F0BD00912B2DC5D125789C1CC2E7BA
:10373000002ECED10836302DCBD00236C9E72B0073
:10374000413B192B01D8373DD4E72B00613B192BA6
:1037500004D8573DCEE701225242D9E7531C08D185
:103760002223039A02981360002FD9D0631E01937D
:1037700007E0009B002B00D04042002FD0D0002A51
:10378000F4D1019B3B60CBE779B90208FFFFFF7FD3
:1037900010B5044C13000A0001002068FFF76EFF0B
:1037A00010BDC04670070020002310B50400036060
:1037B0004360836081814366C281036143618361A9
:1037C000190008225C3000F032F90B4BE4612362EF
:1037D0000A4B63620A4BA3620A4BE3620A4B9C42A8
:1037E00005D00A4B9C4202D0094B9C4203D12000D9
:1037F000583000F02DFA10BD7139020899390208CD
:10380000D1390208FD390208249001208C90012052
:10381000F490012010B5034A0349044800F06CF805
:1038200010BDC046F8050020396302087807002063
:1038300041680B4B10B50400994201D002F07CFDA9
:10384000A168084B994202D0200002F075FDE168A2
:10385000054B994202D0200002F06EFD10BDC0461B
:10386000249001208C900120F490012010B5094B88
:10387000094A04211A6009480022FFF795FF012236
:1038800009210748FFF790FF022212210548FFF7A0
:103890008BFF10BD5C910120153802082490012097
:1038A0008C900120F490012010B5024800F0D2F96C
:1038B00010BDC0466691012010B5024800F0CBF95A
:1038C00010BDC0466691012010B50400FFF7ECFF63
:1038D000636B002B02D0FFF7EFFF10BD044B636357
:1038E000044B1B68002BF6D1FFF7C0FFF3E7C0467F
:1038F000313802085C910120F7B5140000260090D1
:103900000191A5686768013F04D52468002CF8D1AF
:103910003000FEBDAB89012B08D90E22AB5E01330E
:1039200004D029000098019B984706436835EAE7D0
:103930000EB400B50B499CB01DAB029006900791E8
:1039400004910948094904CB0591006802A9019333
:1039500001F0B8FA0022029B1A701CB008BC03B038
:103960001847C046FFFFFF7F700700200802FFFFD7
:1039700070B50C000E25495F00F006F9002803DB46
:10398000236D1B18236570BDA389024A1340A381D0
:10399000F9E7C046FFEFFFFFF8B51F008B89050070
:1039A0000C001600DB0505D50E23C95E002202239C
:1039B00000F0D6F8A389054A28001340A3813200FD
:1039C0000E23E15E3B0000F005F9F8BDFFEFFFFFBD
:1039D00070B50C000E25495F00F0C2F8A389421CA7
:1039E00003D1054A1340A38170BD802252011343C5
:1039F000A3812065F8E7C046FFEFFFFF10B50E2357
:103A0000C95E00F09BF810BD10B5884206D80023AF
:103A10009A4208D0CC5CC4540133F9E78B18984221
:103A2000F5D2013A00D210BD8B5C8354F9E7030054
:103A30008218934200D1704719700133F9E70200F0
:103A400010B5137814000132002BFAD1CA5CE2548D
:103A50000133002AFAD110BDC9B20378002B04D07B
:103A60008B4200D170470130F7E74B425941494240
:103A70000840F7E730B50500101E0BD00024013ACE
:103A80002B5D085D834204D1A24202D00134002B99
:103A9000F6D1181A30BD030030B51D00002A06D03B
:103AA0000C78013A01332C700131002CF5D1002142
:103AB0009A18934200D130BD19700133F9E7000024
:103AC000034B10B51A680123503200F003F810BD03
:103AD00070070020F0B5041E02D11468002C09D034
:103AE00020000E00057801343778002F04D1002D16
:103AF0000DD11560002006E00136BD42F4D1002B47
:103B0000EED114600370F0BD0133002D02D10B0023
:103B1000267801341D78AE42F6D100231D009E4266
:103B200002D02300611E0D701360ECE79422024B5B
:103B30005200985C7047C04604060020002370B510
:103B4000064D040008002B6004F0DAFD431C03D18D
:103B50002B68002B00D0236070BDC046609101200F
:103B600070B50400080011001A000023054D2B60F9
:103B700004F0EEFD431C03D12B68002B00D0236022
:103B800070BDC0466091012070B5040008001100AE
:103B90001A000023054D2B6004F0E2FD431C03D105
:103BA0002B68002B00D0236070BDC04660910120BF
:103BB000002370B5064D040008002B6004F0D8FD0A
:103BC000431C03D12B68002B00D0236070BDC0467E
:103BD0006091012070B50400080011001A00002354
:103BE000054D2B6004F0D4FD431C03D12B68002B42
:103BF00000D0236070BDC04660910120014B186861
:103C00007047C0467007002070B500260C4C0D4D63
:103C1000641BA410A64209D1002604F0C3FD0A4C7F
:103C20000A4D641BA410A64205D170BDB300EB5829
:103C300098470136EEE7B300EB5898470136F2E7B4
:103C400068BD020868BD020870BD020868BD0208B0
:103C50007047704770477047802310B5082804D01C
:103C6000FFF7CCFF16230360173B180010BD0300BD
:103C70000A7801311A700133002AF9D17047002304
:103C800010B59A4200D110BDCC5CC4540133F8E7A2
:103C9000002001497047C0460000F87F0048704787
:103CA0000000C07F034B10B5002B02D0024800F08B
:103CB00005F810BD0000000065650208002310B57E
:103CC00001001A00180002F09FFC10BDF7B50400B7
:103CD00008200D00FFF7C0FF06002000FEF778FC6B
:103CE0000322224F3100BB685B68934318001138F0
:103CF000401B80190193DCF72DFA451E7543AE4237
:103D000004DD2000FEF76CFC0020FEBD0021200039
:103D1000FFF74EFFBB68019A9B189842F1D1200033
:103D20006942FFF745FF013010D100212000FFF765
:103D30003FFFBA68811A0F29E3DD0D4D0D4B2D6849
:103D4000401B186001230B435360DAE70126019BF7
:103D5000BA685B1B33435360064A200013685B1B41
:103D60001360FEF73DFC3000CFE7C046F0010020B5
:103D7000E8010020F08F0120F7B50D1E01902DD035
:103D8000FEF726FC012329009C4608394F6862464D
:103D90003B0064469343C8184568023295434A4A3B
:103DA0002740966886421AD15B19002F06D1086811
:103DB000091A8D681B18C868E860856001201843DF
:103DC00048609160414A12689A4204D8404B019879
:103DD0001968FFF77BFF0198FEF702FCF7BD00268C
:103DE0004560B74209D10F683A4CC91BDB198F688F
:103DF000A7422CD0CC68FC60A76047197C680127DB
:103E00003C420BD15B198568002E22D1314CA54272
:103E10001FD13E0051611161CD608D6001252800E8
:103E200018434860CB50002ED5D1802080008342BB
:103E300013D2D8085B099D4053681D43C3009B18EB
:103E400055609A68CB608A609960D160C3E7664626
:103E5000D3E7C068E8608560E0E75D0A042D12D80A
:103E600098093830C600B618B5680327AE4225D188
:103E7000012380108340506803435360CE608D60FF
:103E8000B160E960A7E7142D02D828005B30E9E7AC
:103E9000542D02D8180B6E30E4E7AA20400085426A
:103EA00002D8D80B7730DDE70B4E7E20B542D9D84B
:103EB000980C7C30D6E7AD68AE4203D06A68BA434E
:103EC0009A42F8D8EE68D9E7F0010020EC01002012
:103ED00020900120F8010020540500000200F0B5F8
:103EE000046985B014324B11160002939C4231DDF7
:103EF0001F260F009B00A500D318374055190093CB
:103F0000019731420DD1160019008D4236D8009B21
:103F10000026033B9D4202D3029BE41AA600961999
:103F200018E02021019E019F891B009E039102CE73
:103F30009446F940B54216D8009B002601339D42B5
:103F400003D3029BE41AA600043E961931600029AF
:103F500000D00436B11A89100161964201D10023C4
:103F6000436105B0F0BD3768039B9F400F43614636
:103F700080C18C46019B02CED940DBE780C980C658
:103F8000C3E70200303A0300092A02D8203BD8B226
:103F900070470200613A052A01D8473BF7E71A004B
:103FA000413A0020052AF3D8273BF0E7F0B589B065
:103FB00007930B680192039006919A1C110001323D
:103FC000501E00783028F9D0CB1A023B059300919F
:103FD000FFF7D7FF00231D00029398421ED1012254
:103FE000A6490098FFF746FD0700A84200D06AE006
:103FF000009B58785C1CFFF7C4FF01230293A84282
:104000002FD00094009B1878302809D0FFF7B9FF13
:10401000424242410123250002920593009C04E0A4
:10402000009B01330093EDE701342078FFF7A9FFEF
:10403000071EF9D1012220009049FFF71BFD00283F
:104040000DD1002D06D1013425002078FFF799FF0E
:10405000002802D12D1BAF0003E00134F5E7002D4D
:10406000F8D12022237826009343502B1DD163786A
:104070002B2B2DD02D2B2FD00023661C04933078B2
:10408000FFF77FFF431EDBB20500182B2AD870789C
:10409000FFF777FF431EDBB20136103D182B1DD909
:1040A000049B002B00D06D427F19069B1E60029B73
:1040B000002B19D0059B06265A4253415B421E40F5
:1040C000300009B0F0BD01230027009C0293C8E72F
:1040D00000230493A61CD2E70123FAE70A235D43D9
:1040E0002D18D4E72600E0E7009B0299E31A013B74
:1040F000072B0ADC039800F05DFA051E08D12A00A0
:10410000E4215F4B5F4802F0BFFA01315B10EFE73B
:10411000030014330293059300231E000493009BB5
:10412000A34238D3059C029B40C4E41AA41030007B
:104130002C6100F001FB019B64011B68261A0093AF
:104140009E4252DDF61A3100280000F08AFE041E5D
:104150000FD001241F232000721E1340984003003B
:104160005111029889000958194202D0A24234DC48
:10417000022431002800FFF7B1FEBF19019B9B68A4
:10418000BB4242DA2900039800F03CFA00230E9A61
:10419000A326136094E7013C23782E2B12D0049BB6
:1041A000202B04D1059B40C300260593049620785C
:1041B000FFF7E7FE0F231840049B984004330643A3
:1041C0000493ACE7009BA342E9D8012220002B49CD
:1041D000FFF750FC0028E2D1A1E72800B11E00F053
:1041E00040FE0028C4D00324C3E7009B00249E4265
:1041F000C4DA9E1B29003200039800F0F9FB03008B
:1042000014330500BF1B0293B8E7019B5E68BE42F2
:104210006FDD009BF61BB34236DC019BDB68022B93
:1042200024D0032B26D0012B17D1009BB34214D1ED
:10423000012B0BD1019B079A5B6862261360012357
:10424000029A2B6113600E9B1D6039E700992800CC
:10425000013900F006FE0028ECD12900039800F097
:10426000D1F900230E9A5026136029E70F9B002BEB
:10427000F3D1DFE70F9B002BDCD1EEE724B9020876
:1042800081BA020892BA0208771E002C2FD1002FA3
:1042900004D03900280000F0E4FD04001F237A1147
:1042A0001F401E3BBB400299920052581A4201D057
:1042B00002231C43009B31009B1B02262800009315
:1042C000FFF70CFE019B5F68002C3FD0019BDB6871
:1042D000022B10D0032B12D0012B06D1A20704D53C
:1042E000029A126814431C420CD110232DE00124C1
:1042F000D4E70126E8E701230F9A9B1A0F930F9B3F
:10430000002BF2D02B69002002939B0004932B001A
:10431000049A143399181A68541C1CD001321A607C
:104320002B001433022E3FD1019A00991268013AF2
:104330008A4209D10A001F201040012282404911FF
:104340008900CB5813423DD120231E430E9B1D6094
:10435000079B1F60B4E601C39942DCD8AB68029AA0
:104360009A4218DB69680398013100F023F9041EB2
:1043700004D1220084211D4B1D48C4E629002A696E
:104380000C31023292000C30FFF779FC29000398BF
:1043900000F038F925002B695A1C2A6101220433E8
:1043A0009B00EB185A60BBE72A6902998A420BDD31
:1043B00001212800FFF792FD019B01379B68BB425A
:1043C00000DADFE60126BFE71F22009C00991440B7
:1043D0001142F7D0049A9B18043B186800F0ACF91E
:1043E00020231B1B9842E3DBECE7C04681BA02089E
:1043F00092BA0208082370B520259A1A9200AD1AC5
:10440000436804681E00AE40D340344304604360F8
:1044100004308842F4D370BD30B503680C780133A2
:10442000002C02D10360012030BD1A781500413DF7
:10443000192D00D820320131A242EFD00020F3E73D
:10444000F0B50B688BB0019201995A1192008A184D
:10445000029219001F22114008900691134202D0C7
:10446000029B04330293029B00251F1F3E003C0069
:10447000089B3D601B68079505930395059B0133D9
:104480000993059B5B780493002B28D00498FFF7D1
:1044900078FD002855D1049B202B19D8039B079A3F
:1044A000934212DDB44206D2072D04DC2A0031000B
:1044B0002000FFF79FFF019B08259C4205D9261F7E
:1044C00000253400039B35600793099B0593D5E7CE
:1044D000049B292B5AD1059B089A02331360039B36
:1044E000002B53D0B44206D2072D04DC2A00310041
:1044F0002000FFF77FFF019B9C4236D91A00230062
:1045000002CB02C29F42FBD2029B611CDA1E042333
:10451000914205D8029B043B1B1B9B0801339B0067
:10452000019AD318002204C39F42FCD23B68002B9F
:1045300004D1019B9F4227D101233B6005200BB092
:10454000F0BD039B013501330393082D06DD019B6C
:104550009C42BAD900230125043C23600F22236822
:1045600010401B0103432360AFE7069B002BDDD007
:104570002023069A02999B1A01225242DA400439FA
:104580000B6813400B60D1E7043FCFE70420D6E768
:1045900082B0002900D101A9101E06D0002B06D040
:1045A00013780B601078431E984102B070470220C8
:1045B0004042FAE7436C70B506000C00002B12D0A5
:1045C000736CA2009B181868002815D101210D00FA
:1045D000A5406A1D3000920002F074F8002809D04E
:1045E000446085600AE02122042102F06BF87064C7
:1045F0000028E5D1002070BD02681A600023036125
:10460000C360F8E7002906D04A68436C92009B1803
:104610001A680A6019607047F7B50F0001900C0026
:104620001E0000200D6914373B68013099B25143D8
:104630001B0C534389190E0C9B191E0C89B21B04C9
:104640005B1808C78542EFDC002E22D0A368AB427E
:1046500019DC616801980131FFF7ACFF071E05D135
:104660003A00BA210C4B0D4802F00EF821002269E5
:104670000C31023292000C30FFF701FB210001984F
:10468000FFF7C0FF3C002B1D9B00E31801355E6067
:1046900025612000FEBDC04681BA0208F2BA0208B8
:1046A000F7B5070018000C00083009210193150028
:1046B000DBF7DAFD0123002183420ADB3800FFF734
:1046C00079FF011E08D10A00194B1A48D33101F0B5
:1046D000DBFF5B000131EFE7089B436101230361CE
:1046E000092D18DD230009331E0000936419337867
:1046F0000A223800303BFFF78FFF01360100A64247
:10470000F5D12C00009B083C1C192E00019B9E42F9
:1047100004DB0800FEBD09250A34F6E7631B9B5D38
:104720000A223800303BFFF777FF01360100EDE742
:1047300081BA0208F2BA0208802203005202002065
:10474000934201D21B04103080225204934201D2C2
:1047500008301B0280225205934201D204301B0113
:104760008022D205934201D202309B00002B03DB52
:104770000130134200D12020704703680100072256
:104780001800104013420DD0063A0020134205D104
:104790000230034203D0D34010000B6070479B08E7
:1047A0000B60FBE79AB2002A01D110201B0CDAB291
:1047B000002A01D108301B0A1A0701D104301B0955
:1047C0009A0701D102309B08DA07E9D401305B086F
:1047D000E6D12020E2E7000010B50C000121FFF730
:1047E000E9FE002807D14621054C0200054B2000B8
:1047F000FF3101F049FF01234461036110BDC04650
:10480000F2BA020881BA0208F0B514000A692369F5
:104810000D008BB09A4202DB23000C001D002769BB
:104820002E696168BB190393A368BA19934200DA31
:104830000131FFF7BFFE0290002806D1B121494B9C
:104840004948029A490001F01FFF029B00221433DD
:104850009C46BB199B0063440493634604998B42B6
:104860002AD32300BF00143314350893B600DB1994
:104870000593AB190993042306932300059A153376
:1048800001959A4205D3131B153B9B0801339B00EE
:104890000693019B099A934210D3039B002B05DDDD
:1048A000049B043B04931B68002B56D0029B039A85
:1048B00018001A610BB0F0BD04C3CFE7019B186864
:1048C00080B200281ED067460025089E02CE3B68B5
:1048D00007938BB243431A006B46090C9B8B4143F1
:1048E000D318079A5B19120C89181A0C8A189BB2F4
:1048F000150C12041A43059B04C7B342E6D863465D
:10490000069A9D50019B1868000C20D06346250034
:10491000614600271B6814352A680E6892B242432C
:10492000360C9219D21916049BB21E430E6040CD6C
:104930004B68360C46439BB2120CF3189B18059A31
:104940001F0C0431AA42E7D8624606995350019BD6
:104950000433019304239C449BE7039B013B039393
:104960009BE7C04681BA0208F2BA0208F7B50323F2
:10497000150007000E001A401D4208D01A49013ADE
:104980009200525800233100FFF746FE0600AD109A
:1049900027D03C6C002C07D138001449FFF71CFFCE
:1049A000002304003864036001231D420AD0310053
:1049B00022003800FFF728FF310001903800FFF790
:1049C00021FE019E6D100CD02068002807D1220026
:1049D00021003800FFF718FF002320600360040067
:1049E000E2E73000FEBDC0464CBB02087102000089
:1049F000F0B50C0016002369571185B0FB18019320
:104A0000013300934968A3680290009A934210DB37
:104A10000298FFF7CFFD0023010005001A001431B2
:104A200098420CD1EF212A00254B2648490001F07D
:104A30002BFE01315B00E8E798000A500133BB42CE
:104A4000FADBFB43DB171F40BF0023001F20C919FF
:104A500037002269143392009A180740064229D081
:104A60000130C01B03908C4600201E68BE400643E8
:104A7000604640C08446039E01CBF0409A42F4D881
:104A8000260015360423B24204D3131B153B9B08A2
:104A900001339B00C850002802D0019B02330093D1
:104AA000009B0298013B21002B61FFF7ABFD280022
:104AB00005B0F0BD01CB01C19A42FBD8F0E7C0467A
:104AC00081BA0208F2BA020830B50B690469020023
:104AD000E01A9C420FD114329B0014311400C91803
:104AE000D218043A043915680B689D4204D001209D
:104AF0009D4200D2023830BD9442F2D3FBE7000061
:104B0000F0B50C0087B00090110020001700FFF7EF
:104B1000DBFF051E10D101000098FFF74BFD021EC0
:104B200004D1404B4048414901F0AEFD01234561AD
:104B30000361100007B0F0BD0026B04203DA230085
:104B40003C001F00013661680098FFF733FD021E2C
:104B500003D1344B34483649E6E7236914340093D3
:104B60009B00E318210001943C0002933B6914343C
:104B70009B00E31803930300C6608C4600201433A7
:104B800004930593634620CBA9B20E009C4608CC43
:104B90002D0C99B2711A09181B0C0814EB1A1B186A
:104BA000181489B21B041943059B02C30593039B88
:104BB000A342E7D83900039C153104238C4204D367
:104BC000E31B153B9B0801339B000199CD18049909
:104BD0002E00CB181F0002998E4211D3029CE91EB1
:104BE00000208C4204D321000331491B890888002E
:104BF0001B18043B1968002910D0009B136198E72B
:104C0000844602CE88B2604400140C0C041961443E
:104C1000201489B22404214302C7DCE7009901393A
:104C20000091E6E781BA0208F2BA020837020000F2
:104C30004502000010B500240C4B0D4A0B409B1898
:104C4000A34206DC5B421A15132A05DC80231B03F2
:104C500013411900200010BD143A01241E2A02DC61
:104C600080242406D4400023F3E7C0460000F07FF0
:104C70000000C0FCF7B50600036914369B00F3186A
:104C80001D1F2C680F0020000193FFF755FD202207
:104C9000121A3A6003001C4A0A2815DC0B2127006F
:104CA000091ACF403A438C4611000022AE4202D28C
:104CB000019A083A126815339C4063462700DA408F
:104CC0001743380003B0F0BD0027AE4202D2019D69
:104CD000083D2F680B2149428C469C440B2B10D079
:104CE000614620238C405B1A3900D9400C43224393
:104CF00011000022B54201D9043D2A686446A7404C
:104D0000DDE722431100DCE70000F03FF7B50121A9
:104D100016001F00FFF74EFC041E05D12200254B94
:104D20002548264901F0B0FC3B037D001B0B6D0DAF
:104D300002D08022520313430193002E25D06846EF
:104D40000096FFF71AFD019B009900281BD0202236
:104D50001E00121A96403200C3400A43626101935A
:104D6000019EA661731E9E4101362661002D14D05E
:104D70003526134BED18089B2D181D60099B361A1C
:104D80001E602000FEBD6161EAE701A8FFF7F5FCA7
:104D9000019B012663612030E7E70A4BC018089B9E
:104DA0001860094BF3189B00E3185869FFF7C4FC1F
:104DB0007601E3E781BA0208F2BA02080F030000A5
:104DC000CDFBFFFFCEFBFFFFFFFFFF3FF0B587B03E
:104DD0000F0004A90600FFF74DFF00900191009B12
:104DE000019C380005A902930394FFF743FF0D00CF
:104DF00002000B0030693969049E401A0599400190
:104E0000711A41180805002908DD0199411803911C
:104E100002980399DCF788FD07B0F0BD2B1AF7E77D
:104E200070B5140005000139136949110131890079
:104E300014349B004118E318A3420DD81400113418
:104E400000259C4203D89B1A113B9B089D00002320
:104E50004019814203D870BD40CC40C5ECE708C082
:104E6000F7E70200006910B514324B11984213DBCA
:104E70000CDD1F2408002040214207D099008C58E7
:104E80002100C140814001208C4204D19B00D318F5
:104E9000934203D8002010BD0300F7E7043B1968D4
:104EA0000029F5D00120F6E70300081E05D0FF2AEF
:104EB00004D98A2201201A604042704701200A70FA
:104EC000FBE70000F0B5DDB01C000B9109920A90E1
:104ED00001F044FB036818002093DBF71FF90B9BDC
:104EE00018909B891B0617D50B9B1B69002B13D1B0
:104EF00040210A98FDF75CF90B9B186018610028A7
:104F000007D10C230A9A136001235B421A9300F025
:104F100011FC40230B9A53610023002232933193FA
:104F20000E93002316921793002333AF30972393E9
:104F3000229314931D9321931A93099D2B78002B90
:104F400002D0252B00D090E0099BEE1A9D4216D08E
:104F50003B60329B7E609B193293319B0837013353
:104F60003193072B08DD0B990A9830AA02F074FAE6
:104F7000002800D0D8E333AF1A9B9B191A932B78E3
:104F8000002B01D101F08AF900231B220126691CA4
:104F90001D0022A812181370764219934B1C15930A
:104FA0000B781093109820385A2801D900F002FE8F
:104FB000DBF7C6F89B0000060006A5000006000609
:104FC0000006800000060006A700AF000006AD0046
:104FD000B4000006D000D200D200D200D200D2002D
:104FE000D200D200D200D200000600060006000661
:104FF00000060006000654010006FD000F015401E2
:10500000540154010006000600060006E4000006F4
:105010000006D40400060006000618050006360542
:1050200000060006660500060006000600060006EB
:1050300000060006000654010006FD00110154019F
:1050400054015401E6001101F9000006F2000006C7
:10505000B604D6040705F90000061805A3003805B4
:10506000000600065D000006A300013566E7A54BBB
:1050700028002393202318401D4201D100F003FD96
:10508000193B07349C43220018CA069307940D92DB
:10509000EB070AD5069B079A134306D0302229ABAB
:1050A0001A70109A5A7002231D43974B02201D401C
:1050B00000F066FC0A9801F051FA43681800219349
:1050C000DBF72CF81D900A9801F048FA83681493D6
:1050D0001D9B002B11D0149B002B0ED01B78002B96
:1050E0000BD08023DB001D4307E01B2322AA9B1863
:1050F0001A78002A01D120321A7015994EE701233F
:10510000F1E708CC1993002BF7DA5B4219930423DB
:10511000E9E71B2322AA9B182B22EDE7159A159B82
:105120001278013310922A2A0DD000260A21109AF3
:105130001593303A092A00D934E74E43B6181A7845
:1051400001331092F3E740CC002E01DA01267642BB
:105150001593D2E78023C6E700220A21159B1992F6
:10516000199A10984A433038821819921A780133E4
:105170001092303A092AF3D9159313E70823B2E7BE
:10518000159B1B78682B05D1159B01331593802344
:105190009B00A8E74023A6E7159B1B786C2B04D146
:1051A000159B0133159320239DE710239BE72100D6
:1051B00004C943AB0D911B211A70002222A80918C3
:1051C0000A7001260C921B9212921392119209936B
:1051D000BEE110231D43AB062FD5072307349C43A4
:1051E000220018CA069307940D92079B0120002BFA
:1051F0000BDA069B079C00225942A24106910792B6
:105200001B222D2122ABD2181170069A079B1A433C
:10521000711C01D101F052F880212C008C43002A2E
:1052200001D001F050F8002E01D100F0B9FC0128A6
:1052300001D001F04CF800F04DFC220008CA0D929C
:10524000EA0603D50693DB170793CEE76A0601D576
:105250001BB2F7E7AA05F5D55BB2F3E707230734DE
:105260009C43220018CA0D92012216931794169B94
:1052700052422493179B5B005B0825932498259941
:10528000224BDDF7F9FD002824D12498259901222D
:105290001E4B5242DBF7F4F800281BD116981799E1
:1052A00000220023DBF7E2F8002804D01B2322AA07
:1052B0009B182D221A70164B0993109B472B01DD6A
:1052C000144B099380239D43002303260C931B93C7
:1052D00001F02CF8169A179B10001900DDF7CCFD91
:1052E00000281DD0179B002B04DA1B2322AA9B1831
:1052F0002D221A70084B0993109B472BE2DD074BB8
:10530000DFE7C04658BC0208FFFBFFFFFFFFEF7F4F
:1053100048BC02084CBC020850BC020854BC02083D
:10532000109B612B00D1E9E15822412B00D1E6E12D
:10533000731C00D109E22023109A0C909A43472A4B
:1053400002D1002E00D1013680235B002B431C9339
:10535000179B002B00DBFBE1802212069446169B74
:105360001E93179B63441F932D2327932023109A8A
:105370009A431292412A00D006E21E981F992AAA47
:1053800001F010F9FF2300229B05DCF711FF00223A
:1053900000230E900F91DBF763F8002801D0012362
:1053A0002A93CF4B1393109B612B01D0CD4B1393BA
:1053B000099C731E00220E980F991193CA4BDCF7BB
:1053C000F7FE0E900F91DDF779FD1B90DDF7B2FD32
:1053D00002000B000E980F99DDF7B2F9139A0E90A8
:1053E0000F911B99119B525C2270013401330BD039
:1053F0000E980F99119B0022013B26930023DBF7A7
:105400002FF8002800D1A9E100220E980F99B74B80
:105410002694DBF73FF800280CD10E980F99002254
:10542000B24BDBF71DF8002800D1A8E11B9BDB077E
:1054300000D4A4E13020139B2E94DB7B2E9A013AFA
:105440002E921178994200D18AE14B1CDBB23929A6
:1054500001D1139B9B7A1370269B099A9B1A0E937A
:105460002A9B1193129B472B00D0DCE1119B033345
:1054700003DB119BB34200DCFBE1109B023B10936A
:10548000119B40225C1E6B4610999B18203A00200D
:105490001B782A949143412902D10F33DBB20130AA
:1054A0002CA90B702B23002C03DA0124119BE41A86
:1054B0002D234B70092C00DCCDE1372322AA9B1849
:1054C0001293129E2000731E0A211293DAF7B2FF84
:1054D000731E3031197020000A211194DAF7C4FECE
:1054E000119B0400632BECDC2A2222A8B11E1218A7
:1054F00037200B0030340C7022AC0019834200D2EC
:10550000A4E10023814203D8393322AA9B189B1BB4
:105510002A2222A95218D3182CAA9B1A0E9A229337
:105520009E18012A01DCEB0701D5189BF618802292
:105530006F4B52002B401A4300231C92129313937B
:105540001193279B002B00D0E4E100231C9D1B93AB
:105550001B9B1C93B34200DA1C961B2322AA9B18A8
:105560001B785A1E93411C9AD3181C9302232B407C
:10557000269302231D4202D01C9B02331C938423DA
:105580002B40279384231D421FD1199B1C9A9C1AE0
:10559000002C1ADD3900319B5648329A013308310C
:1055A0003860102C00DD17E37C60A4180F003294E3
:1055B0003193072B09DD0B990A9830AA01F04CFFB3
:1055C000002801D000F049FE33AF1B2222A9521857
:1055D0001178329B002914D03A6001229B18329333
:1055E000319B7A609B1831930837072B09DD0B99A3
:1055F0000A9830AA01F030FF002801D000F02DFEFB
:1056000033AF269A329B002A15D029AA3A6002228B
:105610009B183293319B7A60013331930837072B03
:1056200009DD0B990A9830AA01F016FF002801D075
:1056300000F013FE33AF279B802B1FD1199B1C9AC0
:105640009C1A002C1ADD3900319B2B48329A013309
:1056500008313860102C00DDD1E27C60A4180F0006
:1056600032943193072B09DD0B990A9830AA01F087
:10567000F3FE002801D000F0F0FD33AF1B9B9C1B14
:10568000002C1ADD3900319B1B48329A0133083156
:105690003860102C00DDC5E2A2187C6032920F0049
:1056A0003193072B09DD0B990A9830AA01F0D4FE3B
:1056B000002801D000F0D1FD33AF329B1B93EB05E6
:1056C00000D5CBE2099B7E603B601B9BF618319BAB
:1056D000329601333193072B00DDA3E3083701E352
:1056E00058BC020869BC0208000030400000E03FDE
:1056F000FFFBFFFF8CBC02087CBC02087822302133
:1057000029AB19705A7002231D43632E15DD0A98C8
:10571000711CFCF74DFD0990002813D10B9B9A8951
:10572000402313430B9A93810B9B9B895B0601D506
:10573000FFF7EAFB1A985DB0F0BD00230C9343AB72
:10574000099301E6099B0C93FEE506260C90FBE508
:10575000169B179C1E931F94002306E6269B29E6A2
:1057600010706BE618700133CA1AFBD5119A00232A
:10577000013201DB119B0133E31826936CE6119A89
:10578000230030201119EFE7129A34000323462A30
:1057900005D01400453C62425441013B34192EAA05
:1057A00004922BAA03922AAA029200930A981E9AA4
:1057B0001F9B019401F062F8129B0990472B19D1AD
:1057C000EB0701D42E9B48E6099B1B190E93002280
:1057D0001E981F990023DAF743FE002801D00E9B84
:1057E0002E9330222E9B0E999942EBD9591C2E9163
:1057F0001A70F7E7099B1B190E93129B462BE6D1F3
:10580000099B1B78302B0AD11E981F990022002378
:10581000DAF726FE002802D101231B1B2A932A9BBC
:105820000E9AD318D2E7129B462B00D028E601220D
:105830002B00119913403343002929DD002B42D05E
:10584000189A8B18F618662310932DE01C780133F4
:105850001470013252E62A2222ABD218002804D159
:1058600030232B228B7022ABD2183034531C14708F
:1058700052E6119B0E9A93420FDA0E9B189A9E18CD
:1058800067231093119B002B0EDCF61A01360BE0F8
:10589000002B1AD0189B0133D4E76723119E109375
:1058A000EB0701D5189AB61880232A00DB001A40AE
:1058B0001392002212921D4200D142E6119B9342A4
:1058C00025DC13923DE6119EBDE76623160010937A
:1058D000EAE7119A93420FDAD31A1193149B5B787B
:1058E000002B10D0139B01331393149B013314939B
:1058F000149B1B78FF2BECD1129A139B9B181D9ABB
:1059000053439E191DE6129B01331293F0E7129B3D
:105910001393EDE71B2322AA9B182D221A7014E67D
:10592000AB0609D523681A9A1A60D2175A60043454
:10593000159B0993FFF701FBEB0603D523681A9A21
:105940001A60F4E76B0603D523681A9A1A80EEE70B
:10595000AD05F3D523681A9A1A70E8E710231D43A2
:105960002023280018401D420FD0193B07349C43C8
:10597000220018CA069307940D920020B34B1D40D5
:105980001B2222AB0021D2183EE4220008CA2900C3
:105990000D9210221140154202D006930790ECE7B9
:1059A000402228001040154203D09BB20693079175
:1059B000E3E780222900920011401542F6D0DBB2C5
:1059C000EBE7230004CBA2490D930023069229AAFA
:1059D0000793118002339F4A18001D4376332392A8
:1059E0001093CDE7230004CB00240D931B230992D1
:1059F00022AA9B181C70731C0DD03200210009983C
:105A000000F0C4FD0C90A04200D1E2E0099A861A91
:105A100023000C945BE40998DAF780FB0600F7E7B3
:105A200010231D432023280018401D4209D0193B94
:105A300007349C43220018CA069307940D92012054
:105A40009EE7230004CB29000D93102319401D422B
:105A500002D006920790F2E74023280018401D422A
:105A600003D093B206930791E9E7802329009B00B6
:105A700019401D4202D0D3B20693EBE70692F2E73B
:105A8000754BFFF7F5FA230004CB29000D93102383
:105A900019401D4203D006920790FFF7F9FA402300
:105AA000280018401D4204D093B206930791FFF7D7
:105AB000EFFA802329009B0019401D4202D0D3B287
:105AC0000693E9E70692F1E7079B002B0CD1069BB2
:105AD000092B09D8069B3033DBB2E72222A95218E2
:105AE0001370099200F01BFC00230E938023DB004F
:105AF00023405CAD0C930A22069807990023DAF73D
:105B000017FD6B1E303209931A700E9B11900133F2
:105B10000E930C9B1291002B1DD0149B0E9A1B7898
:105B20009A4218D1FF2A16D0079B002B02D1069B60
:105B3000092B10D9099B1D9A21999B1A18000993CA
:105B4000FDF7A9FF0022149B0E925B785A1E934129
:105B5000149AD3181493079B002B03D1069B092B8F
:105B600000D8DCE3119B099D0693129B0793C2E7C3
:105B70000F20099B239A013B0993069B0340D35CAA
:105B8000099A1370079B1907069B1A09079B114373
:105B90001B0907930B00079A06911343E9D1BEE353
:105BA0005CAB0993002800D0B9E3ED0700D4B6E35D
:105BB000302392E7109B002B00D16FE3109A1B213A
:105BC00043AB1A70002222A809180A700D94FFF73F
:105BD000F8FA0C9BFFF77BFB1020121878603292CA
:105BE0003193072B08DD0B990A9830AA01F034FC99
:105BF000002800D031E333A90F00103CCAE4102084
:105C00001218786032923193072B08DD0B990A98AD
:105C100030AA01F021FC002800D01EE333A90F00B8
:105C2000103C10E510201218786032923193072B47
:105C300008DD0B990A9830AA01F00EFC002800D06C
:105C40000BE333A90F00103C1CE5C046FFFBFFFF30
:105C50003078000058BC020869BC0208109B652B14
:105C600000DC4AE21698179900220023DAF7F8FBC5
:105C7000002878D0CA4B1B9E3B6001237B60F6183E
:105C8000319B3296013331930837072B08DD0B998E
:105C90000A9830AA01F0E0FB002800D0DDE233AF23
:105CA0002A9B0E9A934201DBEB071BD5209B189A87
:105CB0003B60189B7B60329B08379B183293319B6B
:105CC00001333193072B08DD0B990A9830AA01F0B4
:105CD000C3FB002800D0C0E233AF0E9B10265C1E31
:105CE000002C2FDC6D0700D59AE2199B1C9A934279
:105CF00000DA13001A9AD3181A93329B002B07D09C
:105D00000B990A9830AA01F0A7FB002800D0A4E262
:105D1000002331930C9B002B00D0BAE20D9C33AFD3
:105D200006E610327E6032923193072B08DD0B9924
:105D30000A9830AA01F090FB002800D08DE233A928
:105D40000F00103C3900319B9648329A01330831DC
:105D50003860102CE5DC7C60A4180F00329431937D
:105D6000072BBFDD5EE02A9B002B77DC8C4B1B9E54
:105D70003B6001237B60F618319B329601333193EF
:105D80000837072B08DD0B990A9830AA01F064FB4D
:105D9000002800D061E233AF0E992A9B329A0B4360
:105DA000012129400B439DD0209B3B60189B7B60C9
:105DB0009A18319B3292013331930837072B08DD53
:105DC0000B990A9830AA01F047FB002800D044E262
:105DD00033AF2A9C002C18DA644238003199714A9A
:105DE000329E013108370260102C25DC4460A41972
:105DF00032943191072908DD0B990A9830AA01F0F5
:105E00002BFB002800D028E233AF099B329A3B607D
:105E10000E9BD2183292319A7B6001323192072A5E
:105E200000DC5BE40B990A9830AA01F015FB00280E
:105E300000D012E233AF55E71023F61843603296D4
:105E40003191072908DD0B990A9830AA01F004FB6B
:105E5000002800D001E233AF103CBEE70E9A099B48
:105E60009446119C63441093944200DD1400002C6E
:105E700014DD099B7C603B601B9B0837E618319B57
:105E8000329601333193072B08DD0B990A9830AA1B
:105E900001F0E2FA002800D0DFE133AFE343DB1783
:105EA0001C40119B10261C1B002C00DD8DE0119A5C
:105EB000099B9446634409936B050CD5139B002BF7
:105EC00000D09DE0129B002B00D09CE0099B109A13
:105ED000934200D909922A9B0E9A934201DBEB0769
:105EE00016D5209B189A3B60189B7B60329B083725
:105EF0009B183293319B01333193072B08DD0B99AB
:105F00000A9830AA01F0A8FA002800D0A5E133AF22
:105F1000099A109B2A9E9B1A0E9A961B9E4200DDA0
:105F20001E00329B002E13DDF3183293319B099A29
:105F300001333A607E6031930837072B08DD0B99F7
:105F40000A9830AA01F088FA002800D085E133AF22
:105F50000E9B2A9C1C1BF343DB171E40A41B102620
:105F6000002C00DCBEE63900319B0E48329A01332A
:105F700008313860102C00DCEDE610327E60329281
:105F80003193072B08DD0B990A9830AA01F064FAC7
:105F9000002800D061E133A90F00103CE3E7C046C0
:105FA0007ABC02087CBC020810327E6032923193C7
:105FB000072B08DD0B990A9830AA01F04DFA00284A
:105FC00000D04AE133A90F00103C3900319BB94899
:105FD000329A013308313860102CE5DC7C60A4185B
:105FE0000F0032943193072B00DC60E70B990A987D
:105FF00030AA01F031FA002800D02EE133AF56E785
:10600000129B002B5FD0129B013B1293219B1D9A88
:106010003B601D9B7B60329B08379B183293319B02
:1060200001333193072B08DD0B990A9830AA01F050
:1060300013FA002800D010E133AF099A109B9B1A85
:10604000149A16789E4200DD1E00329B002E13DD4E
:10605000F3183293319B099A01333A607E60319391
:106060000837072B08DD0B990A9830AA01F0F4F9DC
:10607000002800D0F1E033AF149B1C78F343DB170A
:106080001E40A41B002C18DD3900319B8948329A30
:10609000013308313860102C1CDC7C60A4180F0020
:1060A00032943193072B08DD0B990A9830AA01F03E
:1060B000D3F9002800D0D0E033AF149B099A1B78A5
:1060C000D3180993FAE6149B013B1493139B013BED
:1060D00013939BE710201218786032923193072BAC
:1060E00008DD0B990A9830AA01F0B6F9002800D013
:1060F000B3E033A90F00103CC6E73C001B9E319B68
:106100000E9A013601330834012A03DC01221542BC
:1061100000D180E0099A32963A60012231937A6088
:10612000072B08DD0B990A9830AA01F095F9002891
:1061300000D092E033AC209B189A2360189B6360D8
:10614000329B08349B183293319B01333193072BD8
:1061500007DD0B990A9830AA01F07EF900287CD15E
:1061600033AC319B00221698179910930E9B329EE8
:106170005F1E0023DAF774F9002826D1099B109AD4
:10618000013323600E9B013E0132F61867603296A0
:1061900031920834072A07DD0B990A9830AA01F0DA
:1061A0005BF9002859D133AC2CAB2360229B229A97
:1061B0006360329B9B183293319B01333193072BE1
:1061C00000DD2FE6083427008CE50E9B1026012BFE
:1061D000EADD2100319B3748329A013308312060D3
:1061E000102F07DC67600C00BA1832923193072B2E
:1061F000DADDD1E71032666032923193072B07DD8A
:106200000B990A9830AA01F027F9002825D133A963
:106210000C00103FDDE70999329606C73193E6E797
:10622000199B1C9A10259C1A002C00DC5DE5319B03
:106230002149329A01333960102C19DC12197C6023
:1062400032923193072B00DC4FE50B990A9830AA64
:1062500001F002F9002800D147E50C9B002B01D189
:10626000FFF762FA19000A98FDF786FDFFF75CFA5E
:1062700010327D60329231930837072B07DD0B997E
:106280000A9830AA01F0E8F80028E6D133AF103CB4
:10629000CDE70C990A98FDF76FFD3FE5329B002B87
:1062A00001D1FFF741FA0B990A9830AA01F0D4F80E
:1062B000FFF73AFA7CBC02088CBC02082C00002ACA
:1062C00001D1FEF7B4FF012801D1FFF7FDFB5CAB64
:1062D0000993022800D14BE4099A07211300013BDE
:1062E0000993069B0B40099930330B7007994907B6
:1062F0008C4665460699C80807990543C908079161
:106300002900079806950143E6D1E10707D5302B10
:1063100005D03021099B013B1970931E0993099AFE
:106320005CAB1B969E1A002325000C9312931393CB
:106330001193FFF70DF9C04670B505000C1E19D07A
:10634000002804D0436B002B01D1FDF7BDFA636E2A
:10635000DB0705D4A3899B0502D4A06DFDF77AFC69
:106360000C22A35E002B08D1636EDB0702D4A06D64
:10637000FDF771FC0026300070BD2100280000F000
:1063800037F8E36A0600002B06D02800E169984739
:10639000002801DA01267642A3891B0603D52800CE
:1063A0002169FDF7E9FC216B002908D02300403367
:1063B000994202D02800FDF7DFFC00232363616CC3
:1063C000002904D02800FDF7D7FC00236364FDF703
:1063D0006BFA0023A381636EDB0702D4A06DFDF787
:1063E0003AFCA06DFDF735FCFDF766FAC3E7000047
:1063F000F7B50C228B5E05000C001A075ED48022D4
:1064000012011A438A814A68002A02DCCA6B002AF8
:1064100052DDA76A002F4FD0002280202E682A600C
:106420001A004001E1690240034237D0226DA3897E
:106430005B0706D56368D21A236B002B01D0E36B90
:10644000D21A00232800A76AE169B847431C06D185
:106450002A681D2A4AD82C4B1341DB0746D40C224C
:10646000A35E2A4A1A40A281002262602269226049
:10647000DB0405D5431C02D12B68002B00D120651D
:10648000216B2E60002917D023004033994202D09F
:106490002800FDF771FC002323630DE00123280091
:1064A000B8470200431CC2D12B68002BBFD01D2B64
:1064B00001D0162B1AD12E6000201EE00E69002E8E
:1064C000FAD00F680E60BA1B019200229B0700D120
:1064D0004A69A260019B002BEEDD636A32001F0057
:1064E0002800019BE169B847002807DC4023012010
:1064F000A289404213431BB2A381FEBD019B361803
:106500001B1A0193E6E7C046FEFFBFDFFFF7FFFF60
:1065100070B505000C00002804D0436B002B01D19E
:10652000FDF7D2F90C22A35E1E1E15D0626ED207B3
:1065300004D49B0502D4A06DFDF78CFB210028003C
:10654000FFF756FF636E0600DB0705D4A3899B05A2
:1065500002D4A06DFDF77FFB300070BD004870478E
:10656000F406002070B5074C074D641BA410002CE6
:1065700002D102F01DF970BD013CA300EB58984711
:10658000F5E7C04674BD020870BD0208C9B28218A2
:10659000904201D10020704703788B42FBD001303C
:1065A000F6E7000070B5140000252560104D4B0083
:1065B0000A005B08AB421AD81D00054317D00D4DE9
:1065C000294209D100220C4BDBF7F2FD36250A00E7
:1065D0004B006D425B082560084D1B155B19256853
:1065E000EB182360064B1A40064B1343190070BD8D
:1065F000FFFFEF7F0000F07F0000504302FCFFFF31
:10660000FFFF0F800000E03FF7B51C4F0400386823
:10661000160001930091FDF71DFB194A1368002B2A
:1066200001D1184B13605A6838681F2A04DDFDF742
:1066300012FB01204042FEBD002C14D091005918DD
:106640000F0088373E6001271E0097408536FF36D1
:106650007568FC313D437560019DCD60022C02D10F
:10666000B1683943B160511C5960023200999200FF
:10667000D150FDF7F0FA0020DDE7C0469808002071
:10668000689101206C9101207FB514001A00094B1C
:1066900005001B680E00D868074B002C01D1074B82
:1066A0001C000749019302942B00009600F0C4FEE1
:1066B00001F0D9FE700700209CBC0208D7BC02087C
:1066C000A9BC0208F8B500240B0C160CA34233D168
:1066D000A64221D18BB291B25943FBF769FD051E49
:1066E00032D00300083B5A6803239A43043A242A11
:1066F00032D80300132A0AD90460446008331B2AE5
:1067000005D98460C460242A21D0030010330022FC
:106710001A605A609A6018E0331C0D1C89B292B25C
:106720009BB24A43ADB25D43110C69180B0C07D103
:10673000090492B21143D0E7002E01D1151CEDE7F8
:10674000FDF75CFA0C23036000252800F8BD030068
:10675000046118334461DAE70021FDF768F9F4E7D2
:10676000F0B502690F6987B006000B0000200291A6
:10677000BA426DDB013FBC00143305931B19039330
:10678000330014331C19019323680493039B04986A
:106790001D6801352900D9F7DDFC049B0090AB4250
:1067A0002BD3059B019D9C460023059304936246D1
:1067B00008CA28689446009A99B25143059A1B0C5E
:1067C0008918009A53430A0C9B181A0C89B2059237
:1067D00082B2521A0499000C52189BB21114C31AB7
:1067E0005B18191492B21B041A43039B049104C54D
:1067F0006345DCD22368002B30D030000299FEF7CD
:1068000063F9002823DB3400002502991434143185
:10681000236801C902936B461B8982B29A1A029BB4
:106820005219000C1B0C1B1A10141B181D1492B2C9
:106830001B041A43039B04C48B42E9D2019ABB0098
:10684000D3181A68002A13D0009B013300930098D4
:1068500007B0F0BD2368002B04D1013F019B043C2D
:10686000A342F7D33761C8E71A68002A04D1013F71
:10687000019A043B9A42F7D33761E5E7F0B514007B
:106880001D00816B9DB00A940B95259E03900029F5
:1068900009D00123C26B93404A608B60FDF7B2FEC2
:1068A0000023039A9363002D1EDA012333606B00EB
:1068B0005B080B930B9FB64BB54A3B40934216D1F6
:1068C000B44B249A13603B031B0B234301D100F00C
:1068D00085FDB14B269A0893002A02D0AF4B269A29
:1068E000136008981DB0F0BD00233360E2E70A9AF8
:1068F0000B9B129213931298139900220023D9F73D
:10690000AFFD061E0BD00123249A1360269B002B9B
:1069100002D0A34B269A1360A24B0893E1E71AAB6F
:1069200001931BAB00930398129A139BFEF7EEF9A9
:106930007A000590520D00D17BE0139B1896190345
:10694000994B090B0B439949571812981399190041
:106950000022974BDBF7F4FE964A974BDBF728FCB7
:10696000964A974BDAF77CFC040038000D00DCF700
:10697000E1FA944A944BDBF71BFC02000B00200069
:106980002900DAF76DFC04000D00DCF797FA00220D
:106990000490002320002900D9F768FD00280BD0BF
:1069A0000498DCF7C7FA2B002200D9F759FD4342BF
:1069B0005841049B1B1A049301231593049B162B27
:1069C00010D812981399049A804BD2009B181A6819
:1069D0005B68D9F74BFD002847D0049B013B04932B
:1069E0000023159300221A9B0692DB1B5A1E3ED5EC
:1069F0000122D31A069300230D93049B002B38DB4E
:106A0000049A0D9B944663440D93002314920F93B4
:106A1000229B0124092B67D8052B02DD0024043BAF
:106A20002293229B981E032867D8D9F77FFB2B3A25
:106A3000385B1B9B1A9EF618654BF218202A0FDD57
:106A400040239B1A9F40634B3800F318DC402043DF
:106A5000DCF79EFA0122604B771ECB18189276E77E
:106A6000202320009B1A9840F2E71590BAE70D9278
:106A7000C3E7069B049A9B1A069353420F93002385
:106A80001493C5E700231093239B0E930993002BC7
:106A900013DC01231A000E93099323920DE00123C6
:106AA000F1E70023239A10939446049B63440E93CA
:106AB00001330993002B00DC012300210422100084
:106AC000143098421DD9039B1800D963FDF772FD5D
:106AD0000890002818D1B021404B4148089AFF3156
:106AE000FFF7D2FD0123DDE7002310942293013B41
:106AF0000E93099300221333CFE701231093023B37
:106B0000F6E701315200DAE7039B089A9A63099B82
:106B10000E2B00D9D7E0002C00D1D4E0049B002B31
:106B200062DD0F21049A294B0A40D2009B181E688F
:106B30005F68049B02241D11DB050AD5294B0D401B
:106B40001A6A5B6A12981399DAF7EEFE0A900B91B3
:106B50000134244B0C93002D08D10A980B99320074
:106B60003B00DAF7E1FE0A900B9158E001231D4249
:106B700009D0E4180C9B30001A685B683900DBF719
:106B800017FB06000F000C9B6D100833E2E7C046B0
:106B90000000F07F0F270000E1BC0208E4BC0208FF
:106BA0007BBC02087ABC02080000F03F01FCFFFF3A
:106BB0000000F83F61436F63A787D23FB3C8608B83
:106BC000288AC63FFB799F501344D33F80BB0208FD
:106BD0003204000012040000000010FE81BA020816
:106BE000E5BC020858BB0208049B0224002B16D007
:106BF000129813990F225D422A40C34BD2009B1872
:106C00001A685B68DBF7D4FA012700230A900B911E
:106C1000BE4E2D11002D00D0BAE0002BA3D10A9E4C
:106C20000B9F159B002B00D1BDE0002230003900E6
:106C3000B74BD9F71BFC002800D1B4E0099B002B0F
:106C400000D1B0E00E9B002B39DD049B0022013BFC
:106C50000C933000AF4B3900DBF7AAFA0A900B9186
:106C60000E9B013420001193DCF764F90A9A0B9B08
:106C7000DBF79EFAA84B0022DAF7F2FAA74B0600E0
:106C8000CF18119B002B00D091E00A980B9900229D
:106C9000A34BDBF755FD32003B0004000D00D9F794
:106CA000F9FB002800D0A1E2802109067B18320000
:106CB00020002900D9F7DAFB002800D044E1129B1C
:106CC000139C0A930B941B9B002B00DA7BE1049A24
:106CD0000E2A00DD77E18C4BD2009B185C681B68A4
:106CE00006930794239B002B03DA099B002B00DCFF
:106CF0001AE10A9E0B9F099B089D013B5B190A93B1
:106D0000069A079B30003900DAF70EFEDCF7D6F85A
:106D10000990DCF70FF9069A079BDBF749FA0200A6
:106D20000B0030003900DBF70BFD2B00099A013511
:106D300030321A700A9A2C009A4200D035E10200D3
:106D40000B00DAF78DFA069A079B06000F00D9F7B9
:106D5000A1FB002800D013E1069A079B3000390000
:106D6000D9F77EFB002803D0099BDD0700D507E19A
:106D700005990398FDF746FC00232370049B249A91
:106D800001331360269B002B00D1AAE51C60A8E507
:106D90003D4205D032687368DBF70AFA3B000134E4
:106DA0006D10083636E7049B0C93099B5AE7119A3D
:106DB000554B013AD20010999B181A685B6800295C
:106DC00050D000205749DAF7AFFD32003B00DBF727
:106DD000B7FC089A060094460F00089B1693119B77
:106DE000634411930A980B99DCF768F80500DCF707
:106DF000A1F802000B000A980B99DBF7A1FC169B87
:106E000030350A900B9102005C1C1D7030000B00A5
:106E10003900D9F73FFB00286CD10A9A0B9B002060
:106E20003B49DBF78DFC02000B0030003900D9F73D
:106E300031FB002800D0A5E0119BA34200D13EE722
:106E4000002230003900334BDBF7B2F90022060094
:106E50000F000A980B992F4BDBF7AAF916940A90AA
:106E60000B91BFE730003900DBF7A2F9089D119ABA
:106E70002B00944616901791634419930A980B9926
:106E8000DCF71CF80400DCF755F80B0002000A9848
:106E90000B99DBF755FC3034199B2C70013506003B
:106EA0000F00AB4229D116981799089B119C9C465C
:106EB00000221C4B6444DAF7D3F902000B003000C7
:106EC0003900D9F7E7FA00285CD1169A179B002001
:106ED0001449DBF735FC02000B0030003900D9F70C
:106EE000C5FA002800D1EAE62300013C2278302AC6
:106EF000FAD01C000C9B04933AE70022054BDBF709
:106F000057F90A900B91B9E780BB020858BB0208F9
:106F10000000F03F0000244000001C400000C0FCC6
:106F2000000014400000E03F099B002B0CD10698A4
:106F300007990022BE4BDBF73BF90A9A0B9BD9F766
:106F4000B3FA002800D154E100263700239B089CA7
:106F5000DB430C930023049331000398FDF752FBAD
:106F6000002FC7D0049B002B05D0BB4203D01900D3
:106F70000398FDF747FB39000398FDF743FBB9E79A
:106F8000049B0C9323001C00013B1A78392A08D17A
:106F9000089A9A42F7D10C9A089901320C92302241
:106FA0000A701A7801321A70A4E70022A14BDBF7AD
:106FB000FFF80022002306000F00D9F751FA00283D
:106FC00000D19DE6D4E6109F0F9D069C002F14D0A3
:106FD000229A012A00DDC8E0189A002A00D1BEE0FA
:106FE000954A9B18069A0121D21806920D9A039889
:106FF000D3180D93FDF7F0FB0700002C0ED00D9B6E
:10700000002B0BDD0D9A2300944200DD1300069A3D
:10701000E41AD21A06920D9AD31A0D930F9B002BE5
:107020001FD0109B002B00D1B5E0002D10D03900EF
:107030002A000398FDF79AFC059A010007000398BF
:10704000FDF7E2FB060005990398FDF7DBFA0596CC
:107050000F9B5A1BAB4204D005990398FDF786FCA1
:10706000059001210398FDF7B7FB149B0600002B48
:1070700000D1BDE11A0001000398FDF777FC229BC7
:1070800006000025012B16DC00250A9BAB420ED121
:107090000B9B1B03AB420AD1684B0B9A134206D0E1
:1070A000069B0135013306930D9B01330D93149B11
:1070B0000120002B08D0336903339B00F318586874
:1070C000FDF73AFB2023181A0D9B181802001F2306
:1070D0001A40184265D001339B1A042B5DDD1C2336
:1070E0009B1A069AE418D21806920D9AD3180D939B
:1070F000069B002B05DD1A0005990398FDF778FC27
:1071000005900D9B002B05DD31001A000398FDF75B
:107110006FFC0600159B002B45D031000598FDF74C
:10712000D3FC00283FDA049B0A22013B0C9305990B
:1071300000230398FDF770FA109B0590002B00D1F7
:107140005DE1002339000A220398FDF765FA0E9BE2
:107150000700002B55DC229B022B2DDC51E036234F
:107160001A9A0F9D069C9B1A3CE7099B5D1E0F9B7C
:10717000AB4208DB5D1B099B069C002B00DB31E763
:10718000E41A00232EE70F9B149AEB1AD3180F95DD
:1071900014930025EFE70F9A5EE7042BA8D01C3369
:1071A0009FE71300FBE7049B0C93099B0E93002BB6
:1071B00023DC229B022B20DD0E9B002B00D0C5E69A
:1071C000310005220398FDF727FA06000100059813
:1071D000FDF77AFC002800DCB8E6089B089A5C1CE6
:1071E000312313700C9B01330C93B3E6119E3700CF
:1071F000F3E7049B099E0C93F9E7109B002B00D149
:1072000001E1002C05DD390022000398FDF7F0FBB9
:1072100007003800002D26D079680398FDF7CAF9D9
:10722000041E13D12200064B0648074958E4C04605
:107230000000144000002440330400000000F07FF0
:1072400081BA0208E5BC0208EF02000039003A6981
:107250000C31023292000C30FCF711FD01222100AA
:107260000398FDF7C5FB089B0E9A0693013B9B18FC
:107270000122049707000F930A9B13400E933100DD
:107280000598FFF76DFA049905000A900598FDF737
:107290001BFC3A000D9031000398FDF731FC0122F0
:1072A000C368040030350992002B04D10100059811
:1072B000FDF70AFC099021000398FDF7A3F9069B4E
:1072C000099A5C1C229B13430E9A134309D1392D52
:1072D00022D00D9B002B01DD0A9D3135069B1D70D0
:1072E0003AE60D9B002B04DB229A13430E9A1343BC
:1072F0001ED1099B002BF1DD059901220398FDF7B2
:1073000077FB31000590FDF7DFFB002802DCE5D1BB
:10731000EB07E3D5392DDFD13923069A137023000B
:107320001C00013B1A78392A4FD001321A7013E63B
:10733000099B002B03DD392DEED00135CEE7069BEE
:10734000069A1D700F9B93422AD000230A220599AA
:107350000398FDF761F9049B0590BB4209D1002316
:107360000A2204990398FDF757F904900700069440
:1073700085E7049900230A220398FDF74DF90023BD
:1073800004900A2239000398FDF746F9EEE70E9BB8
:107390000124002B00DD1C00089B1C190023049312
:1073A000059901220398FDF723FB31000590FDF7B5
:1073B0008BFB0028B3DC01D1ED07B0D423001C0007
:1073C000013B1A78302AFAD0C6E5089A9A42A7D12A
:1073D0000C9B01330C9331231370BDE5144B269A9B
:1073E0000893144B002A01D0FFF779FAFFF779FAD6
:1073F000229B012B00DC47E60120149D64E60E9BD6
:10740000002B00DCD5E6002431000598FFF7A8F931
:10741000089B303018550E9B013405009C42B6DAAB
:1074200000230A2205990398FDF7F6F80590EBE78B
:10743000D8BC0208E0BC02080EB417B5054C05AB79
:1074400004CB01002068019300F0C0F81EBC08BC0A
:1074500003B0184770070020F0B5136887B0170015
:107460000393936800220C00160005900292934249
:107470000BD1002000237B6007B0F0BD039B1B688D
:107480000293039B5E6808330393A5682368002E6C
:10749000F4D0AE4232D30C21625E9021C9000A4280
:1074A0002CD0032021695B1A049363694343D80FEE
:1074B000C3185B100193049B019801339B1983420D
:1074C00000D90193520530D501990598FAF770FE5D
:1074D000051E34D0049A2169FCF7D1FBA2891E4B0A
:1074E0001A4080231343A381049B2561ED18256076
:1074F0003500019B049A63619B1AA360B54200D9D1
:1075000035002A0002992068FCF77EFAA3685B1B0D
:10751000A36023685B192360029B9B190293BB68DD
:107520009B1BBB60A5D00026AFE7019A0598FBF72F
:1075300083F8051ED8D121690598FCF71DFC0C23A2
:10754000059A01201360A28934331343A3810023D9
:107550004042BB608EE7C0467FFBFFFFF0B59368FB
:1075600085B001900D001400181E08D04B6E9B04CE
:1075700027D51668A068002805D10023A360002342
:10758000636005B0F0BD0027336802937368009311
:107590009B080393039BBB4208DC0323009A083635
:1075A0009A431300A268D31AA360E3E70299BB00D1
:1075B000C9582A00019800F02DFF431CDDD0013787
:1075C000E8E7019800F030FDD7E70000F0B5C1B062
:1075D0001C001D00069004910792002804D0436B04
:1075E000002B01D1FCF770F9049B5B6EDB0707D41D
:1075F000049B9B899B0503D4049B986DFCF72AFB95
:10760000049B0C229A5E80239B011A4207D11343EC
:10761000049A9381536EA74A1340049A5366049BBD
:107620009B891B0703D5049B1B69002B18D1049968
:10763000069800F053FE002812D0049B5B6EDB0717
:1076400005D501235B420893089841B0F0BD049B27
:107650009B899B05F5D4049B986DFCF7FCFAF0E739
:10766000049B0C229B5E1A221A400A2A16D1049A05
:107670000E21525E002A11DB049A526ED20705D405
:107680009B0503D4049B986DFCF7E5FA2300079A49
:107690000499069800F084FC0890D5E7002317AE03
:1076A00014961693159303960C930D930E930F93C4
:1076B0000893079C2378002B02D0252B00D087E06D
:1076C000079BE71A9C4210D0039A1360169B5760E1
:1076D000DB191693159B01331593072B7ADC1300E6
:1076E00008330393089BDB1908932378002B01D1FF
:1076F00000F011FC002212A9CA700121631C1400C1
:107700004942059109925A1C1B78079218002038AB
:107710005A2800D95CE3D8F713FDA0005B035B0394
:10772000A9005B035B035B0385005B035B03AB00AA
:10773000B3005B03B100B7005B03DC00DE00DE00DA
:10774000DE00DE00DE00DE00DE00DE00DE005B03C9
:107750005B035B035B035B035B035B035B035B0339
:107760000601EA015B035B035B035B035B035B03F3
:107770005B035B035B035B0341025B035B035B0334
:107780007A025B0394025B035B03C2025B035B034D
:107790005B035B035B035B035B035B035B035B03F9
:1077A0000601EC015B035B035B03EF00EC010201EC
:1077B0005B03FB005B03260243026E0202015B03D4
:1077C0007A02A70096025B035B0367005B03A700D6
:1077D00001346FE70499069814AAFFF7BFFE00284A
:1077E00000D073E317AB7CE7334A20000C922022D1
:1077F0001040144200D154E2193A0735954306CDA2
:1078000000910192E20709D5009A01990A4305D037
:1078100013AA30215370022311701C43274B1C40C4
:107820000223CBE10698FEF799FE436818000F93F8
:10783000D8F774FC0E900698FEF790FE83680D93BF
:107840000E9B002B10D00D9B002B0DD01B78002B16
:107850000AD08023DB001C4306E012ABDA78033346
:10786000002A01D120321A70079B4CE70123F2E76E
:1078700008CD0993002BF7DA5B4209930423EAE76A
:107880002B2212ABDA70EFE7079B5A1C1B782A2BCE
:1078900016D000210A2005911900303907920929D4
:1078A00000D933E7059B43435B18059313780132F6
:1078B000F2E7C046FFDFFFFF58BC0208FFFBFFFFF7
:1078C00008CD0593002B02DA01235B420593079252
:1078D000CAE78023BFE70021079A09910A31099876
:1078E000303B48431B180993137801321800303895
:1078F0000928F4D9079209E7079B1B78682B05D163
:10790000079B0133079380239B00A4E74023A2E752
:10791000079B1B786C2B04D1079B01330793202313
:1079200099E7102397E704CD27AB1A70002212A91C
:10793000CA7001211E0005910B920B9B059A0A93B8
:10794000934200DA0A9212AB03331B785A1E93411A
:107950000A9AD3180A9302232340109302231C424D
:1079600002D00A9B02330A93842322001A40119208
:107970001C4221D1099B0A9A9F1A002F1CDD169BDD
:1079800003999C46CB48159B039A0133083110603C
:10799000102F00DD29E25760674416971593039175
:1079A000072B09DD0499069814AAFFF7D7FD0028D4
:1079B00000D08BE217AB039312A9C878169A159BD7
:1079C000033100280DD003980133016001215218C2
:1079D000416016921593072B00DD19E2030008336E
:1079E00003931099169A159B00290ED0039813A99A
:1079F0000160022101335218416016921593072B42
:107A000000DD0EE2030008330393119B802B21D18C
:107A1000099B0A9A9F1A002F1CDD169B03999C460E
:107A2000A548159B039A013308311060102F00DD23
:107A300000E257606744169715930391072B09DD01
:107A40000499069814AAFFF789FD002800D03DE2AA
:107A500017AB03930B9B059A9F1A002F1CDD169BF7
:107A600003999C469448159B039A01330831106092
:107A7000102F00DDF1E157606744169715930391CD
:107A8000072B09DD0499069814AAFFF767FD002863
:107A900000D01BE217AB0393039A059B166053605B
:107AA000169B059A9B181693159B01331593072B6C
:107AB00000DDE5E1039E0836640700D5E9E1099B96
:107AC0000A9A934200DA1300089AD3180893169B77
:107AD000002B07D00499069814AAFFF73FFD002851
:107AE00000D0F3E10023159317AB0393E1E51023D6
:107AF0001C43A30628D5072307359D430CCD0092D0
:107B00000193019A0123002A09DA009E019F0022B5
:107B10007142BA41009101922D2112AAD1700199AE
:107B2000009A0A430599013100D102E28021270021
:107B30008F43002A00D000E2059A002A00D13DE1DF
:107B4000012B00D0FCE1D8E008CDE20603D500937C
:107B5000DB170193D5E7620601D51BB2F7E7A20553
:107B6000F5D55BB2F3E7A30606D52B68089A1A6031
:107B7000D2175A6004359CE5E30603D52B68089AB2
:107B80001A60F7E7630603D52B68089A1A80F1E7B5
:107B9000A405F3D52B68089A1A70EBE710231C4351
:107BA0002023200018401C420BD0193B07359D4371
:107BB0000CCD00920193414B1C400023002112AADE
:107BC000ACE71022210008CD1140144202D00093EE
:107BD0000190F0E7402220001040144203D09BB2F5
:107BE00000930191E7E780222100920011401442A6
:107BF000F6D0DBB2EBE708CD31490093002313AA9E
:107C00001180304A019302331C430C92D6E70027BF
:107C100008CD1E0012ABDF70059B01330CD039007C
:107C20003000059AFEF7B2FC0B90B84200D184E612
:107C3000831B05930B9780E63000D8F76FFA059009
:107C4000F8E710231C432023200018401C4207D0D3
:107C5000193B07359D430CCD009201930123ADE7FD
:107C60001023210004CD19401C4203D00092019042
:107C70000F3BA3E74023200018401C4203D093B2DF
:107C800000930191EAE7802321009B0019401C42E8
:107C900003D0D3B200930190E0E70092F1E70A4AE3
:107CA000A3E51021270004CD0F400C420ED0009216
:107CB0000190A7E54DBD02083DBD0208FFFBFFFF97
:107CC0003078000058BC020869BC0208402120003E
:107CD00008400C4203D092B20092019792E58021B5
:107CE000270089000F400C42F6D0D2B2DFE7019B9B
:107CF000002B0BD1009B092B08D8009B3033DBB243
:107D0000B72212A952181600137040E140AB1E00B2
:107D100080230024DB003B400A930A22009801994B
:107D20000023D8F705FC33003032013B1E001A70E7
:107D30000A9B0B9010910134002B1AD00D9B1B78DD
:107D4000A34216D1FF2C14D0019B002B02D1009B23
:107D5000092B0ED90E9A0F99B31A18001E00FBF7C3
:107D60009AFE0D9B00245B785A1E93410D9AD318FE
:107D70000D93019B002B03D1009B092B00D806E13A
:107D80000B9B0093109B0193C7E740AB1E000F2095
:107D90003300013B1E00009B0C9A0340D35C337000
:107DA000019B1907009B1A09019B11431B090193B1
:107DB0000B00019A00911343EAD1E8E040AA1600B3
:107DC000002B00D0E3E0E40700D4E0E0303397E795
:107DD000002B00D19FE027AA1370002312A9CB70BB
:107DE0000121160005910B93A7E510205060624613
:107DF000121816921593072B07DD0499069814AAFA
:107E0000FFF7ACFB002861D117A9103F0391B6E53D
:107E10000499069814AAFFF7A1FB002856D117ABC6
:107E2000DEE50499069814AAFFF798FB00284DD1C7
:107E300017ABE9E5102050606246121816921593B0
:107E4000072B07DD0499069814AAFFF787FB002883
:107E50003CD117A9103F0391DFE510205060624626
:107E6000121816921593072B07DD0499069814AA89
:107E7000FFF774FB002829D117A9103F0391EEE505
:107E80000499069814AAFFF769FB00281ED117AEC3
:107E900012E6099B0A9A10279C1A002C00DC0EE6B9
:107EA00015993E4A169B01313260102C22DC746019
:107EB000E41816941591072900DC00E60499069849
:107EC00014AAFFF74BFB002800D1F8E5049B5B6E7A
:107ED000DB0707D4049B9B899B0503D4049B986D07
:107EE000FBF7B9FE049B9B895B0601D4FFF7ACFB53
:107EF000FFF7A7FB10337760169315910836072913
:107F000007DD0499069814AAFFF728FB0028DDD1A5
:107F100017AE103CC4E7169B002B02D1002315932B
:107F2000D4E70499069814AAFFF718FB0028F5D0A7
:107F3000CCE72700002A00D102E6012B00D1D6E6CB
:107F4000022B00D121E740AB1E0007239C463300E3
:107F5000013B32001E00634600990B40019930330B
:107F60004C0700993370C80801990443C90801916E
:107F70002100019800940143E9D1F90707D5302B7E
:107F800005D033003021013B1970931E1E00059B64
:107F90003C000B9340AB9B1B0593CEE44DBD020808
:107FA000F0B5150002221E4C1F008B89A544934397
:107FB0006A4693814B6E06001993CB8916A8D3812C
:107FC000CB690C0007934B6A09931AAB0093049397
:107FD0008023DB000293059300230693FBF738FE12
:107FE0002A003B0069463000FFF7F0FA051E07DB68
:107FF00069463000FEF78CFA002801D001256D4259
:108000006B469A8940231A4202D0A2891343A38166
:108010001698FBF71EFE2800024B9D44F0BDC0469B
:1080200094FBFFFF6C040000F0B5936887B00C0070
:1080300002900492002B02D1002007B0F0BD8B8982
:108040001B0756D50B69002B53D0049B1B6801936B
:108050000C22A35E02221E00164013426FD10122A1
:1080600001211A400B4200D1A2E0300037000396F4
:10807000002F00D10AE100280AD13A000A21039812
:10808000FEF784FA7E1C002802D0039B0130C61A3A
:108090000596BE4200D9059720682269A5686369E4
:1080A000904200D8FBE0059AED18AA4200DCF6E009
:1080B00003992A00FBF7A8FC236821005B190298AA
:1080C0002360FEF725FA00286DD10120761B05D12B
:1080D00021000298FEF71CFA002864D1039B049A41
:1080E0005B190393049B7F1B9B685B1B9360BFD151
:1080F000A2E72100029800F0F1F80028A5D00120A5
:1081000040429AE7019B1E685D6808330193676AE5
:10811000E169002DF6D06E4A2B00954200D913007C
:1081200032000298B84700283DDD049B049A9B6802
:1081300036181B1A2D1A9360002BE8D17CE7002615
:108140003500E4E7019B1B680393019B5D680833DE
:1081500001930C22A35E2068A668002DF2D0802235
:108160009200134262D0AE4237D89022D20013421E
:1081700033D02169421A0320059262694243D70F26
:10818000BF18059A7F1001325219BA4200D9170060
:108190005B053CD539000298FAF70AF8061E0AD1A9
:1081A0000C23029A13604023A2891343A381A6E7FC
:1081B00015000392CDE7059A2169FBF760FDA289BE
:1081C000444B1A4080231343A381059B2661F61874
:1081D00026602E006761FF1AA7602F00AE4200D90B
:1081E0002E00320003992068FBF70EFCA3689B1B4E
:1081F000A36023689B192360039B049ADB190393F4
:10820000049BED1B9B68DB1B9360A2D114E73A0033
:108210000298FAF711FA061ED7D121690298FBF7E6
:10822000ABFD8022A3899343A381B9E723698342ED
:1082300002D36769AF4216D9AE4200D92E00320090
:108240000399FBF7E1FBA36822689B1B9219370097
:10825000A3602260002BCFD121000298FEF758F9CD
:108260000028C9D09FE7802328001B069D4200D329
:1082700019483900D7F7F8FF3B00666A4343039A71
:10828000E1690298B047071EB6DC8CE7019B00202D
:108290001B680393019B5F6808330193E8E6059A26
:1082A000934208DC656A039AE1690298A847051EB3
:1082B00000DD0AE777E7059A0399FBF7A5FB059A26
:1082C000A36815009B1AA36023689B182360FCE633
:1082D00000FCFF7F7FFBFFFFFFFFFF7F2D4B70B593
:1082E000050018680C00002804D0436B002B01D156
:1082F000FBF7EAFA0C23E25E130723D4D30607D474
:1083000009232B60402301201343A38140423AE01C
:10831000520713D5216B002908D02300403399421E
:1083200002D02800FBF728FD002323632422A38921
:108330009343A38100236360236923600823A289F8
:108340001343A3812369002B0BD1A0218022A38991
:10835000890092000B40934203D02100280000F0D6
:10836000CDF80C23E25E012113000B400A420BD032
:108370000023A36063695B42A361002023698342F9
:1083800001D11306BED470BD910700D46369A36008
:10839000F3E7C04670070020F0B585B00E0014006A
:1083A0000190FBF7C3FB0500012819D1731EFE2BBA
:1083B00016D802AB1E710027AF4221D003ABD95DA6
:1083C000A368013BA360002B04DAA26993421ADB85
:1083D0000A2918D023685A1C226019700137EBE76C
:1083E0002300320001985C3303A900F043F8050034
:1083F000431CE0D14023A2891343A3810126764286
:10840000300005B0F0BD2200019800F0B9F801304D
:10841000E4D1F3E7536E70B505000E001400DB07DE
:1084200005D493899B0502D4906DFBF713FC0C23B4
:10843000E25E80239B011A4204D11A43A281626E3C
:1084400013436366280022003100FFF7A5FF636E27
:108450000500DB0705D4A3899B0502D4A06DFBF7BB
:10846000FAFB280070BD062010B500F005F90120C8
:1084700000F096F97FB51D00084B04001E682B0024
:10848000002901D10A0001A92000B047431C03D1F3
:1084900000232B608A33236004B070BDE406002003
:1084A00070B50E001D000E23C95E140096B00029A1
:1084B00009DAB2898023110019401A4218D18023A9
:1084C000DB00080010E06A4600F0E0F80028F0DB6E
:1084D000F02301991B021940074B8020C9184B4219
:1084E000594180230001DB002960236016B070BD74
:1084F00000214023E5E7C04600E0FFFFF0B502267B
:108500008B8905000C0085B0334207D0230043332C
:10851000236023610123636105B0F0BD03AB02AAB0
:10852000FFF7BEFF029F019039002800F9F740FED7
:10853000002808D10C22A35E9A05EDD403229343B0
:108540001E43A681E2E78023A28920601343A38112
:10855000039B20616761002B0CD028000E23E15E95
:1085600000F0A6F8002805D00323A2899A43023B15
:108570001343A381A389019A1343A381CCE700008D
:10858000F8B506000D001400002804D0436B002B42
:1085900001D1FBF799F9A369A360A3891B0702D551
:1085A0002369002B09D121003000FFF797FE002836
:1085B00003D001256D422800F8BD0C23E25E802324
:1085C0009B01EFB2EDB21A4205D11343A381134AC6
:1085D000636E1340636623692068C01A636983422F
:1085E00005DC21003000FDF793FF0028E1D1A368EE
:1085F0000130013BA36023685A1C22601F7063692D
:10860000834204D0A389DB07D5D50A2DD3D121001D
:108610003000FDF77DFF0028CDD0CAE7FFDFFFFF68
:1086200070B504000D001F2904D916230360012032
:10863000404270BD0300FC33DB69002B04D08A008C
:108640009B181A68002A08D1200000F055F82A006B
:108650000100200000F03EF8EBE7012A09D0511C90
:1086600003D1162303600120E3E7002128001960ED
:1086700090470020DDE7000010B5034B01001868AB
:10868000FFF7CEFF10BDC04670070020002370B575
:10869000064D0400080011002B6000F039F8431C5F
:1086A00003D12B68002B00D0236070BD60910120A6
:1086B000002370B5064D040008002B6000F038F868
:1086C000431C03D12B68002B00D0236070BDC04633
:1086D00060910120002370B5064D040008001100D0
:1086E0002B6000F02DF8431C03D12B68002B00D029
:1086F000236070BD6091012010B500F011F810BD2D
:1087000058220120014B40421A60704760910120BD
:1087100058220120014B40421A60704760910120AD
:1087200058220120014B40421A607047609101209D
:108730005822024B00201A607047C0466091012009
:1087400058220120014B40421A607047609101207D
:1087500058220120014B40421A607047609101206D
:1087600058220120014B40421A607047609101205D
:10877000054A03001168002901D1044911601068FD
:10878000C31813607047C046FC920120009301207B
:1087900058220120014B40421A607047609101202D
:1087A000FEE70000F8B5C046F8BC08BC9E4670471E
:1087B000F8B5C046F8BC08BC9E46704700000000F3
:1087C00001B40248844601BC604700BF9D080020F8
:1087D000081C3044586C8000000000000000483045
:1087E0003152300050303152300048323352300074
:1087F0004832335231004832335233004830375216
:108800003300483038523600503038523600483045
:10881000395230004830395239004831425236001E
:1088200048313252300048313352370048304652D6
:108830003100483046523600483046523700483101
:1088400041523200483041523900483144523100DF
:108850004831445235004830425234004831385291
:1088600030004832365230004831355230004831FD
:1088700030523400483241523300483431523600CD
:10888000483342523600483138523100483146525E
:1088900035004833425232004832315232004831BA
:1088A0003752310048313552380048324252300098
:1088B0004830355230004833425237004832425235
:1088C000310048303752380048303852370048318C
:1088D0003652360050303852370048313952300065
:1088E000525049000000483134524100483134525E
:1088F000390000000000000000000000000000003F
:108900006D650000616C6C0069660000666F720046
:108910004D6F6E6461790000547565736461790010
:108920005765646E65736461790000005468757200
:108930007364617900000000467269646179000027
:1089400053617475726461790000000053756E6440
:10895000617900004A616E00466562004D617200F7
:10896000417072004D6179004A756E004A756C0065
:1089700041756700536570004F6374004E6F760059
:10898000446563000D0A424F532E726573706F6E1B
:1089900073653A20616C6C2C206D6573736167653B
:1089A0002C20636C692C206E6F6E650D0A00000030
:1089B0000D0A424F532E74726163653A20616C6CEC
:1089C0002C206D6573736167652C20726573706F01
:1089D0006E73652C206E6F6E650D0A00424F532E2C
:1089E000636C6962617564726174653A20434C49D5
:1089F0002062617564726174652E204465666175DC
:108A00006C74206973203932313630302E2054682E
:108A10006973206166666563747320616C6C207095
:108A20006F7274732E20496620796F7520636861B8
:108A30006E676520746869732076616C75652C209B
:108A40002020202020202020202020796F75206DDC
:108A500075737420636F6E6E65637420746F20612C
:108A600020434C4920706F7274206F6E20656163E3
:108A700068207374617274757020746F20726573EE
:108A8000746F7265206F74686572204172726179CB
:108A900020706F72747320696E746F2064656661F4
:108AA000756C742062617564726174650D0A0000F2
:108AB000424F532E6465626F756E63653A203120B4
:108AC0002E2E2E2E2E2E2E2E2E2E2E2E20363535BE
:108AD0003336206D7365630D0A000000424F532E3C
:108AE00073696E676C65636C69636B74696D653A15
:108AF0002031202E2E2E2E2E203635353336206D69
:108B00007365630D0A000000424F532E6D696E6954
:108B10006E746572636C69636B74696D653A20315C
:108B2000202E2E2E20323535206D7365630D0A0000
:108B3000424F532E6D6178696E746572636C696320
:108B40006B74696D653A2031202E2E2E203235351A
:108B5000206D7365630D0A000A0D54686973206DFA
:108B60006F64756C652077696C6C20626520666F38
:108B70007263656420696E746F20626F6F746C6FCE
:108B800061646572206D6F64652E0A0D506C6561BD
:108B900073652075736520746865202253544D20D9
:108BA000466C617368204C6F616465722044656D2A
:108BB0006F6E73747261746F722220090909757483
:108BC000696C69747920746F2075706461746520B4
:108BD000746865206669726D776172652E0A0D0A88
:108BE000092A2A2A20496D706F7274616E74202AD6
:108BF0002A2A0A0D49662074686973206D6F6475AE
:108C00006C6520697320636F6E6E656374656420A4
:108C10006469726563746C7920746F2050432070AE
:108C20006C6561736520636C6F736520746869732C
:108C300020706F72742066697273742E0A0D0000C2
:108C40000A0D4D6F64756C652025642077696C6C26
:108C500020626520666F7263656420696E746F20A0
:108C6000626F6F746C6F61646572206D6F64652EE6
:108C7000000000000A0D506C656173652075736516
:108C800020746865202253544D20466C617368201F
:108C90004C6F616465722044656D6F6E73747261B0
:108CA000746F7222207574696C69747920746F20F6
:108CB00075706461746520746865206669726D778B
:108CC0006172652E0909090A0D0A092A2A2A204912
:108CD0006D706F7274616E74202A2A2A0A0D2D201D
:108CE00049662074686973206D6F64756C652069CE
:108CF0007320636F6E6E656374656420646972656A
:108D000063746C7920746F20504320706C656173BC
:108D10006520636C6F7365207468697320706F726F
:108D2000742066697273742E0A0D0909092D205981
:108D30006F75206D75737420706F7765722063791D
:108D4000636C652074686520656E74697265204186
:108D5000727261792061667465722074686520752D
:108D600070646174652069732066696E69736865F3
:108D7000642E0A0D000000000A0D52656D6F7465C7
:108D80002075706461746520766961206D6F64750B
:108D90006C652025642C20706F727420502564202F
:108DA00077696C6C206265207472696767657265AB
:108DB000642E00003D0000003E0000003C0000006A
:108DC0003E3D00003C3D0000213D00000A0D284DC5
:108DD0006F64756C653A506F727429090900000060
:108DE00050256409000000000A0A0D004D6F6475EB
:108DF0006C652025643A090009000000256409001B
:108E000025643A25640900000A0D00000A000000EC
:108E10000A0D546865736520706F727473206172F7
:108E2000652072657665727365643A000A0D4D6F50
:108E300064756C65202564203A205025640000008C
:108E40000A0A0D416C6C206F7468657220706F7235
:108E5000747320617265206E6F726D616C0A0D0013
:108E60000A0D2A2A2A204D6F64756C65202564201E
:108E7000537461747573202A2A2A0A000A0D436FFD
:108E80006E6E65637465642076696120706F7274BC
:108E90003A205025640A0D000A0D4669726D77610B
:108EA00072652076657273696F6E3A2025642E258F
:108EB000642E2564000000004A756C203134203295
:108EC000303235000A0D4669726D77617265206433
:108ED0006174653A202020202573000031343A3136
:108EE000373A3234000000000A0D4669726D77612E
:108EF00072652074696D653A2020202025730A0D63
:108F0000000000000A0D506F727473205374617476
:108F100075733A0A0A0D00005025643A20000000DB
:108F2000467265650A0D0000526563656976696E73
:108F300067206D657373616765730A0D000000003B
:108F400053747265616D696E670A0D0052656365E1
:108F50006976696E67207573657220636F6D6D61E8
:108F60006E64730A0D000000436F6E6E6563746576
:108F70006420746F206120627574746F6E2F737734
:108F8000697463680A0D00000A0D444D4120537452
:108F90007265616D73205374617475733A0A0D00C4
:108FA0000A0D53747265616D696E6720444D4120EE
:108FB0002564206973206672656500000A0D53748C
:108FC0007265616D696E6720444D4120256420699A
:108FD000732073747265616D696E672066726F6D60
:108FE0002050256420746F20502564000A0D5468B9
:108FF00065736520706F727473206172652072658D
:109000007665727365643A20000000005025642084
:10901000000000004E6F6E6500000000FE5A000860
:109020000C5B00081A5B0008285B0008365B000830
:109030006D650000616C6C00D2650008606200081C
:109040007C6200089A620008C8620008F6620008A4
:10905000366300087663000860620008E465000873
:10906000306400085064000872640008A4640008BA
:10907000D66400081A6500085E65000830640008C0
:10908000B6670008C4670008D2670008E0670008F8
:10909000EE6700083A68000848680008566800084B
:1090A0006468000872680008257320253032642F38
:1090B000253032642F2530346400000025303264BE
:1090C0003A253032643A253032640000081C3044BE
:1090D000586C80000A0D0A0D3D3D3D3D3D3D3D3D36
:1090E0003D3D3D3D3D3D3D3D3D3D3D3D3D3D3D3DB0
:1090F0003D3D3D3D3D3D3D3D3D3D3D3D3D3D3D3DA0
:109100003D3D3D3D3D3D3D3D3D3D3D3D092020201A
:1091100020200A0D3D3D3D3D3D3D3D3D3D3D3D3D1C
:109120003D3D3D3D3D3D3D3D3D3D3D3D3D3D3D3D6F
:109130003D3D3D3D3D3D3D3D3D3D3D3D3D3D3D3D5F
:109140003D3D3D3D3D3D3D3D0920202020200A0D77
:109150007C7C2020202020202020202020205765DB
:109160006C636F6D6520746F204269747A4F532071
:10917000434C492120202020202020202020202076
:1091800020207C7C0909200A0D7C7C2020202020C6
:10919000202028432920434F505952494748542002
:1091A000484558414249545A20323031372D3230E7
:1091B00032352E20202020202020207C7C092020D9
:1091C0002020200A0D7C7C20202020202020202010
:1091D000202020202020202020202020202020208F
:1091E000202020202020202020202020202020207F
:1091F000202020202020207C7C0909200A0D7C7C56
:10920000202020202020506C6561736520636865F4
:10921000636B207468652070726F6A656374207771
:1092200065627369746520617420202020202020ED
:109230007C7C0909200A0D7C7C2020202020202015
:10924000202020202020687474703A2F2F686578C1
:10925000616269747A2E636F6D2F20202020202098
:109260002020202020202020207C7C09202020205D
:10927000200A0D7C7C20202020202020202020205F
:1092800020202020202020202020202020202020DE
:1092900020202020202020202020202020202020CE
:1092A00020202020207C7C0920202020200A0D7CEA
:1092B0007C202020547970652068656C7020666F72
:1092C000722061206C697374206F66206176616919
:1092D0006C61626C6520636F6D6D616E64732E20CE
:1092E000207C7C0920202020200A0D3D3D3D3D3D75
:1092F0003D3D3D3D3D3D3D3D3D3D3D3D3D3D3D3D9E
:109300003D3D3D3D3D3D3D3D3D3D3D3D3D3D3D3D8D
:109310003D3D3D3D3D3D3D3D3D3D3D3D3D3D3D09B1
:1093200020202020200A0D3D3D3D3D3D3D3D3D3D61
:109330003D3D3D3D3D3D3D3D3D3D3D3D3D3D3D3D5D
:109340003D3D3D3D3D3D3D3D3D3D3D3D3D3D3D3D4D
:109350003D3D3D3D3D3D3D3D3D3D3D0920202020E5
:10936000200A0A0D000000000D0A00000D0A5B50E3
:109370007265737320454E54455220746F20657892
:109380006563757465207468652070726576696FB1
:10939000757320636F6D6D616E6420616761696EC6
:1093A0005D0D0A3E00000000436F6E6E65637465DC
:1093B0006420746F206D6F64756C652025642028AF
:1093C0002573292C20706F7274205025642E0A0A90
:1093D0000D3E0000696620000A43616E6E6F7420C6
:1093E00073746F7265206D6F726520436F6D6D6170
:1093F0006E6420536E6970706574732E20506C65B6
:109400006173652064656C65746520657869737443
:10941000696E67206F6E657320616E642074727967
:1094200020616761696E2E0A0D000000656E642080
:1094300069660000000000000A436F6E6469746989
:109440006F6E616C2073746174656D656E742061FC
:109450006363657074656420616E64206164646533
:109460006420746F20436F6D6D616E6420536E696C
:1094700070706574732E0A0D00000000626F730037
:1094800057726F6E67206D6F64756C65206E616DCD
:10949000652120506C656173652074727920616765
:1094A00061696E2E0A0D000057726F6E67206D6F36
:1094B00064756C652049442120506C65617365209A
:1094C00074727920616761696E2E0A0D00000000D8
:1094D000436F6D6D616E642062726F61646361736E
:1094E00074656420746F20616C6C0A0D00000000CC
:1094F00025734D756C74696361737420436F6D6D72
:10950000616E6420666F7277617264656420746F47
:109510002067726F75702025730A0D007570646185
:1095200074650000436F6D6D616E6420666F7277C5
:10953000617264656420746F204D6F64756C652082
:1095400025640A0D0000000025734D6F64756C657D
:10955000202564206973206E6F74207265616368D2
:1095600061626C652E0A0D00636C69636B65640053
:10957000646F75626C6520636C69636B6564000081
:1095800072656C6561736564000000002000000076
:1095900074760008C0750008D6750008EC750008E0
:1095A00012760008287600084E760008081C304421
:1095B000586C80003D3D003E00003C00003E3D00F8
:1095C0003C3D00213D00000072756E2D74696D6593
:1095D0002D7374617473000072756E2D74696D65FE
:1095E0002D73746174733A0D0A20446973706C6151
:1095F000792061207461626C652073686F77696E91
:109600006720686F77206D7563682070726F63657F
:109610007373696E672074696D6520656163682086
:109620004672656552544F53207461736B206861B4
:109630007320757365640D0A0D0A0000C895020851
:10964000D8950208697A0008000000007461736B05
:109650002D737461747300007461736B2D73746186
:1096600074733A0D0A20446973706C61792061202B
:109670007461626C652073686F77696E67207468C7
:1096800065207374617465206F662065616368206E
:109690004672656552544F53207461736B0D0A0D09
:1096A0000A0000004C96020858960208297A000821
:1096B0000000000070696E670000000070696E674E
:1096C0003A0D0A2050696E672061206D6F64756CD9
:1096D000650D0A0D0A000000B4960208BC96020847
:1096E000A97A0008000000007570646174650000CC
:1096F0007570646174653A0D0A2050757420746841
:1097000065206D6F64756C6520696E206661637499
:109710006F727920626F6F746C6F61646572206D17
:109720006F646520746F207570646174652069745E
:1097300073206669726D776172652E0D0A0A0909D8
:109740000909090920202D205573652027236E2E35
:109750007570646174652720746F2075706461741E
:10976000652072656D6F7465206D6F64756C652022
:109770006E2E204D616B652073757265207468656F
:109780002070726F6772616D6D696E6720706F72A5
:10979000742069732074686520696E636F6D696EEB
:1097A0006720706F7274206F662074686973206D13
:1097B0006F64756C652E0D0A0909090909092020D5
:1097C0002D20557365202775706461746520766956
:1097D0006120236E2070782720746F2075736520B8
:1097E00074686520535420466C617368204C6F6127
:1097F00064657220746F6F6C2077697468206D6F78
:1098000064756C65206E2C20706F727420782074E3
:109810006F207570646174652061206E656967688A
:10982000626F72206D6F64756C652E205468697369
:109830002069732075736566756C20696620090957
:109840000909090909746172676574206D6F64758F
:109850006C65206973206E6F742070617274206F64
:10986000662074686520746F706F6C6F6779206F05
:10987000722069662070726F6772616D6D696E67C4
:1098800020706F7274206973206E6F7420696E206F
:109890007468652073686F72746573742070617486
:1098A0006820746F20746172676574206D6F6475D1
:1098B0006C652E0D0A0D0A00E8960208F096020863
:1098C000457B0008FF0000006578706C6F726500D2
:1098D0006578706C6F72653A0D0A204578706C6F10
:1098E00072652074686520617272617920616E64AE
:1098F000206275696C642069747320746F706F6C7A
:109900006F67790D0A0D0A00C8980208D0980208FE
:10991000457D00080000000072657365740000005A
:1099200072657365743A0D0A20526573657420740C
:109930006865206D6F64756C650D0A0D0A00000086
:1099400018990208209902083D7E000800000000D6
:109950006E616D65000000006E616D653A0D0A2054
:109960004E616D6520746865206D6F64756C65204F
:109970007769746820616E20616C69617320283199
:109980007374207061722E290D0A0D0A0000000008
:1099900050990208589902084D7E00080100000005
:1099A00067726F757000000067726F75703A0D0A0C
:1099B0002047726F7570206D756C7469706C6520CE
:1099C0006D6F64756C65732028326E642B20706136
:1099D000722E2920696E746F2061206E6577206F6A
:1099E00072206578697374696E672067726F75702D
:1099F0002028317374207061722E290D0A0D0A001F
:109A0000A0990208A8990208357F0008FF0000000D
:109A100073746174757300007374617475733A0DB7
:109A20000A20446973706C6179206D6F64756C6590
:109A3000207374617475730D0A0D0A00109A020880
:109A4000189A02083182000800000000696E666FF3
:109A500000000000696E666F3A0D0A204469737059
:109A60006C617920617272617920696E666F726DC6
:109A70006174696F6E0D0A0D0A0000004C9A0208AD
:109A8000549A02084D820008000000006164642DB1
:109A9000627574746F6E00006164642D6275747415
:109AA0006F6E3A0D0A20446566696E65206120621A
:109AB0007574746F6E206174206F6E65206F662000
:109AC00074686520617272617920706F7274732E90
:109AD00020427574746F6E20747970652028277326
:109AE00077697463682D6E6F272C202773776974EC
:109AF00063682D6E63272928317374207061722E7C
:109B0000292C20427574746F6E20706F7274202837
:109B1000326E64207061722E290D0A0D0A00000059
:109B20008C9A0208989A02084983000802000000F3
:109B300072656D6F76652D627574746F6E000000CE
:109B400072656D6F76652D627574746F6E3A0D0A6D
:109B50002052656D6F7665206120627574746F6E3A
:109B60002074686174207761732070726576696F04
:109B700075736C7920646566696E65642061742014
:109B80007468697320706F72742028317374207048
:109B900061722E290D0A0D0A00000000309B020898
:109BA000409B02085984000801000000736574009E
:109BB0007365743A0D0A20536574206120706172D8
:109BC000616D657465722028317374207061722E26
:109BD000292077697468206120676976656E207630
:109BE000616C75652028326E64207061722E290DBB
:109BF0000A0D0A00AC9B0208B09B0208ED84000825
:109C0000FF000000676574006765743A0D0A20471D
:109C10006574207468652063757272656E74207651
:109C2000616C7565206F66206120706172616D6581
:109C30007465722028317374207061722E290D0AA8
:109C40000D0A0000049C0208089C02089590000878
:109C5000FF00000064656661756C74006465666190
:109C6000756C743A0D0A2054797065202764656616
:109C700061756C7420706172616D732720746F2040
:109C800073657420616C6C20706172616D657465C0
:109C9000727320746F2064656661756C74207661E0
:109CA0006C7565730D0A20547970652027646566AC
:109CB00061756C742061727261792720746F2072F3
:109CC000656D6F76652063757272656E7420746F52
:109CD000706F6C6F67790D0A0D0A0000549C0208C2
:109CE0005C9C0208319400080100000074696D65F5
:109CF0000000000074696D653A0D0A2044697370B4
:109D00006C61792063757272656E742074696D651B
:109D100020696E2048483A4D4D3A53532D6D736576
:109D20006320666F726D61740D0A0D0A00000000F9
:109D3000EC9C0208F49C0208299500080000000031
:109D40006461746500000000646174653A0D0A2066
:109D5000446973706C61792063757272656E7420EA
:109D60006461746520696E205765656B6461792054
:109D70004D4D2F44442F5959595920666F726D61CA
:109D8000740D0A0D0A000000409D0208489D02085B
:109D900001960008000000007365742D626175640F
:109DA00072617465000000007365742D62617564F2
:109DB000726174653A0D0A205365742055415254FE
:109DC0002062617564726174650D0A0928317374CB
:109DD00020706172616D65746572293A205031207E
:109DE000746F2050360D0A0928326E64207061723B
:109DF000616D65746572293A20626175647261747F
:109E0000650D0A0D0A000000989D0208A89D020831
:109E100035960008020000007575696400000000B6
:109E2000757569643A0D0A20446973706C61792014
:109E30004D435520756E69717565205549440D0A6D
:109E40000D0A0000189E0208209E0208F5960008E0
:109E5000000000006964636F646500006964636FFB
:109E600064653A0D0A20446973706C6179204D4332
:109E700055204944434F444520284445565F4944B2
:109E800020616E64205245565F4944290D0A0D0A2F
:109E900000000000549E02085C9E0208859700089E
:109EA00000000000666C6173682D73697A650000BC
:109EB000666C6173682D73697A653A0D0A2044698E
:109EC00073706C6179204D435520466C6173682036
:109ED00073697A6520696E204B62797465730D0A27
:109EE0000D0A0000A49E0208B09E02080198000816
:109EF00000000000736E697000000000736E6970EE
:109F00003A0D0A20446973706C61792061206C6994
:109F10007374206F662073746F72656420436F6D75
:109F20006D616E6420536E69707065747320746F18
:109F30002065646974206F722064656C6574650DBA
:109F40000A0D0A00F49E0208FC9E020835980008DB
:109F5000000000006163742D736E697000000000E2
:109F60006163742D736E69703A0D0A2041637469E0
:109F700076617465206120436F6D6D616E6420535E
:109F80006E69707065740D0A0D0A0000549F020816
:109F9000609F02085D9B00080100000070617573FE
:109FA000652D736E6970000070617573652D736E39
:109FB00069703A0D0A205061757365206120436F06
:109FC0006D6D616E6420536E69707065740D0A0D5D
:109FD0000A0000009C9F0208A89F0208159C000828
:109FE0000100000064656C2D736E69700000000054
:109FF00064656C2D736E69703A0D0A2044656C655A
:10A000007465206120436F6D6D616E6420536E69CD
:10A01000707065740D0A0D0A00000000E49F0208CC
:10A02000F09F0208CD9C0008010000006272696484
:10A03000676500006272696467653A0D0A204272C2
:10A04000696467652074776F20617272617920702E
:10A050006F7274730D0A0D0A000000002CA0020834
:10A0600034A00208A19E000802000000756E627212
:10A070006964676500000000756E627269646765F7
:10A080003A0D0A20556E2D627269646765207477F7
:10A090006F20617272617920706F7274730D0A0D96
:10A0A0000A0000006CA0020878A00208BD9F00080A
:10A0B00002000000746573742D706F7274000000EC
:10A0C000746573742D706F72743A0D0A2074657321
:10A0D0007420706F72742066756E6374696F6E6140
:10A0E0006C6974792E20796F752063616E206368C6
:10A0F0006F6F73652065697468657220746F207472
:10A10000657374206F6E652073706563696669633B
:10A1100020706F7274206F7220746F207465737476
:10A1200020616C6C20706F7274732E20706C65618E
:10A130007365207479706520507820776865726542
:10A140002078207374616E647320666F7220746867
:10A1500065206E756D626572206F6620706F727417
:10A16000206F722074797065203C616C6C3E2074A5
:10A170006F207465737420616C6C20706F72740D45
:10A180000A0D0A00B4A00208C0A00208D9A0000865
:10A1900001000000726561642D61646300000000CD
:10A1A000726561642D6164633A0D0A2052656164D1
:10A1B0002061646320766F6C746167652056616C02
:10A1C00075652066726F6D205032206F722050339B
:10A1D00020616E642063686F6F736520746865200A
:10A1E00073696465207768657265617320746F7048
:10A1F000206F7220626F74746F6D0D0A0D0A00007B
:10A2000094A10208A0A10208B1A300080200000066
:10A21000726561642D74656D700000007265616423
:10A220002D74656D703A0D0A205265616420696E67
:10A230007465726E616C2074656D706572617475A1
:10A2400072650D0A0D0A000010A202081CA2020885
:10A25000C5A4000800000000726561642D76726577
:10A2600066000000726561642D767265663A0D0ABB
:10A27000205265616420696E7465726E616C207233
:10A2800065666572656E636520566F6C746167659F
:10A290000D0A0D0A0000000058A2020864A202087C
:10A2A00019A5000800000000726561642D616463F7
:10A2B0002D70657263656E746167650072656164B7
:10A2C0002D6164632D70657263656E746167653AB4
:10A2D0000D0A204765742061646320766F6C746199
:10A2E00067652070657263656E746167652076616D
:10A2F0006C75652066726F6D205032206F72205031
:10A30000330D0A0D0A000000A8A20208BCA2020830
:10A310006DA50008020000005461736B2053746146
:10A320007465205072696F72697479205374616327
:10A330006B20230D0A2A2A2A2A2A2A2A2A2A2A2A8A
:10A340002A2A2A2A2A2A2A2A2A2A2A2A2A2A2A2A6D
:10A350002A2A2A2A2A2A2A2A2A2A2A2A2A2A2A2A5D
:10A360002A2A2A2A2A0D0A005461736B204162733B
:10A370002054696D6520252054696D650D0A2A2ACF
:10A380002A2A2A2A2A2A2A2A2A2A2A2A2A2A2A2A2D
:10A390002A2A2A2A2A2A2A2A2A2A2A2A2A2A2A2A1D
:10A3A0002A2A2A2A2A2A0D0A00000000766961005A
:10A3B000200000004D6F64756C6573205B00000029
:10A3C0002C2000000A0D4E756D626572206F6620AC
:10A3D0006D6F64756C65733A2025640A0000000097
:10A3E0000A0D417272617920746F706F6C6F6779BA
:10A3F0003A0A0000436F756C64206E6F74207265BA
:10A40000616420706F72747320646972656374692B
:10A410006F6E20666F7220736F6D65206D6F64754F
:10A420006C65732120506C656173652074727920AE
:10A43000616761696E0A0D007377697463682D6ED8
:10A440006F0000007377697463682D6E630000000D
:10A45000626F732E00000000726573706F6E73651B
:10A4600000000000616C6C006D65737361676500CE
:10A47000636C69006E6F6E6500000000747261634A
:10A4800065000000636C69626175647261746500E7
:10A490006465626F756E63650000000073696E67C6
:10A4A0006C65636C69636B74696D65006D696E6979
:10A4B0006E746572636C69636B74696D650000002E
:10A4C0006D6178696E746572636C69636B74696DD4
:10A4D00065000000616D0000706D00006D6F6E64BE
:10A4E0006179000074756573646179007765646EE5
:10A4F00065736461790000007468757273646179D2
:10A50000000000006672696461790000736174750F
:10A51000726461790000000073756E6461790000F7
:10A520006A616E7561727900312000006665627241
:10A530007561727900000000322000006D61726365
:10A540006800000033200000617072696C00000038
:10A55000342000006D617900352000006A756E6559
:10A5600000000000362000006A756C7900000000D1
:10A570003720000061756775737400003820000093
:10A5800073657074656D62657200000039200000AB
:10A590006F63746F62657200313000006E6F7665B4
:10A5A0006D62657200000000313100006465636512
:10A5B0006D62657200000000313200006D7367004B
:10A5C00025640A0D0000000025732325640A0D0090
:10A5D000706172616D7300006172726179000000D8
:10A5E000414D0000504D00002573000025732530BB
:10A5F000385800000D0A000053544D3332473042A2
:10A6000031000000554E4B4E4F574E005061757350
:10A6100065640041637469766500000048000000CD
:10A620005032000050330000746F7000626F747419
:10A630006F6D000061646320766F6C7461676520E4
:10A640006973203D2025302E3266200D0A0000005F
:10A65000696E7465726E616C2074656D706572618F
:10A660007475726520697320252E326643200D0AA9
:10A6700000000000696E7465726E616C2072656620
:10A680006572656E636520766F6C746167652069BD
:10A6900073203D20252E326656200D0A0000000052
:10A6A00061646320766F6C746167652070657263A6
:10A6B000656E74616765206973203D20252E3266C2
:10A6C000252520250D0A000048692066726F6D203F
:10A6D0006D6F64756C652025640D0A0048692066FD
:10A6E000726F6D206D6F64756C6520256420282560
:10A6F00073290D0A000000005570646174652066BE
:10A7000069726D7761726520666F72206D6F647516
:10A710006C652025640A0D0057726F6E67207661A4
:10A720006C7565210A0D00000A546865206172721B
:10A730006179206973206265696E67206578706C45
:10A740006F7265642E20506C656173652077616956
:10A75000742E2E2E0A0D00000A5468652061727254
:10A760006179206578706C6F726174696F6E2073A7
:10A7700075636365656465642E204920666F756E38
:10A7800064202564206D6F64756C657320696E6349
:10A790006C7564696E67206D7973656C662E2048F0
:10A7A0006572652069732074686520646973636FDE
:10A7B000766572656420746F706F6C6F67793A0AA2
:10A7C0000D0000000A54686520617272617920658D
:10A7D00078706C6F726174696F6E206661696C6508
:10A7E000642E20506C6561736520646F75626C65C2
:10A7F00020636865636B20636F6E6E656374696F59
:10A800006E732C20726573657420746865206D6F9B
:10A8100064756C657320616E642074727920616761
:10A8200061696E2E0A0D00004D6F64756C65202500
:10A8300064206973206E616D65642025730A0D00C4
:10A840002573206973206120726573657276656473
:10A8500020424F53206B6579776F72642120506CD2
:10A86000656173652075736520612064696666653E
:10A8700072656E7420616C6961730A0D00000000DE
:10A88000257320697320616C72656164792075732A
:10A8900065642120506C6561736520757365206166
:10A8A00020646966666572656E7420616C696173A7
:10A8B0000A0D0000257320697320616E2065786998
:10A8C0007374696E6720434C4920636F6D6D616ED0
:10A8D000642120506C65617365207573652061206B
:10A8E000646966666572656E7420616C6961730A7D
:10A8F0000D000000257320697320612077726F6E50
:10A9000067206D6F64756C65204944206F7220610B
:10A910006C6961730A0D0000506C65617365206598
:10A920006E74657220736F6D65206D6F64756C65F4
:10A930002049447320746F2061646420746F202563
:10A94000730A0D005D20616464656420746F206E7D
:10A9500065772067726F75702025730A0D000000FF
:10A960005D20616464656420746F20657869737428
:10A97000696E672067726F75702025730A0D00007D
:10A9800041206E657720257320627574746F6E2088
:10A990006E616D6564204225642077617320646573
:10A9A00066696E656420617420706F727420502532
:10A9B000640A0D00427574746F6E2042256420771E
:10A9C00061732072656D6F7665642066726F6D20AD
:10A9D000706F7274205025640A0D00002573207773
:10A9E00061732073657420746F2025730A0D000055
:10A9F0000A596F75206D7573742072657374617276
:10AA00007420746F20656E61626C652074686520C7
:10AA10006E65772062617564726174652E0A0D003F
:10AA200054686973206166666563747320616C6C39
:10AA300020706F7274732E20496620796F752063C1
:10AA400068616E676520746869732076616C7565EE
:10AA50002066726F6D2064656661756C742C2009C8
:10AA60000909090909090909090909202020796F3B
:10AA700075206D75737420636F6E6E6563742074DA
:10AA80006F206120434C4920706F7274206F6E20DC
:10AA900065616368207374617274757020746F20CF
:10AAA000726573746F7265206F746865722061726D
:10AAB00072617920706F72747320696E746F206494
:10AAC000656661756C742062617564726174650A93
:10AAD0000D00000057726F6E6720706172616D65C6
:10AAE000746572210A0D000025730A0D0000000034
:10AAF00025732067726F757020646F6573206E6FA9
:10AB000074206578697374210A0D000047726F75AF
:10AB100070202573206D656D626572733A0A0D00B1
:10AB200025732069732073657420746F206120770A
:10AB3000726F6E672076616C7565210A0D000000EA
:10AB4000416C6C20706172616D6574657273207305
:10AB5000657420746F2064656661756C742076611D
:10AB60006C7565730A0D000043757272656E742012
:10AB7000617272617920746F706F6C6F6779207782
:10AB800061732072656D6F7665642E20506C65610F
:10AB90007365207265626F6F7420616C6C206D6FDD
:10ABA00064756C65730A0D0043757272656E74206E
:10ABB00074696D6520697320253032643A2530321E
:10ABC000643A253032642D253033640A0D000000CC
:10ABD00043757272656E742074696D6520697320A7
:10ABE000253032643A253032643A253032642D25DE
:10ABF0003033642025730A0D000000004375727223
:10AC0000656E7420646174652069732025730A0D74
:10AC10000000000057726F6E6720706172616D6591
:10AC2000746572210D0A0000426175647261746579
:10AC300020666F7220706F727420502564207761D7
:10AC4000732073657420746F2025640D0A00000062
:10AC50004D435520555549442069730A0D000000A5
:10AC60004D4355204445565F494420697320257360
:10AC70000A0D000025734D4355205245565F494447
:10AC80002069732025642E300A0D00004D435520A5
:10AC9000466C6173682073697A6520697320256446
:10ACA000204B62797465730A0D00000054686520BA
:10ACB000666F6C6C6F77696E6720436F6D6D616E48
:10ACC0006420536E697070657473206172652073BF
:10ACD000746F72656420696E206D656D6F72793A6C
:10ACE0000A0A0D005B253032645D2025730A0D00D1
:10ACF00025736966206225642E636C69636B6564E5
:10AD00000000000025736966206225642E646F755B
:10AD1000626C6520636C69636B65640025736966AA
:10AD2000206225642E72656C6561736564000000A5
:10AD30002573696620257320257320252E31660032
:10AD400025730A0D092573000A0D656E6420696676
:10AD50000A0A0D00546F2064656C657465206120DB
:10AD6000536E69707065742C20747970653A206434
:10AD7000656C2D736E697020780A0D546F206163C5
:10AD8000746976617465206120536E6970706574B2
:10AD90002C20747970653A20090909090909090903
:10ADA0000909090909096163742D736E69702078B6
:10ADB0000A0D546F207061757365206120536E69B0
:10ADC000707065742C20747970653A2070617573A9
:10ADD000652D736E697020780A0A0D776865726553
:10ADE00020782069732074686520536E69707065DF
:10ADF00074206E756D6265722066726F6D20746866
:10AE000065206C6973740A0D00000000536E697050
:10AE1000706574207761732061637469766174650D
:10AE2000642E205479706520736E697020746F20D1
:10AE3000766965772075706461746564206C6973E8
:10AE4000740A0D0054686520536E69707065742033
:10AE50006E756D62657220776173206E6F74206607
:10AE60006F756E640A0D0000536E69707065742012
:10AE7000776173207061757365642E2054797065F5
:10AE800020736E697020746F207669657720757005
:10AE90006461746564206C6973740A0D00000000BD
:10AEA000536E6970706574207761732064656C659A
:10AEB0007465642E205479706520736E69702074F7
:10AEC0006F20766965772075706461746564206CA5
:10AED0006973740A0D00000050256420616E6420BF
:10AEE0005025642061726520627269646765642020
:10AEF000746F6765746865720A0D000057726F6E33
:10AF0000672073796E7461780A0D0000506F727457
:10AF1000206272696467696E67206661696C656446
:10AF20000A0D000050256420616E642050256420C5
:10AF300061726520756E2D627269646765640A0DC1
:10AF400000000000506F727420756E627269646751
:10AF5000696E67206661696C65640A0D0000000017
:10AF600050256420697320776F726B696E67206368
:10AF70006F72726563746C790A0D0000502564204D
:10AF800074657374206661696C65640A0D00000065
:10AF9000506C656173652073686F7274656E2074A0
:10AFA0006865206E65787420706F727420616E64BD
:10AFB00020707265737320616E79206B65792074DF
:10AFC0006F20636F6E74696E756520746573746944
:10AFD0006E6720746865206E657874206F6E650AF0
:10AFE0000D0A0D0074686520706F7274206E756DA7
:10AFF0006265722069732077726F6E670A0D0000B8
:10B0000057726F6E6720506172616D657465720A68
:10B010000D00000057726F6E6720506F7274206EC3
:10B02000756D626572200A0D00000000081C304436
:10B03000586C800044656661756C745461736B0074
:10B040004261636B456E645461736B005573657246
:10B050005461736B00000000436C695461736B00B2
:10B0600050314D73675461736B00000050324D7363
:10B07000675461736B00000050334D736754617304
:10B080006B00000050344D73675461736B00000017
:10B09000081C3044586C800053747265616D5469AB
:10B0A0006D657200081C3044586C8000BECE0008EC
:10B0B000D2C90008F4C9000816CA000828CA000846
:10B0C0003ACA000896CE000896CE000896CE000830
:10B0D00096CE00084CCA00086ECA0008B2CA000822
:10B0E000D4CA0008F6CA000894CB000818CB0008A0
:10B0F0003ACB000896CE00085CCB000872CB000863
:10B10000B6CB0008D8CB000810CC000832CC000821
:10B1100054CC000876CC000898CC0008BACC0008C3
:10B1200096CE0008DCCC0008FECC000820CD00083C
:10B1300042CD000896CE000864CD000896CE0008E7
:10B1400096CE000896CE000896CE000886CD000860
:10B15000A8CD0008A8CD000896CE0008CACD0008EA
:10B16000ECCD00080ECE000830CE000852CE00080C
:10B1700074CE000848692066726F6D206D6F64752B
:10B180006C652025640D0A0048692066726F6D2089
:10B190006D6F64756C6520256420282573290D0A60
:10B1A0000000000010ED000860E9000878E90008E0
:10B1B00094E90008B0E90008CCE90008E8E90008D3
:10B1C00004EA000860E9000814ED0008E4EA000859
:10B1D000FCEA000818EB000834EB000850EB00080C
:10B1E0006CEB000888EB0008E4EA000818ED0008A2
:10B1F00042EC000884EC0008A0EC0008BCEC00085D
:10B20000D8EC000818ED0008F4EC000842EC000847
:10B21000C8ED0008D0ED000800EE000832EE00088E
:10B220005CEE000886EE0008B0EE0008DAEE0008DA
:10B23000D0ED00084CF000082AEF000858EF000895
:10B2400084EF0008ACEF0008D4EF0008FCEF000822
:10B2500024F000082AEF000862F6000848F1000810
:10B26000FAF10008AEF2000866F3000834F40008B2
:10B27000ECF40008A4F5000848F1000890F9000873
:10B2800006F8000826F8000848F800086EF80008DC
:10B29000B4F80008DAF8000800F9000806F8000819
:10B2A0001CFD0008C2FD00086CFE0008DAFE000864
:10B2B00098FF00082C000108A000010860010108A7
:10B2C00054FD0008081C3044586C800073746F7083
:10B2D0005F6D6F746F72000073746F705F6D6F7469
:10B2E0006F723A0D0A53746F707320746865206D25
:10B2F0006F746F722E0A0D00CCB20208D8B2020829
:10B300003D150108000000007365745F616E676C95
:10B31000650000007365745F616E676C653A0D0AC5
:10B3200053657473206D6F746F7220616E676C6506
:10B3300020616E64206475726174696F6E2E0D0AEF
:10B34000506172616D65746572733A0D0A3129201E
:10B35000416E676C653A20666C6F61740D0A322924
:10B36000204475726174696F6E3A20666C6F617407
:10B370000A0D000008B3020814B302088115010881
:10B38000020000007365745F7370656564000000FF
:10B390007365745F73706565643A0D0A5365747301
:10B3A000206D6F746F7220737065656420616E64C8
:10B3B000206475726174696F6E2E0D0A506172613E
:10B3C0006D65746572733A0D0A31292054696D6593
:10B3D0003A206D730D0A32292053706565643A2056
:10B3E000696E740A0D00000084B3020890B302086D
:10B3F0001D160108020000007365745F746F72719E
:10B40000756500007365745F746F727175653A0DD0
:10B410000A53657473206D6F746F7220746F72714C
:10B42000756520616E64206475726174696F6E2E3B
:10B430000D0A506172616D65746572733A0D0A315F
:10B44000292054696D653A206D730D0A3229205404
:10B450006F727175653A20696E740A0D0000000004
:10B46000F8B3020804B40208B5160108020000008F
:10B470007C090108840901088C0901089409010864
:10B480009C090108F2090108FA090108020A0108E9
:10B490000A0A0108120A01084D6F746F7220737452
:10B4A0006F707065642E0A0D000000004661696CC3
:10B4B000656420746F2073746F70206D6F746F7289
:10B4C0002E0A0D00506F736974696F6E3A20252E35
:10B4D0003266204475726174696F6E3A20252E328F
:10B4E000660A0D004572726F722073657474696E1E
:10B4F0006720706F736974696F6E2E0A0D0000000B
:10B5000053706565643A2025642054696D653A205E
:10B5100025646D730A0D00004572726F72207365A9
:10B520007474696E672073706565642E0A0D00007F
:10B53000546F727175653A2025642054696D653ABF
:10B540002025646D730A0D004572726F7220736559
:10B550007474696E6720746F727175652E0A0D00C0
:10B56000081C3044586C80005265737461727469B1
:10B570006E672E2E2E0D0A00486172644661756C4E
:10B5800074204572726F720D0A000000537461637B
:10B590006B204F766572666C6F770D0A00000000B5
:10B5A000486561702073697A6520657863656564B4
:10B5B00065640D0A00000000081C3044586C8000CF
:10B5C0004A756C20313420323032350031343A3112
:10B5D000373A323500000000081C3044586C8000B7
:10B5E000000000000000000000000000000000005B
:10B5F000000000000000000000000000000000004B
:10B600000100000002000000030000000400000030
:10B61000060000000700000008000000090000000C
:10B62000000000000000000000000000000000001A
:10B630000100000002000000030000000400000000
:10B64000081C3044586C800068656C700000000075
:10B650000D0A68656C703A0D0A204C69737473208A
:10B66000616C6C20746865207265676973746572BB
:10B67000656420636F6D6D616E64732E2054797004
:10B6800065202768656C7020706172616D7327207A
:10B69000746F206C69737420617661696C61626C8F
:10B6A0006520706172616D657465727320616E648E
:10B6B00020746865697220706F737369626C6520AD
:10B6C00076616C7565730D0A0D0A000048B60208B4
:10B6D00050B60208E5890108FF000000496E636F5B
:10B6E000727265637420636F6D6D616E642070614A
:10B6F00072616D657465722873292E2020456E7401
:10B700006572202268656C702220746F20766965EE
:10B71000772061206C697374206F6620617661699F
:10B720006C61626C6520636F6D6D616E64732E0D6C
:10B730000A0D0A00436F6D6D616E64206E6F742098
:10B740007265636F676E697365642E2020456E7441
:10B750006572202268656C702220746F207669659E
:10B76000772061206C697374206F6620617661694F
:10B770006C61626C6520636F6D6D616E64732E0D1C
:10B780000A0D0A00706172616D73000049444C45F6
:10B79000000000000925630925750925750925752F
:10B7A0000D0A0000E8AE0108F2AE0108FCAE010887
:10B7B00006AF010810AF010809257509092575258F
:10B7C000250D0A0009257509093C3125250D0A00BA
:10B7D0001AB20108DCB10108EAB10108F6B10108AA
:10B7E000FEB1010822B30108E4B20108F2B2010877
:10B7F000FEB2010806B30108546D7220537663004F
:10B8000074B9010874B9010874B90108D8B90108FC
:10B81000ECB901081CBA010874B9010874B901082F
:10B82000D8B90108ECB90108546D7251000000004C
:10B83000081C3044586C800001000200040006001F
:10B8400008000A000C0010002000400080000001E9
:10B85000081C3044586C80000101010307010000FE
:10B860000804020408010101220D0008520C00081E
:10B870006A0C0008880C00086A0C0008CC0C000850
:10B880006A0C0008880C0008520C0008520C0008D2
:10B89000CC0C0008880C0008720C0008720C000820
:10B8A000720C0008D60C0008520C0008520C00085C
:10B8B0006A0C0008600D00086A0C0008CC0C000837
:10B8C0006A0C0008600D0008520C0008520C0008B9
:10B8D000CC0C0008600D0008720C0008720C000807
:10B8E000720C0008101A0008021A0008E01900087B
:10B8F0000C1A0008E0190008F61C0008E0190008FE
:10B900000C1A0008021A0008021A0008F61C0008A7
:10B910000C1A0008C8190008C8190008C81900083E
:10B92000681D00082E00000034000000CEFBFFFF61
:10B93000CB03000001000000000000003500000003
:10B94000CEFBFFFFCB030000010000000000000061
:10B95000BC89D897B2D29C3C33A7A8D523F64939E5
:10B960003DA7F444FD0FA5329D978CCF08BA5B2507
:10B97000436FAC642806681100202020202020207E
:10B98000202028282828282020202020202020208F
:10B99000202020202020202020881010101010109F
:10B9A00010101010101010101004040404040404EB
:10B9B0000404041010101010101041414141414185
:10B9C0000101010101010101010101010101010167
:10B9D0000101010110101010101042424242424277
:10B9E0000202020202020202020202020202020237
:10B9F00002020202101010102000000000000000DF
:10BA00000000000000000000000000000000000036
:10BA10000000000000000000000000000000000026
:10BA20000000000000000000000000000000000016
:10BA30000000000000000000000000000000000006
:10BA400000000000000000000000000000000000F6
:10BA500000000000000000000000000000000000E6
:10BA600000000000000000000000000000000000D6
:10BA70000000000000000000004300504F534958F0
:10BA80000042616C6C6F6320737563636565646508
:10BA900064002F6275696C642F676E752D746F6F0B
:10BAA0006C732D666F722D73746D33325F31322E6D
:10BAB000332E72656C312E32303234303932362DBD
:10BAC000313731352F7372632F6E65776C69622F52
:10BAD0006E65776C69622F6C6962632F7374646C36
:10BAE00069622F6764746F612D6765746865782E6D
:10BAF00063002F6275696C642F676E752D746F6FAC
:10BB00006C732D666F722D73746D33325F31322E0C
:10BB1000332E72656C312E32303234303932362D5C
:10BB2000313731352F7372632F6E65776C69622FF1
:10BB30006E65776C69622F6C6962632F7374646CD5
:10BB400069622F6D707265632E630000050000004E
:10BB5000190000007D0000000080E03779C34143F8
:10BB6000176E05B5B5B89346F5F93FE9034F384D63
:10BB7000321D30F94877825A3CBF737FDD4F15750F
:10BB8000000000000000F03F000000000000244022
:10BB900000000000000059400000000000408F40FD
:10BBA000000000000088C34000000000006AF84068
:10BBB0000000000080842E4100000000D01263418C
:10BBC0000000000084D797410000000065CDCD4102
:10BBD000000000205FA00242000000E876483742E3
:10BBE000000000A2941A6D42000040E59C30A24281
:10BBF0000000901EC4BCD64200003426F56B0C43F6
:10BC00000080E03779C3414300A0D885573476439C
:10BC100000C84E676DC1AB43003D9160E458E143FD
:10BC2000408CB5781DAF154450EFE2D6E41A4B4472
:10BC300092D54D06CFF08044F64AE1C7022DB544B7
:10BC4000B49DD9794378EA44494E4600696E66004E
:10BC50004E414E006E616E0030313233343536372E
:10BC600038396162636465660030313233343536A9
:10BC70003738394142434445460030003030303097
:10BC800030303030303030303030303020202020F4
:10BC90002020202020202020202020202C206675FD
:10BCA0006E6374696F6E3A200061737365727469B4
:10BCB0006F6E2022257322206661696C65643A20CC
:10BCC00066696C6520222573222C206C696E6520C4
:10BCD0002564257325730A00496E66696E69747957
:10BCE000004E614E002F6275696C642F676E752D72
:10BCF000746F6F6C732D666F722D73746D33325F5A
:10BD000031322E332E72656C312E3230323430396E
:10BD100032362D313731352F7372632F6E65776C64
:10BD200069622F6E65776C69622F6C6962632F732D
:10BD300074646C69622F64746F612E6300303030FC
:10BD40003030303030303030303030303020202023
:10BD50002020202020202020202020202000000043
:08BD60004849FD7F01000000CD
:08BD6800A53C0208E9000008F7
:04BD7000C100000806
:10BD74001089020818890208208902082C890208FF
:10BD840038890208408902084C890208548902084B
:10BD9400588902085C8902086089020864890208DB
:10BDA400688902086C89020870890208748902088B
:10BDB400788902087C89020880890208848902083B
:10BDC400B0890208DC890208B08A0208DC8A020809
:10BDD400088B0208308B0208588B0208408C02083A
:10BDE400748C0208788D0208FF002B00010100000A
:10BDF4001E00320005FA000000100E0000180000BA
:10BE0400000000000000000000000000D4900208C0
:10BE1400689302086C930208C8A60208DCA602080C
:10BE2400F8A6020818A7020828A7020858A70208BB
:10BE3400C4A7020828A8020840A8020880A802088B
:10BE4400B4A80208F4A8020818A9020844A9020820
:10BE540060A9020840A8020880A80208B4A8020841
:10BE640080A90208B4A90208DCA90208F0A9020802
:10BE740020AA0208D4AA020818A70208E8AA0208FD
:10BE8400F0AA02080CAB0208D4AA020820AB0208EC
:10BE940040AB020868AB020818A70208A8AB020866
:10BEA400D0AB0208FCAB020814AC020828AC0208B0
:10BEB40050AC020860AC020874AC02088CAC0208F6
:10BEC400ACAC0208E4AC0208F0AC020804AD020811
:10BED4001CAD020830AD020840AD020848AD0208AE
:10BEE40054AD02080CAE020844AE020868AE020863
:10BEF40044AE0208A0AE020844AE0208D8AE02085E
:10BF0400FCAE02080CAF020824AF0208FCAE020823
:10BF140044AF020860AF02087CAF020890AF020889
:10BF2400E4AF0208FCAE020800B0020814B0020834
:10BF34000100000068B502080024F400200000009D
:10BF4400CCB6020800000000D0010020AAAAAAAAC8
:10BF54000400000001000000FFFFFFFF00000200DA
:10BF64000000000000000000F0010020F0010020AB
:10BF7400F8010020F8010020000200200002002047
:10BF840008020020080200201002002010020020F5
:10BF940018020020180200202002002020020020A5
:10BFA4002802002028020020300200203002002055
:10BFB4003802002038020020400200204002002005
:10BFC40048020020480200205002002050020020B5
:10BFD4005802002058020020600200206002002065
:10BFE4006802002068020020700200207002002015
:10BFF40078020020780200208002002080020020C5
:10C004008802002088020020900200209002002074
:10C014009802002098020020A0020020A002002024
:10C02400A8020020A8020020B0020020B0020020D4
:10C03400B8020020B8020020C0020020C002002084
:10C04400C8020020C8020020D0020020D002002034
:10C05400D8020020D8020020E0020020E0020020E4
:10C06400E8020020E8020020F0020020F002002094
:10C07400F8020020F8020020000300200003002042
:10C0840008030020080300201003002010030020F0
:10C0940018030020180300202003002020030020A0
:10C0A4002803002028030020300300203003002050
:10C0B4003803002038030020400300204003002000
:10C0C40048030020480300205003002050030020B0
:10C0D4005803002058030020600300206003002060
:10C0E4006803002068030020700300207003002010
:10C0F40078030020780300208003002080030020C0
:10C10400880300208803002090030020900300206F
:10C114009803002098030020A0030020A00300201F
:10C12400A8030020A8030020B0030020B0030020CF
:10C13400B8030020B8030020C0030020C00300207F
:10C14400C8030020C8030020D0030020D00300202F
:10C15400D8030020D8030020E0030020E0030020DF
:10C16400E8030020E8030020F0030020F00300208F
:10C17400F8030020F803002000040020000400203D
:10C1840008040020080400201004002010040020EB
:10C19400180400201804002020040020200400209B
:10C1A400280400202804002030040020300400204B
:10C1B40038040020380400204004002040040020FB
:10C1C40048040020480400205004002050040020AB
:10C1D400580400205804002060040020600400205B
:10C1E400680400206804002070040020700400200B
:10C1F40078040020780400208004002080040020BB
:10C20400880400208804002090040020900400206A
:10C214009804002098040020A0040020A00400201A
:10C22400A8040020A8040020B0040020B0040020CA
:10C23400B8040020B8040020C0040020C00400207A
:10C24400C8040020C8040020D0040020D00400202A
:10C25400D8040020D8040020E0040020E0040020DA
:10C26400E8040020E8040020F0040020F00400208A
:10C27400F8040020F8040020000500200005002038
:10C2840008050020080500201005002010050020E6
:10C294001805002018050020200500202005002096
:10C2A4002805002028050020300500203005002046
:10C2B40038050020380500204005002040050020F6
:10C2C40048050020480500205005002050050020A6
:10C2D4005805002058050020600500206005002056
:10C2E4006805002068050020700500207005002006
:10C2F40078050020780500208005002080050020B6
:10C304008805002088050020900500209005002065
:10C314009805002098050020A0050020A005002015
:10C32400A8050020A8050020B0050020B0050020C5
:10C33400B8050020B8050020C0050020C005002075
:10C34400C8050020C8050020D0050020D005002025
:10C35400D8050020D8050020E0050020E0050020D5
:10C36400E8050020E80500200000000003000000AC
:10C3740024900120430000000000000000000000A1
:10C3840000000000000000000000000000000000A9
:10C394000000000043000000000000000000000056
:10C3A4000000000000000000000000000000000089
:10C3B4000000000043000000000000000000000036
:10C3C4000000000000000000000000000000000069
:10C3D4000000000043000000000000000000000016
:10C3E4000000000000000000000000000000000049
:10C3F40000000000430000000000000000000000F6
:10C404000000000000000000000000000000000028
:10C4140000000000430000000000000000000000D5
:10C424000000000000000000000000000000000008
:10C4340000000000430000000000000000000000B5
:10C4440000000000000000000000000000000000E8
:10C4540000000000A94E02089145020800000000F7
:10C4640078B9020824B90208D7BC0208D7BC02086C
:10C47400D7BC0208D7BC0208D7BC0208D7BC020844
:10C48400D7BC0208D7BC0208D7BC0208FFFFFFFFD5
:10C49400FFFFFFFFFFFFFFFFFFFF0000010041530D
:10C4A40043494900000000000000000000000000B3
:10C4B40000000000000000000000000000004153E4
:10C4C4004349490000000000000000000000000093
:10C4D4000000000000000000000000000000000058
:10C4E40078070020000000000000000024900120D4
:10C4F4008C900120F4900120000000000000000056
:10C504000000000000000000000000000000000027
:10C514000000000000000000000000000000000017
:10C524000000000000000000000000000000000007
:10C5340000000000000000000000000000000000F7
:10C5440000000000000000000000000000000000E7
:10C5540000000000000000000000000000000000D7
:10C5640000000000000000000000000000000000C7
:10C5740000000000000000000000000000000000B7
:10C5840001000000000000000E33CDAB34126DE654
:10C59400ECDE05000B0000000000000000000000BD
:10C5A4000000000000000000000000000000000087
:10C5B4000000000000000000000000000000000077
:10C5C4000000000000000000000000000000000067
:10C5D4000000000000000000000000000000000057
:10C5E4000000000000000000000000000000000047
:10C5F4000000000000000000000000000000000037
:10C6040000000000000000006591012080B588B0A2
:10C6140000AF786039601F23FB1800221A707B6812
:10C62400BB613B687B611A4B5A69194B8021C90273
:10C634000A435A61EFF31083FB60FB683B6172B6F7
:10C64400C0460FE07A69BB6912681A607B690433DB
:10C654007B61BB690433BB611F217B181A787B188B
:10C6640001321A701F23FB181B783F2BEAD9C046EE
:10C67400074B1A69C0239B021340F9D13B69BB6085
:10C68400BB6883F31088C046C046BD4608B080BD71
:04C694000020024040
:0400000508014CF1B1
:00000001FF
